session_id,user_id,workflow_type,task_id,duration_s,app_switches_per_min,backtrack_rate,repeated_action_ratio,correction_rate,hesitation_ms_p50,idle_ratio,navigation_efficiency,action_sequence_entropy,workflow_repeat_count,predictable_sequence_score,completion_success,friction_score,focus_score,automation_potential,model_confidence,behavior_label,data_origin
syn_00001,bootstrap_user_01,coding_debugging,coding_debugging_001,1575.4,1.52,0.0,0.0633,0.4422,675.7,0.0625,0.7907,0.8465,3,0.3789,False,0.3277,0.7649,0.3388,0.6306,moderate_friction,synthetic_bootstrap
syn_00002,bootstrap_user_02,support_lookup,support_lookup_002,332.6,5.703,0.0864,0.7181,0.0953,80.0,0.0,0.5582,0.4184,7,0.8084,True,0.2451,0.6908,0.6273,0.8794,focused_or_low_friction,synthetic_bootstrap
syn_00003,bootstrap_user_03,research_browsing,research_browsing_003,981.9,3.031,0.076,0.2928,0.0659,1096.9,0.1084,0.7034,0.7957,2,0.2299,True,0.3134,0.6146,0.3313,0.577,moderate_friction,synthetic_bootstrap
syn_00004,bootstrap_user_04,coding_debugging,coding_debugging_004,825.5,4.27,0.2701,0.3945,0.2804,847.4,0.0339,0.5608,0.7411,5,0.4511,True,0.386,0.6622,0.4709,0.7063,moderate_friction,synthetic_bootstrap
syn_00005,bootstrap_user_05,deep_work,deep_work_005,2995.1,0.582,0.0417,0.0532,0.2066,597.5,0.0666,0.9199,0.7488,3,0.1643,True,0.2257,0.7485,0.2893,0.5887,focused_or_low_friction,synthetic_bootstrap
syn_00006,bootstrap_user_06,research_browsing,research_browsing_006,1214.8,3.814,0.4324,0.1517,0.0789,676.1,0.1594,0.512,0.7495,3,0.3454,True,0.3857,0.4516,0.3212,0.6339,moderate_friction,synthetic_bootstrap
syn_00007,bootstrap_user_07,coding_debugging,coding_debugging_007,1775.6,2.562,0.1962,0.223,0.3013,971.3,0.0321,0.5175,0.7473,2,0.5001,True,0.4338,0.6997,0.4018,0.6503,moderate_friction,synthetic_bootstrap
syn_00008,bootstrap_user_08,coding_debugging,coding_debugging_008,1162.6,2.114,0.1882,0.2328,0.426,749.1,0.0555,0.5559,0.7401,2,0.4879,True,0.387,0.7048,0.4179,0.6482,moderate_friction,synthetic_bootstrap
syn_00009,bootstrap_user_09,deep_work,deep_work_009,1332.9,0.393,0.0762,0.1139,0.0331,370.5,0.061,0.7663,0.6484,3,0.3739,True,0.1436,0.7764,0.3199,0.6532,focused_or_low_friction,synthetic_bootstrap
syn_00010,bootstrap_user_10,support_lookup,support_lookup_010,285.6,4.822,0.3461,0.5101,0.153,557.4,0.0129,0.7371,0.4994,4,0.7891,True,0.293,0.7155,0.4882,0.7973,focused_or_low_friction,synthetic_bootstrap
syn_00011,bootstrap_user_11,repetitive_admin,repetitive_admin_011,253.7,3.429,0.0887,0.6635,0.1096,229.0,0.0228,0.7539,0.3769,13,0.8068,True,0.1479,0.8094,0.6224,0.9065,focused_or_low_friction,synthetic_bootstrap
syn_00012,bootstrap_user_12,research_browsing,research_browsing_012,2014.2,2.278,0.4012,0.2273,0.0492,535.1,0.1491,0.7063,0.7943,2,0.391,True,0.3383,0.5602,0.3509,0.6174,moderate_friction,synthetic_bootstrap
syn_00013,bootstrap_user_01,coding_debugging,coding_debugging_013,1647.0,3.654,0.3657,0.2687,0.3749,606.6,0.0923,0.5193,0.5951,3,0.446,True,0.461,0.5986,0.4456,0.6776,high_friction,synthetic_bootstrap
syn_00014,bootstrap_user_02,research_browsing,research_browsing_014,1328.7,3.454,0.1546,0.2096,0.1334,502.7,0.1126,0.5052,0.7579,1,0.4519,True,0.3432,0.6153,0.354,0.6145,moderate_friction,synthetic_bootstrap
syn_00015,bootstrap_user_03,support_lookup,support_lookup_015,563.2,4.027,0.2004,0.5683,0.1286,670.4,0.0566,0.8377,0.3863,7,0.6991,True,0.3295,0.7129,0.5599,0.8559,moderate_friction,synthetic_bootstrap
syn_00016,bootstrap_user_04,repetitive_admin,repetitive_admin_016,820.8,2.937,0.0326,0.6362,0.0779,451.1,0.0666,0.8009,0.2155,9,0.7899,True,0.2287,0.759,0.7098,0.9216,automation_candidate,synthetic_bootstrap
syn_00017,bootstrap_user_05,support_lookup,support_lookup_017,328.9,5.472,0.1831,0.721,0.0219,675.4,0.0653,0.7227,0.4018,4,0.6402,True,0.3369,0.6695,0.4983,0.7718,moderate_friction,synthetic_bootstrap
syn_00018,bootstrap_user_06,deep_work,deep_work_018,1309.5,0.475,0.0621,0.041,0.0189,302.1,0.0835,0.7256,0.6684,3,0.1938,True,0.1685,0.741,0.246,0.6057,focused_or_low_friction,synthetic_bootstrap
syn_00019,bootstrap_user_07,research_browsing,research_browsing_019,1931.7,2.663,0.3194,0.2143,0.0829,755.5,0.126,0.7025,0.7561,2,0.2926,True,0.3507,0.6226,0.3407,0.5974,moderate_friction,synthetic_bootstrap
syn_00020,bootstrap_user_08,coding_debugging,coding_debugging_020,507.4,3.287,0.5258,0.3402,0.4427,802.2,0.0169,0.4071,0.7455,2,0.292,True,0.4421,0.5877,0.3211,0.5985,high_friction,synthetic_bootstrap
syn_00021,bootstrap_user_09,coding_debugging,coding_debugging_021,1779.4,1.232,0.3757,0.1915,0.3546,1065.3,0.1371,0.71,0.6048,4,0.3006,True,0.4512,0.6584,0.3777,0.6626,high_friction,synthetic_bootstrap
syn_00022,bootstrap_user_10,repetitive_admin,repetitive_admin_022,293.4,1.85,0.1723,0.7423,0.126,374.2,0.0078,0.827,0.243,9,0.8082,True,0.1315,0.8482,0.6301,0.9229,focused_or_low_friction,synthetic_bootstrap
syn_00023,bootstrap_user_11,research_browsing,research_browsing_023,803.9,3.364,0.3651,0.1408,0.1198,80.0,0.1081,0.5424,0.7345,3,0.2609,True,0.2779,0.5315,0.2875,0.6146,focused_or_low_friction,synthetic_bootstrap
syn_00024,bootstrap_user_12,research_browsing,research_browsing_024,1830.5,0.679,0.151,0.148,0.1872,819.1,0.0821,0.7365,0.7408,3,0.1369,True,0.299,0.7058,0.2755,0.5828,focused_or_low_friction,synthetic_bootstrap
syn_00025,bootstrap_user_01,coding_debugging,coding_debugging_025,1224.8,1.755,0.3409,0.1817,0.362,895.0,0.097,0.5614,0.7352,3,0.7087,False,0.4305,0.6926,0.4497,0.7264,moderate_friction,synthetic_bootstrap
syn_00026,bootstrap_user_02,repetitive_admin,repetitive_admin_026,492.7,3.904,0.0595,0.6667,0.0598,464.2,0.0448,0.7524,0.3887,11,0.8471,True,0.2662,0.7552,0.6406,0.9151,focused_or_low_friction,synthetic_bootstrap
syn_00027,bootstrap_user_03,support_lookup,support_lookup_027,228.7,4.499,0.2423,0.7383,0.1242,625.3,0.0619,0.5926,0.3313,7,0.7865,True,0.2993,0.6676,0.5946,0.8844,focused_or_low_friction,synthetic_bootstrap
syn_00028,bootstrap_user_04,deep_work,deep_work_028,1676.6,1.02,0.0261,0.0198,0.0726,587.5,0.1475,0.8826,0.5332,1,0.3808,True,0.1962,0.7064,0.2872,0.6237,focused_or_low_friction,synthetic_bootstrap
syn_00029,bootstrap_user_05,deep_work,deep_work_029,2010.2,1.172,0.0397,0.1224,0.0,338.1,0.059,0.7384,0.6966,1,0.0789,True,0.1476,0.7642,0.1969,0.5286,focused_or_low_friction,synthetic_bootstrap
syn_00030,bootstrap_user_06,coding_debugging,coding_debugging_030,1113.5,1.945,0.3133,0.2525,0.2745,380.6,0.0261,0.5458,0.7192,2,0.5075,True,0.2871,0.6914,0.3988,0.6556,focused_or_low_friction,synthetic_bootstrap
syn_00031,bootstrap_user_07,coding_debugging,coding_debugging_031,1246.2,3.891,0.2064,0.2327,0.3426,773.9,0.075,0.4396,0.6689,1,0.1783,True,0.3876,0.6079,0.3434,0.5568,moderate_friction,synthetic_bootstrap
syn_00032,bootstrap_user_08,research_browsing,research_browsing_032,898.1,2.714,0.0528,0.1405,0.1199,831.5,0.0743,0.7062,0.6787,0,0.3852,True,0.246,0.7261,0.3219,0.5848,focused_or_low_friction,synthetic_bootstrap
syn_00033,bootstrap_user_09,repetitive_admin,repetitive_admin_033,413.9,1.005,0.0,0.7355,0.0657,236.2,0.052,0.7504,0.3744,9,0.9583,True,0.1374,0.8421,0.6291,0.9446,focused_or_low_friction,synthetic_bootstrap
syn_00034,bootstrap_user_10,repetitive_admin,repetitive_admin_034,842.2,3.575,0.1428,0.783,0.1551,483.0,0.0018,0.8663,0.2459,8,0.7577,True,0.2554,0.8252,0.7024,0.9099,automation_candidate,synthetic_bootstrap
syn_00035,bootstrap_user_11,support_lookup,support_lookup_035,452.5,6.679,0.1837,0.6283,0.0913,719.1,0.0501,0.6179,0.4676,5,0.7862,True,0.4288,0.6473,0.6033,0.8229,moderate_friction,synthetic_bootstrap
syn_00036,bootstrap_user_12,repetitive_admin,repetitive_admin_036,639.3,2.354,0.1342,0.6068,0.0709,480.4,0.0531,0.6129,0.1485,2,0.8993,False,0.2998,0.7391,0.6033,0.822,focused_or_low_friction,synthetic_bootstrap
syn_00037,bootstrap_user_01,deep_work,deep_work_037,2268.2,0.105,0.0648,0.2376,0.1175,214.4,0.1044,0.649,0.6577,3,0.3522,True,0.2197,0.7462,0.3801,0.6466,focused_or_low_friction,synthetic_bootstrap
syn_00038,bootstrap_user_02,support_lookup,support_lookup_038,347.4,5.598,0.2386,0.6545,0.1145,477.3,0.0236,0.5645,0.329,7,0.9341,True,0.3686,0.6907,0.6351,0.9215,moderate_friction,synthetic_bootstrap
syn_00039,bootstrap_user_03,repetitive_admin,repetitive_admin_039,509.2,2.956,0.1993,0.7963,0.0324,401.0,0.0994,0.7237,0.3248,10,0.7771,True,0.2202,0.6892,0.706,0.9053,automation_candidate,synthetic_bootstrap
syn_00040,bootstrap_user_04,coding_debugging,coding_debugging_040,1260.5,1.926,0.3291,0.234,0.3013,950.8,0.0636,0.6144,0.6888,0,0.2911,True,0.395,0.6498,0.2763,0.5601,moderate_friction,synthetic_bootstrap
syn_00041,bootstrap_user_05,support_lookup,support_lookup_041,248.8,6.173,0.1651,0.7899,0.1276,604.8,0.0199,0.7538,0.3232,9,0.7086,True,0.3019,0.6968,0.658,0.8884,moderate_friction,synthetic_bootstrap
syn_00042,bootstrap_user_06,research_browsing,research_browsing_042,1216.8,2.286,0.3645,0.2639,0.062,775.1,0.0729,0.4378,0.8827,0,0.4112,True,0.3565,0.6009,0.3369,0.5669,moderate_friction,synthetic_bootstrap
syn_00043,bootstrap_user_07,coding_debugging,coding_debugging_043,728.1,2.846,0.2925,0.1144,0.283,1139.1,0.1838,0.6889,0.601,3,0.5391,True,0.4058,0.5721,0.3729,0.7002,moderate_friction,synthetic_bootstrap
syn_00044,bootstrap_user_08,repetitive_admin,repetitive_admin_044,328.7,1.302,0.1404,0.7423,0.1023,206.1,0.0694,0.9249,0.2878,8,0.8847,True,0.1045,0.8288,0.6038,0.9366,focused_or_low_friction,synthetic_bootstrap
syn_00045,bootstrap_user_09,research_browsing,research_browsing_045,1076.5,2.945,0.3413,0.3241,0.1224,567.1,0.2346,0.5287,0.7543,0,0.4675,True,0.4342,0.4278,0.4068,0.5964,moderate_friction,synthetic_bootstrap
syn_00046,bootstrap_user_10,coding_debugging,coding_debugging_046,1131.6,2.925,0.0987,0.3868,0.3787,769.9,0.1323,0.5258,0.6621,2,0.1606,True,0.4065,0.5815,0.3798,0.5757,moderate_friction,synthetic_bootstrap
syn_00047,bootstrap_user_11,repetitive_admin,repetitive_admin_047,380.2,3.528,0.0823,0.614,0.1221,371.7,0.1107,0.7442,0.1874,13,0.9105,True,0.2513,0.6992,0.6931,0.9551,automation_candidate,synthetic_bootstrap
syn_00048,bootstrap_user_12,repetitive_admin,repetitive_admin_048,394.3,1.909,0.1042,0.8804,0.0895,205.0,0.0033,0.8898,0.271,5,0.8381,True,0.1662,0.8645,0.6534,0.8595,focused_or_low_friction,synthetic_bootstrap
syn_00049,bootstrap_user_01,coding_debugging,coding_debugging_049,1123.2,3.487,0.3082,0.3253,0.3719,942.1,0.1174,0.5844,0.9115,1,0.4206,True,0.4517,0.536,0.391,0.5883,high_friction,synthetic_bootstrap
syn_00050,bootstrap_user_02,deep_work,deep_work_050,1715.6,0.088,0.0805,0.062,0.0033,474.6,0.0995,0.8621,0.7367,0,0.1867,True,0.1308,0.7689,0.1915,0.5283,focused_or_low_friction,synthetic_bootstrap
syn_00051,bootstrap_user_03,repetitive_admin,repetitive_admin_051,432.0,2.567,0.1537,0.7364,0.0621,243.5,0.058,0.6309,0.3227,19,0.968,True,0.2134,0.7025,0.69,0.9533,automation_candidate,synthetic_bootstrap
syn_00052,bootstrap_user_04,deep_work,deep_work_052,2441.4,0.445,0.045,0.1367,0.0369,229.2,0.078,0.7487,0.6059,1,0.4127,True,0.1652,0.7829,0.3046,0.623,focused_or_low_friction,synthetic_bootstrap
syn_00053,bootstrap_user_05,coding_debugging,coding_debugging_053,974.8,2.623,0.3535,0.2253,0.3081,576.7,0.057,0.6946,0.7645,3,0.4593,True,0.3509,0.6827,0.4187,0.6606,moderate_friction,synthetic_bootstrap
syn_00054,bootstrap_user_06,coding_debugging,coding_debugging_054,1054.6,3.448,0.3051,0.3032,0.3282,844.2,0.0632,0.6871,1.0,2,0.4299,True,0.3804,0.6348,0.3677,0.6025,moderate_friction,synthetic_bootstrap
syn_00055,bootstrap_user_07,coding_debugging,coding_debugging_055,886.7,0.771,0.1967,0.0692,0.3632,1507.9,0.0817,0.4267,0.81,1,0.6019,True,0.3861,0.6496,0.3564,0.6458,moderate_friction,synthetic_bootstrap
syn_00056,bootstrap_user_08,coding_debugging,coding_debugging_056,997.7,1.753,0.2581,0.1128,0.3397,315.5,0.0778,0.6935,0.7503,3,0.4109,True,0.3102,0.689,0.3747,0.6502,moderate_friction,synthetic_bootstrap
syn_00057,bootstrap_user_09,support_lookup,support_lookup_057,335.0,3.773,0.0725,0.6746,0.1373,716.3,0.0319,0.5694,0.4106,6,0.6014,True,0.2654,0.6993,0.5663,0.8061,focused_or_low_friction,synthetic_bootstrap
syn_00058,bootstrap_user_10,support_lookup,support_lookup_058,442.5,2.841,0.1536,0.6255,0.1991,431.3,0.0457,0.8149,0.3188,9,0.6423,False,0.3028,0.7462,0.5651,0.8723,moderate_friction,synthetic_bootstrap
syn_00059,bootstrap_user_11,deep_work,deep_work_059,2219.6,0.778,0.064,0.0901,0.079,504.2,0.1193,0.61,0.5968,2,0.3381,True,0.2431,0.6898,0.2885,0.6279,focused_or_low_friction,synthetic_bootstrap
syn_00060,bootstrap_user_12,deep_work,deep_work_060,1677.2,1.317,0.0434,0.145,0.0992,730.9,0.068,0.8967,0.8032,1,0.3247,True,0.1946,0.771,0.2933,0.5773,focused_or_low_friction,synthetic_bootstrap
syn_00061,bootstrap_user_01,coding_debugging,coding_debugging_001,1205.9,1.187,0.1736,0.4543,0.2822,578.6,0.1716,0.641,0.7778,2,0.3754,True,0.2975,0.5986,0.4102,0.6155,focused_or_low_friction,synthetic_bootstrap
syn_00062,bootstrap_user_02,support_lookup,support_lookup_002,445.0,4.403,0.0,0.6078,0.247,675.9,0.0357,0.7191,0.2784,2,0.7552,True,0.2814,0.729,0.5292,0.7704,focused_or_low_friction,synthetic_bootstrap
syn_00063,bootstrap_user_03,support_lookup,support_lookup_003,219.2,4.774,0.0828,0.7128,0.0508,815.7,0.0085,0.5507,0.4059,11,0.8215,True,0.2855,0.689,0.6417,0.9067,focused_or_low_friction,synthetic_bootstrap
syn_00064,bootstrap_user_04,coding_debugging,coding_debugging_004,554.6,1.049,0.3242,0.1277,0.332,441.5,0.1148,0.5562,0.8607,3,0.593,True,0.3114,0.5954,0.3187,0.6825,moderate_friction,synthetic_bootstrap
syn_00065,bootstrap_user_05,coding_debugging,coding_debugging_005,982.1,1.547,0.1463,0.0986,0.066,505.3,0.1314,0.4342,0.5832,5,0.3309,True,0.2975,0.6377,0.3172,0.6952,focused_or_low_friction,synthetic_bootstrap
syn_00066,bootstrap_user_06,support_lookup,support_lookup_006,236.9,2.358,0.3757,0.4127,0.0576,332.7,0.0151,0.7953,0.6265,5,0.658,True,0.2264,0.742,0.3978,0.7718,focused_or_low_friction,synthetic_bootstrap
syn_00067,bootstrap_user_07,support_lookup,support_lookup_007,282.1,4.774,0.2058,0.5789,0.0549,639.8,0.0604,0.7488,0.4469,2,0.6466,True,0.272,0.6903,0.4618,0.723,focused_or_low_friction,synthetic_bootstrap
syn_00068,bootstrap_user_08,repetitive_admin,repetitive_admin_008,584.9,3.596,0.1325,0.864,0.0988,388.9,0.0944,0.7504,0.2496,5,0.9162,True,0.2676,0.7386,0.6297,0.8816,focused_or_low_friction,synthetic_bootstrap
syn_00069,bootstrap_user_09,deep_work,deep_work_009,1772.3,0.782,0.0437,0.3407,0.0867,376.6,0.081,0.6598,0.604,2,0.2745,True,0.2181,0.7699,0.3632,0.6112,focused_or_low_friction,synthetic_bootstrap
syn_00070,bootstrap_user_10,support_lookup,support_lookup_010,214.5,4.013,0.1157,0.4907,0.0578,408.8,0.029,0.5036,0.3841,7,0.9601,True,0.2555,0.7081,0.5564,0.9214,focused_or_low_friction,synthetic_bootstrap
syn_00071,bootstrap_user_11,repetitive_admin,repetitive_admin_011,531.7,3.975,0.1396,0.6893,0.0657,202.2,0.0258,0.684,0.1676,10,0.9557,True,0.2347,0.7475,0.712,0.9688,automation_candidate,synthetic_bootstrap
syn_00072,bootstrap_user_12,support_lookup,support_lookup_012,191.0,5.022,0.1257,0.7515,0.0977,403.1,0.0224,0.6853,0.4585,7,1.0,True,0.2334,0.6945,0.6516,0.9225,focused_or_low_friction,synthetic_bootstrap
syn_00073,bootstrap_user_01,research_browsing,research_browsing_013,931.0,4.283,0.2525,0.2005,0.1343,1029.0,0.1185,0.5664,0.9207,3,0.2615,True,0.3958,0.5304,0.306,0.5924,moderate_friction,synthetic_bootstrap
syn_00074,bootstrap_user_02,repetitive_admin,repetitive_admin_014,188.6,2.313,0.0621,0.6427,0.1054,358.0,0.0559,0.6298,0.2338,10,0.9076,True,0.1789,0.8175,0.6279,0.9488,focused_or_low_friction,synthetic_bootstrap
syn_00075,bootstrap_user_03,deep_work,deep_work_015,1453.4,0.722,0.0846,0.1379,0.0884,190.2,0.0415,0.8081,0.6635,1,0.3288,True,0.1529,0.7945,0.3012,0.5951,focused_or_low_friction,synthetic_bootstrap
syn_00076,bootstrap_user_04,repetitive_admin,repetitive_admin_016,338.8,3.772,0.1425,0.8239,0.1085,456.5,0.047,0.762,0.3864,5,0.8097,True,0.2361,0.7176,0.5995,0.8386,focused_or_low_friction,synthetic_bootstrap
syn_00077,bootstrap_user_05,repetitive_admin,repetitive_admin_017,405.9,0.985,0.1068,0.7011,0.0736,564.1,0.0135,0.6658,0.0188,6,0.8283,True,0.1996,0.9023,0.6009,0.9098,focused_or_low_friction,synthetic_bootstrap
syn_00078,bootstrap_user_06,coding_debugging,coding_debugging_018,933.2,3.124,0.2778,0.1582,0.1284,665.3,0.1377,0.8604,0.7262,1,0.2541,True,0.2571,0.6267,0.3217,0.5689,focused_or_low_friction,synthetic_bootstrap
syn_00079,bootstrap_user_07,support_lookup,support_lookup_019,303.6,4.036,0.2252,0.6422,0.0711,853.1,0.0494,0.7376,0.094,10,0.9369,True,0.3113,0.766,0.6616,0.9729,moderate_friction,synthetic_bootstrap
syn_00080,bootstrap_user_08,coding_debugging,coding_debugging_020,1346.2,1.472,0.213,0.3527,0.3975,596.3,0.0633,0.539,0.7933,1,0.4699,True,0.3587,0.6928,0.3841,0.6148,moderate_friction,synthetic_bootstrap
syn_00081,bootstrap_user_09,coding_debugging,coding_debugging_021,1003.8,1.32,0.3919,0.1633,0.335,761.5,0.0474,0.543,0.8583,3,0.2787,True,0.3646,0.7326,0.3289,0.6042,moderate_friction,synthetic_bootstrap
syn_00082,bootstrap_user_10,support_lookup,support_lookup_022,221.9,6.004,0.0327,0.6323,0.2097,499.1,0.008,0.6204,0.52,8,0.7061,True,0.2745,0.6844,0.6099,0.8641,focused_or_low_friction,synthetic_bootstrap
syn_00083,bootstrap_user_11,coding_debugging,coding_debugging_023,1573.6,2.61,0.1335,0.1072,0.3533,430.2,0.0887,0.6435,0.6062,1,0.4068,True,0.3679,0.6844,0.3419,0.6215,moderate_friction,synthetic_bootstrap
syn_00084,bootstrap_user_12,deep_work,deep_work_024,1426.9,0.318,0.0545,0.1828,0.1068,80.0,0.0486,0.9164,0.6879,0,0.6327,True,0.1128,0.8278,0.3403,0.6456,focused_or_low_friction,synthetic_bootstrap
syn_00085,bootstrap_user_01,deep_work,deep_work_025,1436.2,1.755,0.1302,0.2158,0.1188,269.4,0.1311,0.7525,0.7083,0,0.1051,True,0.1854,0.6195,0.2686,0.5113,focused_or_low_friction,synthetic_bootstrap
syn_00086,bootstrap_user_02,deep_work,deep_work_026,2860.0,1.425,0.0671,0.1507,0.1344,652.0,0.0663,0.8227,0.7101,2,0.334,True,0.2585,0.7782,0.3469,0.6133,focused_or_low_friction,synthetic_bootstrap
syn_00087,bootstrap_user_03,coding_debugging,coding_debugging_027,1314.8,3.747,0.2375,0.4023,0.3543,1630.5,0.0404,0.5342,0.7619,3,0.693,True,0.4859,0.6567,0.5234,0.7193,high_friction,synthetic_bootstrap
syn_00088,bootstrap_user_04,support_lookup,support_lookup_028,163.9,5.989,0.2783,0.6979,0.1202,560.7,0.0576,0.7241,0.3634,4,0.6851,False,0.3004,0.644,0.5323,0.7877,moderate_friction,synthetic_bootstrap
syn_00089,bootstrap_user_05,deep_work,deep_work_029,2050.4,0.518,0.1533,0.1286,0.0683,536.8,0.0065,0.7568,0.7781,0,0.4841,True,0.1901,0.8079,0.3237,0.5977,focused_or_low_friction,synthetic_bootstrap
syn_00090,bootstrap_user_06,support_lookup,support_lookup_030,213.3,5.341,0.1263,0.5579,0.07,581.7,0.0947,0.6416,0.2202,3,0.8295,True,0.2903,0.6419,0.5369,0.8184,focused_or_low_friction,synthetic_bootstrap
syn_00091,bootstrap_user_07,deep_work,deep_work_031,1680.3,0.63,0.0321,0.2627,0.0,593.6,0.0615,0.7872,0.8492,1,0.2684,True,0.1851,0.7449,0.2487,0.5577,focused_or_low_friction,synthetic_bootstrap
syn_00092,bootstrap_user_08,coding_debugging,coding_debugging_032,710.4,3.353,0.2882,0.2851,0.2739,608.5,0.1839,0.5893,0.6757,4,0.3189,False,0.358,0.5222,0.3864,0.6586,moderate_friction,synthetic_bootstrap
syn_00093,bootstrap_user_09,support_lookup,support_lookup_033,469.2,4.703,0.0,0.6624,0.1119,527.8,0.0674,0.6571,0.3542,8,0.7358,True,0.3955,0.676,0.6232,0.8914,moderate_friction,synthetic_bootstrap
syn_00094,bootstrap_user_10,repetitive_admin,repetitive_admin_034,195.7,3.316,0.064,0.6669,0.1218,441.4,0.0671,0.5806,0.4637,3,0.9823,True,0.2425,0.6745,0.5433,0.8274,focused_or_low_friction,synthetic_bootstrap
syn_00095,bootstrap_user_11,repetitive_admin,repetitive_admin_035,349.4,3.229,0.105,0.4754,0.1249,369.5,0.0355,0.6896,0.3158,4,0.6796,True,0.2218,0.758,0.4446,0.792,focused_or_low_friction,synthetic_bootstrap
syn_00096,bootstrap_user_12,coding_debugging,coding_debugging_036,1140.0,0.882,0.167,0.1649,0.3844,685.7,0.0776,0.825,0.7552,3,0.3682,True,0.2368,0.7566,0.3599,0.6389,focused_or_low_friction,synthetic_bootstrap
syn_00097,bootstrap_user_01,repetitive_admin,repetitive_admin_037,393.1,3.063,0.1642,0.5334,0.0564,232.3,0.1031,0.8188,0.0597,2,0.8494,True,0.1521,0.7948,0.5241,0.8202,focused_or_low_friction,synthetic_bootstrap
syn_00098,bootstrap_user_02,deep_work,deep_work_038,2037.4,0.489,0.1161,0.1196,0.0758,560.0,0.0148,0.9478,0.6982,3,0.2209,True,0.135,0.8502,0.2887,0.6089,focused_or_low_friction,synthetic_bootstrap
syn_00099,bootstrap_user_03,deep_work,deep_work_039,1567.8,0.344,0.0167,0.1461,0.0667,326.6,0.1419,0.8134,0.807,1,0.3794,True,0.1206,0.7248,0.2845,0.5905,focused_or_low_friction,synthetic_bootstrap
syn_00100,bootstrap_user_04,research_browsing,research_browsing_040,1723.2,2.173,0.2052,0.1107,0.1618,718.5,0.1284,0.743,0.8925,3,0.1294,True,0.3202,0.6274,0.2754,0.5627,moderate_friction,synthetic_bootstrap
syn_00101,bootstrap_user_05,research_browsing,research_browsing_041,654.7,2.792,0.0855,0.1757,0.0172,766.3,0.1289,0.809,0.8678,1,0.3982,True,0.2221,0.6307,0.2267,0.5879,focused_or_low_friction,synthetic_bootstrap
syn_00102,bootstrap_user_06,coding_debugging,coding_debugging_042,1083.3,1.282,0.2911,0.1322,0.3424,785.0,0.17,0.6107,0.6431,2,0.2318,True,0.3861,0.6504,0.2904,0.5958,moderate_friction,synthetic_bootstrap
syn_00103,bootstrap_user_07,repetitive_admin,repetitive_admin_043,379.8,2.624,0.1327,0.7658,0.0779,521.2,0.0315,0.8288,0.3338,8,0.8348,True,0.1757,0.8077,0.6154,0.9186,focused_or_low_friction,synthetic_bootstrap
syn_00104,bootstrap_user_08,research_browsing,research_browsing_044,2242.8,3.976,0.1589,0.221,0.1129,536.3,0.1479,0.6267,0.8173,2,0.3517,True,0.3936,0.5269,0.3961,0.6049,moderate_friction,synthetic_bootstrap
syn_00105,bootstrap_user_09,coding_debugging,coding_debugging_045,627.3,2.585,0.2448,0.416,0.2097,588.8,0.0515,0.6456,0.5827,2,0.1187,True,0.2571,0.671,0.3497,0.5747,focused_or_low_friction,synthetic_bootstrap
syn_00106,bootstrap_user_10,coding_debugging,coding_debugging_046,511.5,2.917,0.2029,0.4002,0.375,517.9,0.0541,0.6766,0.6938,2,0.5981,True,0.2922,0.7017,0.4319,0.6813,focused_or_low_friction,synthetic_bootstrap
syn_00107,bootstrap_user_11,support_lookup,support_lookup_047,244.0,3.953,0.0409,0.4827,0.1259,495.2,0.0622,0.7639,0.2294,6,0.8089,True,0.2598,0.7676,0.5399,0.8797,focused_or_low_friction,synthetic_bootstrap
syn_00108,bootstrap_user_12,repetitive_admin,repetitive_admin_048,689.1,1.701,0.1195,0.764,0.0434,419.1,0.0168,0.8022,0.3858,9,0.7118,True,0.2407,0.8307,0.5835,0.8817,focused_or_low_friction,synthetic_bootstrap
syn_00109,bootstrap_user_01,deep_work,deep_work_049,2421.4,0.861,0.039,0.2296,0.0561,326.1,0.0943,0.9625,0.8424,2,0.4055,True,0.1432,0.7602,0.3128,0.6153,focused_or_low_friction,synthetic_bootstrap
syn_00110,bootstrap_user_02,research_browsing,research_browsing_050,1509.2,2.75,0.2651,0.1894,0.0,689.4,0.1421,0.6335,0.7918,4,0.3374,True,0.3638,0.5797,0.3333,0.6493,moderate_friction,synthetic_bootstrap
syn_00111,bootstrap_user_03,support_lookup,support_lookup_051,45.0,3.727,0.2409,0.5741,0.1501,546.8,0.0986,0.6305,0.4114,8,0.9402,True,0.2691,0.6639,0.6089,0.9357,focused_or_low_friction,synthetic_bootstrap
syn_00112,bootstrap_user_04,repetitive_admin,repetitive_admin_052,456.0,2.907,0.1654,0.8242,0.0656,422.9,0.0854,0.9101,0.3543,8,0.8557,True,0.2119,0.7534,0.6384,0.9214,focused_or_low_friction,synthetic_bootstrap
syn_00113,bootstrap_user_05,repetitive_admin,repetitive_admin_053,614.6,2.06,0.0941,0.7317,0.1596,325.1,0.03,0.6904,0.4459,0,0.7798,True,0.2615,0.7591,0.5167,0.7114,focused_or_low_friction,synthetic_bootstrap
syn_00114,bootstrap_user_06,support_lookup,support_lookup_054,266.7,5.315,0.3272,0.6705,0.083,661.7,0.0391,0.5567,0.1664,2,0.7004,True,0.3451,0.6512,0.4365,0.7701,moderate_friction,synthetic_bootstrap
syn_00115,bootstrap_user_07,deep_work,deep_work_055,1278.0,0.588,0.0497,0.2716,0.0593,608.6,0.0792,0.8166,0.5965,1,0.2582,True,0.1546,0.76,0.3362,0.5855,focused_or_low_friction,synthetic_bootstrap
syn_00116,bootstrap_user_08,research_browsing,research_browsing_056,1563.4,2.507,0.2331,0.1733,0.0566,665.5,0.0789,0.4666,0.6702,1,0.368,True,0.4006,0.6499,0.3568,0.6041,moderate_friction,synthetic_bootstrap
syn_00117,bootstrap_user_09,coding_debugging,coding_debugging_057,1457.9,3.868,0.1934,0.0,0.2554,925.1,0.1076,0.6403,0.8521,3,0.5318,True,0.3919,0.6076,0.3604,0.6682,moderate_friction,synthetic_bootstrap
syn_00118,bootstrap_user_10,coding_debugging,coding_debugging_058,819.5,1.641,0.2086,0.1691,0.1717,389.9,0.0902,0.5448,0.8307,3,0.4571,True,0.2702,0.6449,0.3644,0.6521,focused_or_low_friction,synthetic_bootstrap
syn_00119,bootstrap_user_11,support_lookup,support_lookup_059,250.6,5.595,0.1806,0.7231,0.0855,193.7,0.0681,0.7325,0.4233,8,0.7551,True,0.2753,0.6571,0.5963,0.888,focused_or_low_friction,synthetic_bootstrap
syn_00120,bootstrap_user_12,coding_debugging,coding_debugging_060,1599.2,1.405,0.2158,0.4036,0.3869,686.9,0.1144,0.627,0.4454,1,0.4129,True,0.3745,0.7151,0.4103,0.6423,moderate_friction,synthetic_bootstrap
syn_00121,bootstrap_user_01,support_lookup,support_lookup_001,154.2,4.69,0.1539,0.5997,0.0954,923.5,0.0,0.6212,0.3596,4,0.88,True,0.2796,0.7266,0.5269,0.8368,focused_or_low_friction,synthetic_bootstrap
syn_00122,bootstrap_user_02,coding_debugging,coding_debugging_002,1052.8,2.129,0.2593,0.2652,0.3753,460.1,0.0475,0.4177,0.8066,3,0.4907,True,0.3992,0.6288,0.4128,0.6634,moderate_friction,synthetic_bootstrap
syn_00123,bootstrap_user_03,deep_work,deep_work_003,2227.2,0.356,0.0527,0.1643,0.2329,504.2,0.1443,0.9165,0.7168,1,0.4772,True,0.2603,0.7257,0.265,0.6258,focused_or_low_friction,synthetic_bootstrap
syn_00124,bootstrap_user_04,support_lookup,support_lookup_004,225.9,5.085,0.161,0.713,0.0675,284.9,0.0579,0.6632,0.3217,10,0.705,True,0.2503,0.6462,0.5922,0.8876,focused_or_low_friction,synthetic_bootstrap
syn_00125,bootstrap_user_05,deep_work,deep_work_005,1806.0,1.692,0.109,0.0119,0.0,581.9,0.0762,0.9113,0.5919,2,0.4515,True,0.1706,0.7633,0.3255,0.6569,focused_or_low_friction,synthetic_bootstrap
syn_00126,bootstrap_user_06,support_lookup,support_lookup_006,258.6,5.469,0.143,0.4473,0.2088,411.2,0.0429,0.6534,0.3674,5,0.7883,True,0.3023,0.6275,0.5624,0.8355,moderate_friction,synthetic_bootstrap
syn_00127,bootstrap_user_07,repetitive_admin,repetitive_admin_007,397.9,3.781,0.0373,0.6635,0.0531,571.1,0.0324,0.8082,0.215,6,0.8404,True,0.1527,0.7674,0.5533,0.8893,focused_or_low_friction,synthetic_bootstrap
syn_00128,bootstrap_user_08,deep_work,deep_work_008,1256.2,0.435,0.0,0.0913,0.0,266.8,0.128,0.8523,0.6987,0,0.1657,True,0.1189,0.7496,0.2403,0.5276,focused_or_low_friction,synthetic_bootstrap
syn_00129,bootstrap_user_09,deep_work,deep_work_009,2115.3,0.468,0.0812,0.1243,0.0799,816.7,0.0095,0.8012,0.8012,0,0.2728,True,0.2079,0.7811,0.2613,0.542,focused_or_low_friction,synthetic_bootstrap
syn_00130,bootstrap_user_10,support_lookup,support_lookup_010,326.6,4.91,0.1104,0.6312,0.065,460.1,0.1246,0.6696,0.2294,7,0.6548,True,0.273,0.629,0.5921,0.8637,focused_or_low_friction,synthetic_bootstrap
syn_00131,bootstrap_user_11,deep_work,deep_work_011,2089.2,1.035,0.0251,0.1067,0.1036,336.9,0.0689,0.8553,0.6451,2,0.5411,True,0.197,0.7902,0.314,0.6729,focused_or_low_friction,synthetic_bootstrap
syn_00132,bootstrap_user_12,research_browsing,research_browsing_012,798.9,2.083,0.1431,0.1728,0.1307,926.1,0.1254,0.5265,0.6334,2,0.3031,True,0.3583,0.6497,0.3329,0.6148,moderate_friction,synthetic_bootstrap
syn_00133,bootstrap_user_01,support_lookup,support_lookup_013,163.8,3.684,0.1724,0.5192,0.135,584.2,0.0274,0.7797,0.3713,1,0.7849,True,0.248,0.751,0.4571,0.7442,focused_or_low_friction,synthetic_bootstrap
syn_00134,bootstrap_user_02,repetitive_admin,repetitive_admin_014,448.1,1.885,0.0351,0.8547,0.1278,422.0,0.0949,0.8351,0.3484,4,0.9985,True,0.1857,0.7568,0.6431,0.8678,focused_or_low_friction,synthetic_bootstrap
syn_00135,bootstrap_user_03,support_lookup,support_lookup_015,92.9,5.14,0.1037,0.6682,0.0839,472.4,0.0373,0.6439,0.5678,11,0.8254,True,0.2735,0.6843,0.5973,0.8882,focused_or_low_friction,synthetic_bootstrap
syn_00136,bootstrap_user_04,deep_work,deep_work_016,1761.3,0.0,0.1362,0.3152,0.094,80.0,0.1044,0.7477,0.6137,2,0.3805,False,0.1442,0.7487,0.3488,0.6365,focused_or_low_friction,synthetic_bootstrap
syn_00137,bootstrap_user_05,research_browsing,research_browsing_017,795.4,2.634,0.2506,0.1658,0.0293,867.6,0.0,0.5264,0.7504,2,0.3674,True,0.2659,0.7139,0.3201,0.6168,focused_or_low_friction,synthetic_bootstrap
syn_00138,bootstrap_user_06,support_lookup,support_lookup_018,88.8,6.581,0.0649,0.6745,0.1295,569.6,0.0452,0.7427,0.1884,6,0.7336,True,0.263,0.715,0.5628,0.8658,focused_or_low_friction,synthetic_bootstrap
syn_00139,bootstrap_user_07,coding_debugging,coding_debugging_019,1451.3,2.245,0.1818,0.2142,0.2701,598.9,0.1214,0.6358,0.5609,0,0.4795,False,0.3527,0.6662,0.331,0.6226,moderate_friction,synthetic_bootstrap
syn_00140,bootstrap_user_08,deep_work,deep_work_020,1094.2,1.553,0.0976,0.1165,0.0433,358.1,0.0324,0.8907,0.6023,3,0.3019,True,0.1236,0.7526,0.3175,0.6407,focused_or_low_friction,synthetic_bootstrap
syn_00141,bootstrap_user_09,support_lookup,support_lookup_021,243.0,5.29,0.0291,0.771,0.151,745.4,0.0584,0.7614,0.1982,9,0.7129,False,0.2433,0.722,0.6252,0.9044,focused_or_low_friction,synthetic_bootstrap
syn_00142,bootstrap_user_10,support_lookup,support_lookup_022,297.6,2.13,0.0098,0.7984,0.1552,331.1,0.0599,0.762,0.4061,7,0.8995,True,0.2034,0.778,0.6168,0.9036,focused_or_low_friction,synthetic_bootstrap
syn_00143,bootstrap_user_11,research_browsing,research_browsing_023,1155.1,3.08,0.2231,0.0961,0.1401,435.2,0.0991,0.5446,0.8286,0,0.4069,True,0.3434,0.5787,0.2952,0.5723,moderate_friction,synthetic_bootstrap
syn_00144,bootstrap_user_12,support_lookup,support_lookup_024,451.4,3.967,0.2791,0.6251,0.1308,532.6,0.0854,0.5914,0.2518,5,0.8,True,0.3874,0.692,0.5554,0.8523,moderate_friction,synthetic_bootstrap
syn_00145,bootstrap_user_01,support_lookup,support_lookup_025,186.6,2.577,0.3424,0.6596,0.134,278.8,0.06,0.7109,0.3322,10,1.0,True,0.203,0.7138,0.6892,0.9601,automation_candidate,synthetic_bootstrap
syn_00146,bootstrap_user_02,repetitive_admin,repetitive_admin_026,576.4,3.064,0.1222,0.622,0.1156,330.6,0.0422,0.7948,0.2612,7,0.8608,True,0.2731,0.7969,0.6499,0.9114,focused_or_low_friction,synthetic_bootstrap
syn_00147,bootstrap_user_03,repetitive_admin,repetitive_admin_027,390.0,2.492,0.1592,0.7405,0.0231,337.4,0.0475,0.6941,0.4282,10,0.9699,True,0.2059,0.7298,0.6772,0.9411,focused_or_low_friction,synthetic_bootstrap
syn_00148,bootstrap_user_04,support_lookup,support_lookup_028,261.3,2.659,0.1368,0.578,0.1307,603.0,0.0426,0.7069,0.34,0,0.7415,True,0.2034,0.769,0.4722,0.7146,focused_or_low_friction,synthetic_bootstrap
syn_00149,bootstrap_user_05,support_lookup,support_lookup_029,183.9,4.303,0.0757,0.8315,0.1058,528.4,0.1006,0.7261,0.2637,5,0.8395,True,0.1826,0.6857,0.5654,0.8607,focused_or_low_friction,synthetic_bootstrap
syn_00150,bootstrap_user_06,deep_work,deep_work_030,2608.1,0.88,0.0347,0.0941,0.0,252.1,0.1207,0.9985,0.7526,1,0.2982,False,0.2135,0.7379,0.3156,0.5767,focused_or_low_friction,synthetic_bootstrap
syn_00151,bootstrap_user_07,research_browsing,research_browsing_031,2046.8,1.085,0.1601,0.1265,0.096,636.7,0.2598,0.4507,0.8183,2,0.2998,True,0.3714,0.4807,0.3015,0.5918,moderate_friction,synthetic_bootstrap
syn_00152,bootstrap_user_08,research_browsing,research_browsing_032,1513.8,3.627,0.3471,0.255,0.1036,392.2,0.08,0.5536,0.8202,1,0.1877,True,0.3096,0.5763,0.2702,0.541,moderate_friction,synthetic_bootstrap
syn_00153,bootstrap_user_09,deep_work,deep_work_033,1299.7,0.623,0.0132,0.1804,0.127,351.1,0.0625,0.863,0.6086,1,0.4936,True,0.1437,0.8233,0.2944,0.6429,focused_or_low_friction,synthetic_bootstrap
syn_00154,bootstrap_user_10,support_lookup,support_lookup_034,395.4,4.77,0.2609,0.6703,0.1124,470.4,0.071,0.6288,0.4555,2,0.7358,True,0.3435,0.6312,0.4925,0.7443,moderate_friction,synthetic_bootstrap
syn_00155,bootstrap_user_11,deep_work,deep_work_035,1967.9,0.469,0.0707,0.2179,0.0551,592.0,0.1129,0.9044,0.6941,5,0.4765,True,0.165,0.7464,0.4324,0.7183,focused_or_low_friction,synthetic_bootstrap
syn_00156,bootstrap_user_12,coding_debugging,coding_debugging_036,1869.3,3.53,0.3664,0.1144,0.3487,457.2,0.0256,0.6363,0.7723,4,0.4896,False,0.3878,0.6543,0.3631,0.6897,moderate_friction,synthetic_bootstrap
syn_00157,bootstrap_user_01,repetitive_admin,repetitive_admin_037,119.5,3.941,0.0748,0.8247,0.1243,299.5,0.0677,0.6805,0.0954,8,0.8223,True,0.2396,0.7153,0.6532,0.9441,focused_or_low_friction,synthetic_bootstrap
syn_00158,bootstrap_user_02,coding_debugging,coding_debugging_038,652.3,3.017,0.3128,0.2779,0.2055,580.9,0.1464,0.8048,0.768,1,0.4675,True,0.3048,0.6193,0.3241,0.6172,moderate_friction,synthetic_bootstrap
syn_00159,bootstrap_user_03,coding_debugging,coding_debugging_039,1081.1,2.758,0.3237,0.1634,0.219,1037.0,0.1596,0.7763,0.9004,3,0.3764,True,0.4137,0.5386,0.3215,0.6236,moderate_friction,synthetic_bootstrap
syn_00160,bootstrap_user_04,coding_debugging,coding_debugging_040,1321.4,2.04,0.2771,0.3473,0.3759,1125.8,0.0034,0.6379,0.7895,0,0.3283,True,0.3982,0.759,0.3994,0.5573,moderate_friction,synthetic_bootstrap
syn_00161,bootstrap_user_05,deep_work,deep_work_041,1392.9,1.037,0.1079,0.181,0.1099,504.7,0.1475,0.9082,0.574,2,0.4571,True,0.211,0.7175,0.3619,0.6604,focused_or_low_friction,synthetic_bootstrap
syn_00162,bootstrap_user_06,research_browsing,research_browsing_042,1410.6,0.78,0.2128,0.1265,0.0407,965.5,0.1352,0.5764,0.7548,2,0.419,False,0.3208,0.6342,0.3354,0.6292,moderate_friction,synthetic_bootstrap
syn_00163,bootstrap_user_07,repetitive_admin,repetitive_admin_043,129.6,3.142,0.0942,0.7039,0.0599,397.9,0.1077,0.7108,0.3092,16,0.816,True,0.1992,0.7358,0.6633,0.9169,focused_or_low_friction,synthetic_bootstrap
syn_00164,bootstrap_user_08,deep_work,deep_work_044,1953.6,0.77,0.0488,0.1561,0.1349,447.6,0.0673,0.7999,0.7792,3,0.2699,True,0.2032,0.7857,0.3355,0.6115,focused_or_low_friction,synthetic_bootstrap
syn_00165,bootstrap_user_09,support_lookup,support_lookup_045,134.8,3.983,0.1056,0.5852,0.1902,263.9,0.0114,0.5771,0.3916,8,0.8337,True,0.2353,0.7564,0.525,0.9114,focused_or_low_friction,synthetic_bootstrap
syn_00166,bootstrap_user_10,repetitive_admin,repetitive_admin_046,598.3,2.888,0.1639,0.5612,0.0802,410.7,0.0847,0.5973,0.2831,4,0.9004,True,0.3183,0.6947,0.599,0.8511,moderate_friction,synthetic_bootstrap
syn_00167,bootstrap_user_11,research_browsing,research_browsing_047,2030.5,1.192,0.2751,0.2567,0.0871,383.6,0.1571,0.4361,0.7857,2,0.3859,True,0.3461,0.5669,0.3685,0.6172,moderate_friction,synthetic_bootstrap
syn_00168,bootstrap_user_12,coding_debugging,coding_debugging_048,2129.4,0.843,0.3147,0.1313,0.4019,536.0,0.0663,0.5452,0.7124,3,0.4877,True,0.361,0.7037,0.3694,0.6739,moderate_friction,synthetic_bootstrap
syn_00169,bootstrap_user_01,repetitive_admin,repetitive_admin_049,594.3,2.492,0.0239,0.7159,0.1318,400.9,0.044,0.6617,0.4558,4,0.802,True,0.2032,0.7823,0.5932,0.8058,focused_or_low_friction,synthetic_bootstrap
syn_00170,bootstrap_user_02,research_browsing,research_browsing_050,1799.6,3.614,0.2055,0.0949,0.093,435.4,0.1343,0.6768,0.9181,2,0.4109,True,0.3374,0.5611,0.3128,0.6076,moderate_friction,synthetic_bootstrap
syn_00171,bootstrap_user_03,repetitive_admin,repetitive_admin_051,460.4,2.139,0.0671,0.7962,0.1155,251.9,0.0701,0.6921,0.2817,14,0.9246,True,0.2471,0.7539,0.7101,0.9474,automation_candidate,synthetic_bootstrap
syn_00172,bootstrap_user_04,support_lookup,support_lookup_052,187.8,3.995,0.0,0.593,0.0828,661.1,0.0706,0.5999,0.4249,9,0.7131,True,0.1917,0.664,0.5396,0.8773,focused_or_low_friction,synthetic_bootstrap
syn_00173,bootstrap_user_05,repetitive_admin,repetitive_admin_053,431.1,2.255,0.0892,0.573,0.0868,435.3,0.0621,0.7411,0.1259,6,0.8274,True,0.1962,0.8309,0.5955,0.8967,focused_or_low_friction,synthetic_bootstrap
syn_00174,bootstrap_user_06,research_browsing,research_browsing_054,856.2,3.746,0.2776,0.1155,0.1424,614.7,0.0395,0.6346,0.8174,2,0.2955,True,0.3172,0.6388,0.3124,0.5908,moderate_friction,synthetic_bootstrap
syn_00175,bootstrap_user_07,deep_work,deep_work_055,1978.6,0.28,0.0353,0.0,0.1182,231.8,0.0853,0.8497,0.7402,0,0.3422,True,0.1977,0.7872,0.2444,0.5667,focused_or_low_friction,synthetic_bootstrap
syn_00176,bootstrap_user_08,deep_work,deep_work_056,1297.4,1.123,0.0721,0.1948,0.0584,418.9,0.0866,0.8397,0.7294,1,0.1888,True,0.1717,0.7886,0.2828,0.5522,focused_or_low_friction,synthetic_bootstrap
syn_00177,bootstrap_user_09,support_lookup,support_lookup_057,127.6,3.372,0.2207,0.7943,0.0494,497.6,0.0659,0.7465,0.3222,2,0.8521,True,0.2155,0.7331,0.5135,0.7894,focused_or_low_friction,synthetic_bootstrap
syn_00178,bootstrap_user_10,research_browsing,research_browsing_058,927.1,4.129,0.2549,0.2192,0.1751,417.9,0.0824,0.599,0.7549,3,0.2775,True,0.3103,0.5964,0.3856,0.6163,moderate_friction,synthetic_bootstrap
syn_00179,bootstrap_user_11,research_browsing,research_browsing_059,1546.6,3.507,0.2488,0.1649,0.0642,713.5,0.0933,0.7828,0.9074,2,0.3454,True,0.3022,0.606,0.3261,0.5925,moderate_friction,synthetic_bootstrap
syn_00180,bootstrap_user_12,coding_debugging,coding_debugging_060,1203.3,2.623,0.3813,0.1708,0.2317,1157.2,0.1385,0.567,0.7093,2,0.4244,True,0.5051,0.5708,0.376,0.636,high_friction,synthetic_bootstrap
syn_00181,bootstrap_user_01,research_browsing,research_browsing_001,506.8,2.467,0.3306,0.2122,0.0,798.3,0.2059,0.3405,0.9216,0,0.4126,True,0.3218,0.4478,0.2767,0.5626,moderate_friction,synthetic_bootstrap
syn_00182,bootstrap_user_02,research_browsing,research_browsing_002,1531.9,3.643,0.1829,0.0311,0.1346,1034.9,0.1665,0.3415,0.6788,1,0.1088,True,0.4499,0.469,0.2663,0.5383,high_friction,synthetic_bootstrap
syn_00183,bootstrap_user_03,support_lookup,support_lookup_003,320.1,3.642,0.1662,0.3665,0.0934,521.3,0.0651,0.6979,0.3869,6,0.8186,True,0.2812,0.7123,0.4944,0.8632,focused_or_low_friction,synthetic_bootstrap
syn_00184,bootstrap_user_04,repetitive_admin,repetitive_admin_004,323.0,3.723,0.0867,0.7663,0.0811,340.5,0.0402,0.6943,0.1154,10,0.8785,True,0.1744,0.8146,0.6849,0.9558,automation_candidate,synthetic_bootstrap
syn_00185,bootstrap_user_05,coding_debugging,coding_debugging_005,706.2,1.306,0.0893,0.3933,0.4371,936.2,0.0552,0.8092,0.6848,2,0.6212,True,0.3305,0.7686,0.4216,0.6881,moderate_friction,synthetic_bootstrap
syn_00186,bootstrap_user_06,coding_debugging,coding_debugging_006,824.7,0.538,0.2494,0.3545,0.3599,785.3,0.0503,0.635,0.8213,3,0.4433,False,0.3274,0.6574,0.4011,0.6498,moderate_friction,synthetic_bootstrap
syn_00187,bootstrap_user_07,repetitive_admin,repetitive_admin_007,805.5,1.692,0.1055,0.7191,0.0615,514.7,0.0642,0.7537,0.3597,8,1.0,True,0.2667,0.747,0.6944,0.9568,automation_candidate,synthetic_bootstrap
syn_00188,bootstrap_user_08,deep_work,deep_work_008,2373.7,0.199,0.0,0.1526,0.1585,457.6,0.0666,0.6713,0.7252,2,0.1362,True,0.2315,0.7846,0.2762,0.562,focused_or_low_friction,synthetic_bootstrap
syn_00189,bootstrap_user_09,coding_debugging,coding_debugging_009,1394.2,2.669,0.3755,0.0581,0.1499,588.6,0.0935,0.6527,0.7525,4,0.5808,True,0.3696,0.6021,0.3831,0.7149,moderate_friction,synthetic_bootstrap
syn_00190,bootstrap_user_10,repetitive_admin,repetitive_admin_010,468.3,0.0,0.2647,0.788,0.0562,630.6,0.0396,0.7519,0.2313,15,0.8516,True,0.2368,0.8648,0.6955,0.9351,automation_candidate,synthetic_bootstrap
syn_00191,bootstrap_user_11,research_browsing,research_browsing_011,1905.2,5.792,0.2486,0.1893,0.1085,938.3,0.08,0.5466,0.677,0,0.2379,True,0.4887,0.5632,0.2971,0.5482,high_friction,synthetic_bootstrap
syn_00192,bootstrap_user_12,repetitive_admin,repetitive_admin_012,310.8,4.575,0.1876,0.7234,0.0623,526.2,0.0202,0.7753,0.5073,9,0.798,True,0.2277,0.6895,0.6427,0.8886,focused_or_low_friction,synthetic_bootstrap
syn_00193,bootstrap_user_01,deep_work,deep_work_013,2358.9,0.66,0.0611,0.0731,0.0825,348.8,0.0396,0.9714,0.7266,2,0.456,True,0.1449,0.828,0.3053,0.6418,focused_or_low_friction,synthetic_bootstrap
syn_00194,bootstrap_user_02,research_browsing,research_browsing_014,1569.2,3.376,0.1856,0.0737,0.1073,605.1,0.0155,0.6409,0.8772,5,0.2531,True,0.2871,0.6797,0.3342,0.6405,focused_or_low_friction,synthetic_bootstrap
syn_00195,bootstrap_user_03,deep_work,deep_work_015,1394.4,0.721,0.0,0.2241,0.0515,443.8,0.0229,0.7734,0.652,1,0.4076,True,0.15,0.8385,0.365,0.6161,focused_or_low_friction,synthetic_bootstrap
syn_00196,bootstrap_user_04,deep_work,deep_work_016,2084.9,0.783,0.1305,0.2358,0.1224,188.2,0.0463,0.798,0.758,1,0.4864,True,0.209,0.7931,0.3196,0.6232,focused_or_low_friction,synthetic_bootstrap
syn_00197,bootstrap_user_05,support_lookup,support_lookup_017,308.3,3.571,0.0481,0.5826,0.1762,602.9,0.1205,0.6777,0.6293,7,0.7922,True,0.3398,0.617,0.5292,0.8501,moderate_friction,synthetic_bootstrap
syn_00198,bootstrap_user_06,research_browsing,research_browsing_018,1990.6,4.274,0.3219,0.151,0.0975,636.8,0.1491,0.7664,0.8295,4,0.4077,True,0.4214,0.5698,0.4296,0.6624,moderate_friction,synthetic_bootstrap
syn_00199,bootstrap_user_07,repetitive_admin,repetitive_admin_019,598.0,3.226,0.107,0.7891,0.147,436.4,0.0636,0.7446,0.2472,7,0.8708,True,0.2588,0.7557,0.6599,0.9155,focused_or_low_friction,synthetic_bootstrap
syn_00200,bootstrap_user_08,repetitive_admin,repetitive_admin_020,527.5,4.567,0.2175,0.7444,0.103,360.0,0.0658,0.7683,0.2858,9,0.8962,True,0.2727,0.7361,0.7712,0.9397,automation_candidate,synthetic_bootstrap
syn_00201,bootstrap_user_09,coding_debugging,coding_debugging_021,558.0,1.066,0.1747,0.2297,0.3896,933.7,0.1086,0.6682,0.6508,2,0.4172,True,0.2816,0.6662,0.3409,0.6412,focused_or_low_friction,synthetic_bootstrap
syn_00202,bootstrap_user_10,research_browsing,research_browsing_022,1472.7,3.672,0.0544,0.0613,0.1332,80.0,0.1712,0.3612,0.8675,1,0.4259,True,0.2777,0.4955,0.2641,0.5949,focused_or_low_friction,synthetic_bootstrap
syn_00203,bootstrap_user_11,support_lookup,support_lookup_023,302.7,4.052,0.1904,0.5015,0.149,259.3,0.0972,0.6191,0.2057,11,0.7833,True,0.3128,0.6578,0.6173,0.9211,moderate_friction,synthetic_bootstrap
syn_00204,bootstrap_user_12,deep_work,deep_work_024,1860.5,1.487,0.1019,0.1641,0.08,440.9,0.1322,0.8203,0.6405,1,0.2835,True,0.1911,0.721,0.2917,0.5865,focused_or_low_friction,synthetic_bootstrap
syn_00205,bootstrap_user_01,deep_work,deep_work_025,2152.2,0.0,0.1084,0.1371,0.0659,482.6,0.0602,0.6501,0.7722,2,0.3123,True,0.1747,0.7553,0.3255,0.6004,focused_or_low_friction,synthetic_bootstrap
syn_00206,bootstrap_user_02,repetitive_admin,repetitive_admin_026,450.5,1.817,0.1335,0.7136,0.1146,458.9,0.0,0.7891,0.1797,2,0.8449,True,0.1425,0.8845,0.5691,0.8047,focused_or_low_friction,synthetic_bootstrap
syn_00207,bootstrap_user_03,deep_work,deep_work_027,1823.5,0.41,0.031,0.2321,0.0144,641.6,0.0734,0.8123,0.5092,1,0.4236,False,0.1753,0.8056,0.3244,0.6373,focused_or_low_friction,synthetic_bootstrap
syn_00208,bootstrap_user_04,coding_debugging,coding_debugging_028,1484.6,0.218,0.3181,0.4019,0.444,881.3,0.0849,0.5401,0.6897,3,0.307,True,0.458,0.689,0.3631,0.6315,high_friction,synthetic_bootstrap
syn_00209,bootstrap_user_05,deep_work,deep_work_029,1127.6,1.149,0.077,0.2201,0.0633,599.5,0.0737,0.7614,0.6399,0,0.5887,True,0.2004,0.7387,0.3324,0.6404,focused_or_low_friction,synthetic_bootstrap
syn_00210,bootstrap_user_06,support_lookup,support_lookup_030,236.6,5.621,0.1383,0.5068,0.1178,609.8,0.1093,0.6954,0.4308,9,0.6747,True,0.2872,0.5779,0.573,0.867,focused_or_low_friction,synthetic_bootstrap
syn_00211,bootstrap_user_07,coding_debugging,coding_debugging_031,1230.5,2.272,0.0,0.4455,0.2106,1313.5,0.0275,0.5206,0.4997,3,0.2658,True,0.3097,0.7651,0.438,0.644,moderate_friction,synthetic_bootstrap
syn_00212,bootstrap_user_08,support_lookup,support_lookup_032,441.2,3.477,0.1975,0.4524,0.0932,426.6,0.0739,0.7617,0.469,4,0.8898,True,0.3059,0.6834,0.5014,0.8262,moderate_friction,synthetic_bootstrap
syn_00213,bootstrap_user_09,repetitive_admin,repetitive_admin_033,681.3,3.507,0.1305,0.6885,0.1778,549.7,0.0284,0.7154,0.2586,9,0.8039,True,0.3382,0.7453,0.6593,0.9199,moderate_friction,synthetic_bootstrap
syn_00214,bootstrap_user_10,coding_debugging,coding_debugging_034,882.6,1.807,0.4998,0.3402,0.3944,711.3,0.0857,0.4503,0.7982,3,0.6,True,0.4087,0.5968,0.4697,0.6917,moderate_friction,synthetic_bootstrap
syn_00215,bootstrap_user_11,coding_debugging,coding_debugging_035,438.4,2.862,0.2777,0.1341,0.0915,744.5,0.1724,0.7942,0.7555,5,0.414,True,0.2884,0.5626,0.2997,0.6953,focused_or_low_friction,synthetic_bootstrap
syn_00216,bootstrap_user_12,coding_debugging,coding_debugging_036,172.8,3.358,0.2094,0.1599,0.182,726.9,0.1882,0.8403,0.5539,2,0.2752,False,0.3014,0.5772,0.2375,0.6173,moderate_friction,synthetic_bootstrap
syn_00217,bootstrap_user_01,deep_work,deep_work_037,1561.3,1.526,0.1073,0.2036,0.0,438.0,0.1633,0.9261,0.4953,1,0.2058,True,0.1769,0.6846,0.2977,0.5845,focused_or_low_friction,synthetic_bootstrap
syn_00218,bootstrap_user_02,deep_work,deep_work_038,496.3,0.312,0.0818,0.2177,0.0,381.4,0.1204,0.7039,0.7029,2,0.5557,True,0.16,0.7238,0.2721,0.6696,focused_or_low_friction,synthetic_bootstrap
syn_00219,bootstrap_user_03,research_browsing,research_browsing_039,1239.6,2.499,0.2075,0.2479,0.1277,485.3,0.1168,0.7589,0.7335,2,0.2768,True,0.235,0.6697,0.3175,0.5962,focused_or_low_friction,synthetic_bootstrap
syn_00220,bootstrap_user_04,repetitive_admin,repetitive_admin_040,573.9,2.579,0.0825,0.8656,0.1198,407.1,0.0728,0.714,0.2792,5,0.9323,True,0.2832,0.7496,0.6706,0.8821,focused_or_low_friction,synthetic_bootstrap
syn_00221,bootstrap_user_05,repetitive_admin,repetitive_admin_041,533.8,3.224,0.1021,0.7164,0.1158,293.8,0.0462,0.7409,0.3665,8,1.0,True,0.2286,0.7502,0.6532,0.956,focused_or_low_friction,synthetic_bootstrap
syn_00222,bootstrap_user_06,support_lookup,support_lookup_042,156.3,3.663,0.2709,0.6157,0.0858,740.8,0.1065,0.7855,0.2662,5,0.9714,True,0.2575,0.7018,0.5909,0.8934,focused_or_low_friction,synthetic_bootstrap
syn_00223,bootstrap_user_07,coding_debugging,coding_debugging_043,842.8,2.397,0.3819,0.124,0.3012,490.3,0.0508,0.5481,0.7677,2,0.3292,True,0.3061,0.6548,0.3441,0.6052,moderate_friction,synthetic_bootstrap
syn_00224,bootstrap_user_08,research_browsing,research_browsing_044,1310.4,2.777,0.2536,0.0177,0.1268,1332.4,0.1039,0.5657,0.8595,4,0.417,True,0.425,0.6392,0.3484,0.6611,moderate_friction,synthetic_bootstrap
syn_00225,bootstrap_user_09,repetitive_admin,repetitive_admin_045,246.8,3.482,0.0432,0.8679,0.0418,389.7,0.0243,0.6908,0.4286,8,0.8153,True,0.1316,0.731,0.6378,0.9024,focused_or_low_friction,synthetic_bootstrap
syn_00226,bootstrap_user_10,research_browsing,research_browsing_046,1840.1,2.384,0.3613,0.1226,0.0881,412.5,0.1595,0.8317,0.6591,1,0.4518,False,0.3381,0.635,0.3334,0.6264,moderate_friction,synthetic_bootstrap
syn_00227,bootstrap_user_11,deep_work,deep_work_047,2075.1,1.592,0.1774,0.145,0.0634,284.4,0.1191,0.7103,0.6547,2,0.2896,True,0.2933,0.6682,0.2964,0.6088,focused_or_low_friction,synthetic_bootstrap
syn_00228,bootstrap_user_12,support_lookup,support_lookup_048,361.5,4.588,0.2951,0.6414,0.0976,198.9,0.0114,0.4764,0.4017,2,0.9156,True,0.318,0.6589,0.5591,0.7957,moderate_friction,synthetic_bootstrap
syn_00229,bootstrap_user_01,coding_debugging,coding_debugging_049,738.0,1.313,0.4107,0.2755,0.2765,946.8,0.1004,0.6521,0.6383,6,0.3389,True,0.3403,0.6789,0.417,0.7131,moderate_friction,synthetic_bootstrap
syn_00230,bootstrap_user_02,deep_work,deep_work_050,2373.4,0.422,0.1338,0.2977,0.0771,456.2,0.0591,0.7923,0.8511,0,0.2369,True,0.2301,0.7937,0.266,0.5271,focused_or_low_friction,synthetic_bootstrap
syn_00231,bootstrap_user_03,deep_work,deep_work_051,1863.1,0.503,0.0872,0.0081,0.1242,508.2,0.0777,0.7888,0.5905,2,0.2095,True,0.2419,0.8042,0.2157,0.5965,focused_or_low_friction,synthetic_bootstrap
syn_00232,bootstrap_user_04,support_lookup,support_lookup_052,206.3,4.806,0.1744,0.4381,0.1293,518.2,0.1174,0.6347,0.4885,3,0.6872,True,0.3313,0.5764,0.4328,0.7507,moderate_friction,synthetic_bootstrap
syn_00233,bootstrap_user_05,research_browsing,research_browsing_053,659.2,2.801,0.2953,0.1452,0.0875,401.4,0.0776,0.791,0.8058,1,0.2622,True,0.2178,0.6838,0.2494,0.5614,focused_or_low_friction,synthetic_bootstrap
syn_00234,bootstrap_user_06,support_lookup,support_lookup_054,449.1,4.186,0.1771,0.7033,0.0,556.9,0.0585,0.8086,0.4661,3,0.9142,True,0.2866,0.7081,0.5663,0.8101,focused_or_low_friction,synthetic_bootstrap
syn_00235,bootstrap_user_07,research_browsing,research_browsing_055,2119.2,3.375,0.2385,0.2521,0.1546,822.4,0.181,0.653,0.8134,3,0.2891,True,0.4743,0.5531,0.3594,0.6122,high_friction,synthetic_bootstrap
syn_00236,bootstrap_user_08,coding_debugging,coding_debugging_056,895.9,3.517,0.368,0.2716,0.2678,866.2,0.0989,0.5369,0.7329,3,0.3674,True,0.4339,0.5928,0.3888,0.6414,moderate_friction,synthetic_bootstrap
syn_00237,bootstrap_user_09,support_lookup,support_lookup_057,335.6,4.394,0.0811,0.7075,0.1173,986.8,0.1037,0.7311,0.3874,7,0.6896,True,0.3212,0.662,0.5294,0.8534,moderate_friction,synthetic_bootstrap
syn_00238,bootstrap_user_10,coding_debugging,coding_debugging_058,855.1,1.977,0.2563,0.1738,0.2658,1228.2,0.1331,0.5484,0.7132,2,0.3125,False,0.4193,0.5915,0.297,0.6075,moderate_friction,synthetic_bootstrap
syn_00239,bootstrap_user_11,deep_work,deep_work_059,1778.4,0.853,0.0,0.1467,0.1334,531.2,0.1692,0.9201,0.8249,4,0.441,True,0.2257,0.6629,0.3569,0.6713,focused_or_low_friction,synthetic_bootstrap
syn_00240,bootstrap_user_12,deep_work,deep_work_060,1476.1,0.979,0.0474,0.095,0.1107,425.2,0.0029,0.7036,0.5653,1,0.3997,True,0.1818,0.8419,0.3347,0.6246,focused_or_low_friction,synthetic_bootstrap
syn_00241,bootstrap_user_01,research_browsing,research_browsing_001,1654.2,3.231,0.3189,0.2536,0.1188,929.6,0.0,0.5451,0.7755,3,0.4886,False,0.4152,0.6544,0.3747,0.6666,moderate_friction,synthetic_bootstrap
syn_00242,bootstrap_user_02,coding_debugging,coding_debugging_002,994.6,1.914,0.1086,0.305,0.3679,1054.1,0.0783,0.6056,0.717,5,0.0232,True,0.3526,0.6591,0.3438,0.6023,moderate_friction,synthetic_bootstrap
syn_00243,bootstrap_user_03,repetitive_admin,repetitive_admin_003,401.1,2.542,0.1239,0.7954,0.0705,321.1,0.045,0.7393,0.106,10,0.8239,True,0.1945,0.8333,0.6639,0.9433,focused_or_low_friction,synthetic_bootstrap
syn_00244,bootstrap_user_04,support_lookup,support_lookup_004,222.9,2.809,0.1236,0.7828,0.1844,313.3,0.0463,0.6524,0.4244,1,0.6297,True,0.1783,0.7291,0.4707,0.699,focused_or_low_friction,synthetic_bootstrap
syn_00245,bootstrap_user_05,coding_debugging,coding_debugging_005,1287.0,2.072,0.2398,0.3245,0.3285,611.8,0.1019,0.6521,0.8918,4,0.59,False,0.3488,0.6166,0.4464,0.7005,moderate_friction,synthetic_bootstrap
syn_00246,bootstrap_user_06,research_browsing,research_browsing_006,846.0,4.393,0.2995,0.1555,0.1321,699.0,0.146,0.4187,0.7883,2,0.3748,True,0.3219,0.4599,0.3408,0.6141,moderate_friction,synthetic_bootstrap
syn_00247,bootstrap_user_07,coding_debugging,coding_debugging_007,1128.7,3.715,0.3441,0.2482,0.2968,1067.1,0.0705,0.5946,0.6111,5,0.4749,True,0.4172,0.637,0.4513,0.7279,moderate_friction,synthetic_bootstrap
syn_00248,bootstrap_user_08,support_lookup,support_lookup_008,206.6,3.515,0.2071,0.5735,0.0873,279.5,0.0623,0.6419,0.3246,7,0.8648,True,0.2441,0.702,0.5487,0.9047,focused_or_low_friction,synthetic_bootstrap
syn_00249,bootstrap_user_09,repetitive_admin,repetitive_admin_009,263.4,2.607,0.1212,0.6256,0.0838,254.5,0.0002,0.8137,0.2326,5,0.7725,True,0.1676,0.8383,0.5265,0.8477,focused_or_low_friction,synthetic_bootstrap
syn_00250,bootstrap_user_10,support_lookup,support_lookup_010,367.2,2.127,0.3373,0.9377,0.0,502.4,0.0384,0.6335,0.314,9,0.7787,False,0.2798,0.7643,0.6404,0.907,focused_or_low_friction,synthetic_bootstrap
syn_00251,bootstrap_user_11,coding_debugging,coding_debugging_011,359.2,3.993,0.2093,0.2263,0.2602,922.5,0.1886,0.6738,0.5682,0,0.3641,True,0.3203,0.5563,0.2515,0.5929,moderate_friction,synthetic_bootstrap
syn_00252,bootstrap_user_12,research_browsing,research_browsing_012,2096.7,5.003,0.1977,0.2151,0.0384,787.2,0.0851,0.4495,0.7769,1,0.261,True,0.4101,0.5771,0.2933,0.5645,moderate_friction,synthetic_bootstrap
syn_00253,bootstrap_user_01,support_lookup,support_lookup_013,421.5,3.08,0.1799,0.5563,0.0928,664.2,0.105,0.7791,0.3155,7,0.7118,True,0.2899,0.6977,0.5589,0.8676,focused_or_low_friction,synthetic_bootstrap
syn_00254,bootstrap_user_02,repetitive_admin,repetitive_admin_014,133.2,3.154,0.211,0.8546,0.0566,198.4,0.0638,0.5314,0.391,7,1.0,True,0.242,0.6831,0.6333,0.9306,focused_or_low_friction,synthetic_bootstrap
syn_00255,bootstrap_user_03,repetitive_admin,repetitive_admin_015,214.5,3.796,0.1606,0.9342,0.1203,302.8,0.0199,0.6168,0.4273,5,0.9784,True,0.2155,0.7361,0.654,0.8758,focused_or_low_friction,synthetic_bootstrap
syn_00256,bootstrap_user_04,coding_debugging,coding_debugging_016,961.9,2.795,0.2783,0.2031,0.3696,742.6,0.0601,0.676,0.7136,3,0.3565,False,0.3923,0.6997,0.3993,0.641,moderate_friction,synthetic_bootstrap
syn_00257,bootstrap_user_05,coding_debugging,coding_debugging_017,925.5,1.93,0.4321,0.2046,0.2367,1266.8,0.0976,0.8045,0.5802,3,0.71,True,0.3666,0.659,0.4765,0.7454,moderate_friction,synthetic_bootstrap
syn_00258,bootstrap_user_06,deep_work,deep_work_018,1414.9,0.757,0.0183,0.2746,0.1477,444.3,0.0338,0.9429,0.6434,0,0.1385,True,0.0927,0.825,0.2927,0.5274,focused_or_low_friction,synthetic_bootstrap
syn_00259,bootstrap_user_07,deep_work,deep_work_019,1612.3,0.96,0.0438,0.1552,0.186,387.3,0.0954,0.6948,0.832,1,0.4761,True,0.2269,0.7098,0.3114,0.6117,focused_or_low_friction,synthetic_bootstrap
syn_00260,bootstrap_user_08,support_lookup,support_lookup_020,369.2,3.389,0.2422,0.5693,0.1275,436.8,0.0615,0.5525,0.3872,7,0.736,True,0.3301,0.6695,0.5499,0.865,moderate_friction,synthetic_bootstrap
syn_00261,bootstrap_user_09,deep_work,deep_work_021,1297.2,1.856,0.133,0.1718,0.1486,93.7,0.0,0.7881,0.5421,1,0.3747,True,0.116,0.8229,0.3349,0.6211,focused_or_low_friction,synthetic_bootstrap
syn_00262,bootstrap_user_10,research_browsing,research_browsing_022,1523.8,2.428,0.3445,0.1717,0.1887,476.1,0.1471,0.5728,0.7738,2,0.2641,False,0.289,0.5849,0.3455,0.5882,focused_or_low_friction,synthetic_bootstrap
syn_00263,bootstrap_user_11,repetitive_admin,repetitive_admin_023,703.1,3.182,0.0424,0.6696,0.0805,249.1,0.0995,0.9416,0.3278,8,0.7564,True,0.2315,0.7457,0.6578,0.8998,focused_or_low_friction,synthetic_bootstrap
syn_00264,bootstrap_user_12,deep_work,deep_work_024,1507.1,0.866,0.0079,0.237,0.0848,658.6,0.072,0.8091,0.5588,2,0.2449,True,0.17,0.7897,0.2795,0.6092,focused_or_low_friction,synthetic_bootstrap
syn_00265,bootstrap_user_01,research_browsing,research_browsing_025,1234.6,3.875,0.1859,0.162,0.1081,622.3,0.0585,0.5756,0.8795,1,0.2551,True,0.3493,0.606,0.2752,0.5507,moderate_friction,synthetic_bootstrap
syn_00266,bootstrap_user_02,deep_work,deep_work_026,1846.1,0.258,0.0283,0.0332,0.0367,694.3,0.0507,0.8573,0.5964,2,0.2269,True,0.1628,0.872,0.271,0.6002,focused_or_low_friction,synthetic_bootstrap
syn_00267,bootstrap_user_03,repetitive_admin,repetitive_admin_027,331.1,3.885,0.2483,0.5244,0.0463,349.2,0.0375,0.7101,0.1496,14,0.7462,True,0.2415,0.7542,0.6083,0.9186,focused_or_low_friction,synthetic_bootstrap
syn_00268,bootstrap_user_04,deep_work,deep_work_028,1125.7,0.697,0.0421,0.1664,0.0199,596.3,0.0846,0.8352,0.8241,1,0.2629,True,0.1611,0.7389,0.2459,0.5593,focused_or_low_friction,synthetic_bootstrap
syn_00269,bootstrap_user_05,deep_work,deep_work_029,788.5,0.548,0.098,0.1609,0.15,802.0,0.1104,0.9306,0.7567,3,0.5721,True,0.2214,0.7368,0.3579,0.6897,focused_or_low_friction,synthetic_bootstrap
syn_00270,bootstrap_user_06,deep_work,deep_work_030,1631.1,1.08,0.044,0.1347,0.0,760.2,0.0712,0.8564,0.8258,2,0.5233,True,0.2504,0.7684,0.3388,0.6467,focused_or_low_friction,synthetic_bootstrap
syn_00271,bootstrap_user_07,deep_work,deep_work_031,2512.5,0.274,0.0656,0.2655,0.0,550.9,0.1013,0.9775,0.5217,3,0.2829,True,0.1362,0.7828,0.3547,0.6456,focused_or_low_friction,synthetic_bootstrap
syn_00272,bootstrap_user_08,deep_work,deep_work_032,1243.8,1.133,0.0469,0.053,0.0636,510.6,0.0689,0.8227,0.7496,3,0.3128,True,0.1677,0.7618,0.2557,0.6257,focused_or_low_friction,synthetic_bootstrap
syn_00273,bootstrap_user_09,deep_work,deep_work_033,1354.7,0.476,0.0696,0.0891,0.1254,161.1,0.0168,0.7933,0.6624,0,0.2772,True,0.1079,0.8294,0.236,0.5598,focused_or_low_friction,synthetic_bootstrap
syn_00274,bootstrap_user_10,support_lookup,support_lookup_034,407.8,4.886,0.1154,0.6323,0.1162,738.6,0.042,0.7367,0.3646,11,0.9191,True,0.33,0.7202,0.6863,0.936,automation_candidate,synthetic_bootstrap
syn_00275,bootstrap_user_11,coding_debugging,coding_debugging_035,1856.1,2.271,0.2354,0.194,0.1787,924.7,0.059,0.7308,0.5907,3,0.581,True,0.4213,0.7088,0.421,0.7119,moderate_friction,synthetic_bootstrap
syn_00276,bootstrap_user_12,repetitive_admin,repetitive_admin_036,505.7,3.926,0.1364,0.8397,0.1008,608.9,0.0657,0.9168,0.3701,1,1.0,True,0.2933,0.7433,0.6402,0.7981,focused_or_low_friction,synthetic_bootstrap
syn_00277,bootstrap_user_01,repetitive_admin,repetitive_admin_037,316.7,3.826,0.1048,0.9095,0.0975,501.7,0.0,0.7323,0.3211,9,0.9369,True,0.2066,0.8105,0.6557,0.9457,focused_or_low_friction,synthetic_bootstrap
syn_00278,bootstrap_user_02,support_lookup,support_lookup_038,318.9,3.899,0.107,0.6638,0.1714,707.0,0.0559,0.7476,0.4555,6,0.7207,True,0.3231,0.712,0.5272,0.8305,moderate_friction,synthetic_bootstrap
syn_00279,bootstrap_user_03,research_browsing,research_browsing_039,507.6,3.915,0.1708,0.2064,0.162,362.0,0.1077,0.5595,0.8304,3,0.1405,True,0.3188,0.5613,0.2598,0.573,moderate_friction,synthetic_bootstrap
syn_00280,bootstrap_user_04,research_browsing,research_browsing_040,1559.2,3.379,0.2724,0.2249,0.0509,867.9,0.1683,0.6023,0.6805,2,0.3233,False,0.3757,0.5117,0.3649,0.6142,moderate_friction,synthetic_bootstrap
syn_00281,bootstrap_user_05,deep_work,deep_work_041,1883.0,0.059,0.0976,0.1455,0.1158,379.5,0.0479,0.7583,0.6262,2,0.3678,True,0.1583,0.7966,0.3774,0.6318,focused_or_low_friction,synthetic_bootstrap
syn_00282,bootstrap_user_06,repetitive_admin,repetitive_admin_042,304.4,2.642,0.3176,0.7705,0.0248,489.5,0.0227,0.8218,0.2589,6,0.9887,True,0.2213,0.8081,0.6202,0.9211,focused_or_low_friction,synthetic_bootstrap
syn_00283,bootstrap_user_07,repetitive_admin,repetitive_admin_043,511.7,4.409,0.1281,0.9362,0.114,407.6,0.0575,0.7524,0.1549,8,0.8777,True,0.2639,0.7414,0.7589,0.9508,automation_candidate,synthetic_bootstrap
syn_00284,bootstrap_user_08,repetitive_admin,repetitive_admin_044,519.5,3.367,0.038,0.9349,0.0743,369.5,0.0397,0.696,0.4344,14,0.8956,True,0.248,0.7462,0.7644,0.9218,automation_candidate,synthetic_bootstrap
syn_00285,bootstrap_user_09,support_lookup,support_lookup_045,293.8,3.771,0.2002,0.6465,0.1401,408.6,0.0813,0.5694,0.297,5,0.6828,True,0.2739,0.6593,0.563,0.8176,focused_or_low_friction,synthetic_bootstrap
syn_00286,bootstrap_user_10,support_lookup,support_lookup_046,202.9,4.074,0.099,0.7283,0.1523,653.0,0.0761,0.6674,0.3023,4,0.919,True,0.2487,0.6987,0.5718,0.8535,focused_or_low_friction,synthetic_bootstrap
syn_00287,bootstrap_user_11,deep_work,deep_work_047,1235.9,0.88,0.0592,0.0738,0.016,168.5,0.0651,0.8132,0.5925,2,0.3421,True,0.1081,0.7678,0.2989,0.6294,focused_or_low_friction,synthetic_bootstrap
syn_00288,bootstrap_user_12,repetitive_admin,repetitive_admin_048,230.6,3.739,0.0638,0.8302,0.0665,518.1,0.0163,0.679,0.3181,13,0.9933,True,0.2422,0.763,0.7628,0.9602,automation_candidate,synthetic_bootstrap
syn_00289,bootstrap_user_01,support_lookup,support_lookup_049,165.8,4.804,0.0,0.4742,0.1333,283.8,0.0728,0.7506,0.3049,4,0.7426,True,0.193,0.7086,0.4699,0.8091,focused_or_low_friction,synthetic_bootstrap
syn_00290,bootstrap_user_02,deep_work,deep_work_050,2637.2,0.476,0.1496,0.0667,0.0936,663.0,0.1253,0.7864,0.7355,2,0.2852,True,0.2499,0.7123,0.3175,0.598,focused_or_low_friction,synthetic_bootstrap
syn_00291,bootstrap_user_03,research_browsing,research_browsing_051,1585.9,3.623,0.2805,0.0631,0.123,426.3,0.0805,0.8394,0.7797,1,0.4383,True,0.2937,0.6704,0.3195,0.6085,focused_or_low_friction,synthetic_bootstrap
syn_00292,bootstrap_user_04,deep_work,deep_work_052,1019.2,1.045,0.0602,0.2732,0.0597,639.2,0.151,0.7519,0.6607,2,0.2471,True,0.202,0.6693,0.3251,0.5975,focused_or_low_friction,synthetic_bootstrap
syn_00293,bootstrap_user_05,research_browsing,research_browsing_053,1385.6,3.18,0.1661,0.1356,0.0941,640.2,0.0881,0.6189,0.6548,1,0.2664,True,0.3487,0.6423,0.307,0.5805,moderate_friction,synthetic_bootstrap
syn_00294,bootstrap_user_06,deep_work,deep_work_054,1558.4,0.793,0.0192,0.1364,0.0431,400.1,0.0,0.7298,0.8264,2,0.5083,True,0.1645,0.7944,0.3044,0.6429,focused_or_low_friction,synthetic_bootstrap
syn_00295,bootstrap_user_07,research_browsing,research_browsing_055,1923.4,3.071,0.4445,0.1508,0.1986,615.5,0.1768,0.7836,0.7182,1,0.176,True,0.4267,0.5443,0.2879,0.5503,moderate_friction,synthetic_bootstrap
syn_00296,bootstrap_user_08,research_browsing,research_browsing_056,1628.1,0.957,0.3358,0.1521,0.1266,786.6,0.1785,0.5674,0.6301,2,0.3241,False,0.3711,0.5837,0.2825,0.6204,moderate_friction,synthetic_bootstrap
syn_00297,bootstrap_user_09,research_browsing,research_browsing_057,1685.7,2.38,0.1834,0.143,0.1618,641.0,0.114,0.5271,0.837,3,0.3777,False,0.3749,0.5654,0.3185,0.6315,moderate_friction,synthetic_bootstrap
syn_00298,bootstrap_user_10,coding_debugging,coding_debugging_058,1007.8,1.547,0.1629,0.0528,0.1653,713.3,0.0965,0.5228,0.7279,2,0.5727,True,0.326,0.6548,0.3113,0.6708,moderate_friction,synthetic_bootstrap
syn_00299,bootstrap_user_11,coding_debugging,coding_debugging_059,1059.2,1.088,0.2681,0.1655,0.3382,431.0,0.1007,0.673,0.8108,1,0.4225,True,0.3454,0.6326,0.3029,0.6008,moderate_friction,synthetic_bootstrap
syn_00300,bootstrap_user_12,coding_debugging,coding_debugging_060,2362.0,1.954,0.072,0.1817,0.0231,842.6,0.1405,0.5097,0.6729,4,0.175,False,0.3585,0.5976,0.3137,0.623,moderate_friction,synthetic_bootstrap
syn_00301,bootstrap_user_01,coding_debugging,coding_debugging_001,531.3,2.393,0.2636,0.2949,0.32,833.7,0.0277,0.6642,0.6869,2,0.5668,True,0.3422,0.7437,0.3922,0.6743,moderate_friction,synthetic_bootstrap
syn_00302,bootstrap_user_02,deep_work,deep_work_002,1309.7,0.0,0.1339,0.1589,0.0527,661.2,0.0455,0.7861,0.7325,0,0.3369,True,0.178,0.8176,0.2967,0.5663,focused_or_low_friction,synthetic_bootstrap
syn_00303,bootstrap_user_03,support_lookup,support_lookup_003,260.8,1.496,0.0915,0.7192,0.0325,461.2,0.0702,0.807,0.2967,5,0.7848,True,0.1733,0.8224,0.5183,0.8431,focused_or_low_friction,synthetic_bootstrap
syn_00304,bootstrap_user_04,support_lookup,support_lookup_004,272.0,4.834,0.148,0.7292,0.1174,662.0,0.0658,0.6976,0.2904,5,0.9124,True,0.2723,0.6925,0.5501,0.8758,focused_or_low_friction,synthetic_bootstrap
syn_00305,bootstrap_user_05,research_browsing,research_browsing_005,1063.0,4.057,0.2087,0.1894,0.0,563.7,0.1269,0.6358,0.877,2,0.2801,False,0.3039,0.5199,0.2732,0.5798,moderate_friction,synthetic_bootstrap
syn_00306,bootstrap_user_06,support_lookup,support_lookup_006,151.5,6.11,0.1584,0.6486,0.0843,197.7,0.0881,0.4428,0.299,6,0.813,True,0.2344,0.5678,0.5564,0.8724,focused_or_low_friction,synthetic_bootstrap
syn_00307,bootstrap_user_07,repetitive_admin,repetitive_admin_007,304.0,4.17,0.0472,0.7561,0.0863,504.9,0.046,0.8112,0.2628,10,0.7398,True,0.2042,0.7707,0.6634,0.9034,focused_or_low_friction,synthetic_bootstrap
syn_00308,bootstrap_user_08,coding_debugging,coding_debugging_008,863.8,3.541,0.2294,0.2821,0.3595,1226.9,0.0841,0.5381,0.5702,5,0.479,True,0.489,0.6335,0.4345,0.7338,high_friction,synthetic_bootstrap
syn_00309,bootstrap_user_09,repetitive_admin,repetitive_admin_009,390.6,2.225,0.0962,0.6717,0.0565,198.9,0.0978,0.7669,0.2575,11,0.8977,True,0.1898,0.7553,0.6886,0.9435,automation_candidate,synthetic_bootstrap
syn_00310,bootstrap_user_10,deep_work,deep_work_010,2176.6,0.873,0.069,0.2724,0.0661,520.4,0.0966,0.7712,0.5992,1,0.2909,True,0.1899,0.7489,0.3535,0.5933,focused_or_low_friction,synthetic_bootstrap
syn_00311,bootstrap_user_11,support_lookup,support_lookup_011,315.4,1.181,0.2313,0.5474,0.1327,517.5,0.0542,0.6498,0.3575,11,0.788,False,0.2825,0.7861,0.5473,0.9041,focused_or_low_friction,synthetic_bootstrap
syn_00312,bootstrap_user_12,support_lookup,support_lookup_012,371.7,3.751,0.2373,0.4936,0.0507,875.7,0.0313,0.7746,0.373,5,0.7855,True,0.3215,0.7222,0.5057,0.8341,moderate_friction,synthetic_bootstrap
syn_00313,bootstrap_user_01,repetitive_admin,repetitive_admin_013,558.8,3.454,0.0311,0.8222,0.0797,309.5,0.0724,0.725,0.1634,15,0.8586,True,0.2141,0.7808,0.7483,0.945,automation_candidate,synthetic_bootstrap
syn_00314,bootstrap_user_02,repetitive_admin,repetitive_admin_014,188.3,2.521,0.1996,0.8199,0.0698,558.5,0.0724,0.716,0.2634,9,0.7934,True,0.2189,0.714,0.6253,0.9168,focused_or_low_friction,synthetic_bootstrap
syn_00315,bootstrap_user_03,repetitive_admin,repetitive_admin_015,374.5,4.228,0.0093,0.6742,0.0607,504.8,0.0487,0.9016,0.3462,6,0.8792,True,0.2127,0.7391,0.5837,0.8832,focused_or_low_friction,synthetic_bootstrap
syn_00316,bootstrap_user_04,repetitive_admin,repetitive_admin_016,488.4,4.426,0.0,0.8849,0.0744,135.1,0.0,0.6024,0.278,8,0.9107,True,0.1817,0.7567,0.7194,0.9443,automation_candidate,synthetic_bootstrap
syn_00317,bootstrap_user_05,repetitive_admin,repetitive_admin_017,454.6,2.411,0.1741,0.6454,0.0452,309.5,0.0822,0.728,0.2105,12,1.0,True,0.2414,0.7748,0.7019,0.9747,automation_candidate,synthetic_bootstrap
syn_00318,bootstrap_user_06,coding_debugging,coding_debugging_018,1112.0,1.046,0.2575,0.1774,0.2597,585.0,0.0856,0.6685,0.7081,0,0.3155,True,0.3074,0.7039,0.2996,0.5639,moderate_friction,synthetic_bootstrap
syn_00319,bootstrap_user_07,repetitive_admin,repetitive_admin_019,301.9,3.447,0.0918,0.5834,0.1097,486.3,0.0785,0.6852,0.3979,6,0.9123,True,0.2223,0.6541,0.5618,0.8853,focused_or_low_friction,synthetic_bootstrap
syn_00320,bootstrap_user_08,research_browsing,research_browsing_020,1395.5,2.549,0.3781,0.087,0.0718,450.9,0.0818,0.7038,0.9182,1,0.2132,True,0.3471,0.6402,0.2474,0.5356,moderate_friction,synthetic_bootstrap
syn_00321,bootstrap_user_09,research_browsing,research_browsing_021,652.0,1.563,0.2354,0.2239,0.0,579.3,0.1909,0.5539,0.9192,3,0.1699,True,0.286,0.5085,0.2304,0.5697,focused_or_low_friction,synthetic_bootstrap
syn_00322,bootstrap_user_10,support_lookup,support_lookup_022,410.7,3.127,0.2663,0.5633,0.1087,621.1,0.042,0.7168,0.1349,8,0.5431,True,0.3315,0.7851,0.5142,0.8696,moderate_friction,synthetic_bootstrap
syn_00323,bootstrap_user_11,repetitive_admin,repetitive_admin_023,244.6,2.511,0.1312,0.4762,0.0795,420.5,0.0415,0.7873,0.3024,6,0.7051,True,0.1454,0.781,0.4972,0.845,focused_or_low_friction,synthetic_bootstrap
syn_00324,bootstrap_user_12,support_lookup,support_lookup_024,401.7,4.254,0.2243,0.4322,0.1223,509.2,0.0969,0.606,0.3334,10,0.7808,True,0.4184,0.6217,0.5894,0.9052,moderate_friction,synthetic_bootstrap
syn_00325,bootstrap_user_01,research_browsing,research_browsing_025,1523.3,3.294,0.2029,0.1652,0.0883,404.5,0.2175,0.5536,0.8478,1,0.2574,False,0.3207,0.4651,0.2832,0.5551,moderate_friction,synthetic_bootstrap
syn_00326,bootstrap_user_02,coding_debugging,coding_debugging_026,1627.2,1.123,0.2165,0.1502,0.4443,554.0,0.1281,0.7167,0.7054,0,0.229,False,0.3362,0.6719,0.2822,0.5426,moderate_friction,synthetic_bootstrap
syn_00327,bootstrap_user_03,coding_debugging,coding_debugging_027,1269.7,2.624,0.1773,0.1424,0.3715,616.4,0.0,0.6814,0.6164,3,0.615,True,0.3412,0.7616,0.4648,0.7173,moderate_friction,synthetic_bootstrap
syn_00328,bootstrap_user_04,support_lookup,support_lookup_028,153.8,4.29,0.2339,0.5952,0.1676,442.2,0.1221,0.8722,0.391,8,0.9092,True,0.2179,0.6812,0.5996,0.9304,focused_or_low_friction,synthetic_bootstrap
syn_00329,bootstrap_user_05,coding_debugging,coding_debugging_029,998.1,2.21,0.0175,0.2209,0.2247,1018.7,0.1498,0.6734,0.7595,0,0.5027,False,0.359,0.6615,0.3083,0.6045,moderate_friction,synthetic_bootstrap
syn_00330,bootstrap_user_06,repetitive_admin,repetitive_admin_030,361.7,2.458,0.1304,0.7216,0.0706,513.6,0.017,0.6463,0.1776,7,0.7617,True,0.1969,0.7956,0.6217,0.8966,focused_or_low_friction,synthetic_bootstrap
syn_00331,bootstrap_user_07,coding_debugging,coding_debugging_031,1073.2,3.156,0.2585,0.2376,0.2437,778.2,0.1356,0.5648,0.7718,1,0.5263,False,0.4071,0.5601,0.4226,0.6314,moderate_friction,synthetic_bootstrap
syn_00332,bootstrap_user_08,repetitive_admin,repetitive_admin_032,246.9,1.724,0.083,0.5538,0.0247,460.8,0.0499,0.6968,0.2413,6,0.992,True,0.1213,0.8202,0.5564,0.9241,focused_or_low_friction,synthetic_bootstrap
syn_00333,bootstrap_user_09,coding_debugging,coding_debugging_033,2017.4,1.726,0.3731,0.3482,0.2479,586.8,0.1371,0.6732,0.5789,1,0.0649,True,0.3871,0.6294,0.2699,0.5393,moderate_friction,synthetic_bootstrap
syn_00334,bootstrap_user_10,research_browsing,research_browsing_034,800.9,2.474,0.1595,0.1894,0.1292,1149.3,0.109,0.7138,0.7336,0,0.2577,True,0.3111,0.6314,0.2247,0.5464,moderate_friction,synthetic_bootstrap
syn_00335,bootstrap_user_11,deep_work,deep_work_035,2668.0,0.558,0.0,0.2219,0.0536,646.2,0.0507,0.7767,0.7145,2,0.4422,True,0.2247,0.803,0.3494,0.6398,focused_or_low_friction,synthetic_bootstrap
syn_00336,bootstrap_user_12,coding_debugging,coding_debugging_036,1035.8,0.899,0.3459,0.2442,0.2586,1112.2,0.0286,0.7908,0.7178,3,0.3647,True,0.3236,0.7708,0.3803,0.6425,moderate_friction,synthetic_bootstrap
syn_00337,bootstrap_user_01,deep_work,deep_work_037,1701.0,0.0,0.0029,0.3142,0.0354,706.9,0.0426,0.8054,0.7425,1,0.5411,True,0.1734,0.8065,0.3818,0.6387,focused_or_low_friction,synthetic_bootstrap
syn_00338,bootstrap_user_02,coding_debugging,coding_debugging_038,1810.5,2.082,0.4703,0.1788,0.3764,907.2,0.0466,0.6335,0.7207,1,0.4701,True,0.4567,0.6703,0.3566,0.6235,high_friction,synthetic_bootstrap
syn_00339,bootstrap_user_03,deep_work,deep_work_039,1616.2,0.863,0.0478,0.3625,0.0195,344.7,0.0598,0.9832,0.548,2,0.3798,True,0.1403,0.8521,0.3689,0.6442,focused_or_low_friction,synthetic_bootstrap
syn_00340,bootstrap_user_04,research_browsing,research_browsing_040,1447.0,0.949,0.2289,0.1165,0.0907,279.2,0.1302,0.3764,0.8119,0,0.198,False,0.3201,0.6111,0.2717,0.5221,moderate_friction,synthetic_bootstrap
syn_00341,bootstrap_user_05,deep_work,deep_work_041,1413.6,1.475,0.0067,0.2097,0.0653,282.5,0.1046,0.8956,0.7715,2,0.3658,True,0.1527,0.7334,0.3349,0.6139,focused_or_low_friction,synthetic_bootstrap
syn_00342,bootstrap_user_06,research_browsing,research_browsing_042,1771.4,1.21,0.2082,0.0693,0.1138,1011.2,0.0863,0.5953,0.8605,0,0.2373,False,0.2895,0.6385,0.2572,0.5261,focused_or_low_friction,synthetic_bootstrap
syn_00343,bootstrap_user_07,coding_debugging,coding_debugging_043,1551.3,2.537,0.377,0.2615,0.3555,697.9,0.1058,0.5404,0.8463,5,0.6132,True,0.4201,0.6019,0.4779,0.7342,moderate_friction,synthetic_bootstrap
syn_00344,bootstrap_user_08,support_lookup,support_lookup_044,292.9,3.54,0.2141,0.4789,0.1417,768.2,0.1089,0.7309,0.208,7,1.0,True,0.3093,0.7219,0.6097,0.9525,moderate_friction,synthetic_bootstrap
syn_00345,bootstrap_user_09,coding_debugging,coding_debugging_045,2216.1,1.54,0.1711,0.3624,0.1804,728.8,0.0967,0.724,0.7814,3,0.3637,True,0.4511,0.6918,0.3918,0.6346,high_friction,synthetic_bootstrap
syn_00346,bootstrap_user_10,coding_debugging,coding_debugging_046,516.0,1.626,0.2565,0.1865,0.2984,1242.3,0.1624,0.5925,0.5992,5,0.4131,True,0.3929,0.6266,0.2926,0.7139,moderate_friction,synthetic_bootstrap
syn_00347,bootstrap_user_11,research_browsing,research_browsing_047,937.7,2.879,0.2861,0.1387,0.0584,810.0,0.0866,0.645,0.7111,0,0.3906,True,0.3283,0.6241,0.2861,0.5823,moderate_friction,synthetic_bootstrap
syn_00348,bootstrap_user_12,repetitive_admin,repetitive_admin_048,624.1,1.677,0.1951,0.8785,0.1144,290.6,0.0255,0.7211,0.1505,4,0.9116,True,0.1996,0.8484,0.6733,0.8698,focused_or_low_friction,synthetic_bootstrap
syn_00349,bootstrap_user_01,support_lookup,support_lookup_049,411.0,4.983,0.2647,0.682,0.159,288.3,0.0563,0.6561,0.3332,8,0.8534,True,0.3379,0.6525,0.6778,0.9234,moderate_friction,synthetic_bootstrap
syn_00350,bootstrap_user_02,deep_work,deep_work_050,1974.9,0.342,0.0703,0.0105,0.0918,414.3,0.057,0.9468,0.5644,2,0.6124,True,0.1421,0.8106,0.3071,0.7004,focused_or_low_friction,synthetic_bootstrap
syn_00351,bootstrap_user_03,coding_debugging,coding_debugging_051,914.8,1.582,0.2008,0.2074,0.2898,906.2,0.0381,0.535,0.704,2,0.6771,True,0.2875,0.7164,0.4313,0.6998,focused_or_low_friction,synthetic_bootstrap
syn_00352,bootstrap_user_04,deep_work,deep_work_052,1737.4,0.254,0.1679,0.0644,0.123,486.0,0.104,0.9565,0.7362,1,0.4827,True,0.188,0.7294,0.2725,0.6248,focused_or_low_friction,synthetic_bootstrap
syn_00353,bootstrap_user_05,support_lookup,support_lookup_053,265.1,4.742,0.0438,0.6846,0.069,750.3,0.0494,0.5476,0.3683,4,0.9169,True,0.295,0.6919,0.5481,0.845,focused_or_low_friction,synthetic_bootstrap
syn_00354,bootstrap_user_06,support_lookup,support_lookup_054,131.1,4.79,0.092,0.477,0.1518,614.5,0.0224,0.5981,0.2606,12,0.8806,True,0.2679,0.6978,0.6113,0.9389,focused_or_low_friction,synthetic_bootstrap
syn_00355,bootstrap_user_07,support_lookup,support_lookup_055,270.5,4.843,0.1722,0.6522,0.1139,490.6,0.0511,0.6174,0.3855,8,0.8098,True,0.2727,0.6795,0.6415,0.9062,focused_or_low_friction,synthetic_bootstrap
syn_00356,bootstrap_user_08,support_lookup,support_lookup_056,275.2,3.806,0.1979,0.4722,0.1754,553.6,0.0399,0.6433,0.302,10,0.7698,True,0.3041,0.7105,0.5864,0.9062,moderate_friction,synthetic_bootstrap
syn_00357,bootstrap_user_09,coding_debugging,coding_debugging_057,1223.5,0.801,0.3078,0.2354,0.313,789.3,0.113,0.7571,0.602,2,0.5133,True,0.3436,0.7554,0.4058,0.6711,moderate_friction,synthetic_bootstrap
syn_00358,bootstrap_user_10,coding_debugging,coding_debugging_058,1608.9,1.924,0.1708,0.2086,0.3712,885.8,0.1202,0.5864,0.6826,2,0.5214,True,0.3843,0.65,0.3775,0.6634,moderate_friction,synthetic_bootstrap
syn_00359,bootstrap_user_11,support_lookup,support_lookup_059,306.9,4.07,0.3053,0.5657,0.1189,629.2,0.0338,0.6527,0.3307,5,0.746,True,0.3062,0.7209,0.5341,0.8293,moderate_friction,synthetic_bootstrap
syn_00360,bootstrap_user_12,support_lookup,support_lookup_060,120.3,4.923,0.0669,0.7017,0.0846,521.5,0.0212,0.6722,0.462,4,0.7293,True,0.2438,0.6597,0.561,0.7869,focused_or_low_friction,synthetic_bootstrap
syn_00361,bootstrap_user_01,research_browsing,research_browsing_001,1614.3,3.767,0.2071,0.0316,0.1337,525.7,0.1372,0.5537,0.819,1,0.4037,True,0.4252,0.5819,0.3427,0.5951,moderate_friction,synthetic_bootstrap
syn_00362,bootstrap_user_02,deep_work,deep_work_002,2437.7,0.762,0.1383,0.1423,0.0123,720.6,0.1252,0.8175,0.5575,1,0.1315,True,0.1973,0.7315,0.2322,0.5585,focused_or_low_friction,synthetic_bootstrap
syn_00363,bootstrap_user_03,deep_work,deep_work_003,1086.6,0.907,0.0633,0.2171,0.0266,313.7,0.0,0.6453,0.8598,4,0.3611,True,0.1452,0.7927,0.3327,0.6471,focused_or_low_friction,synthetic_bootstrap
syn_00364,bootstrap_user_04,deep_work,deep_work_004,1918.8,0.794,0.0516,0.1079,0.1047,274.2,0.0981,0.7823,0.6927,3,0.3298,True,0.1325,0.7247,0.314,0.6368,focused_or_low_friction,synthetic_bootstrap
syn_00365,bootstrap_user_05,coding_debugging,coding_debugging_005,1965.5,0.436,0.2694,0.3857,0.2215,724.7,0.1166,0.6303,0.8766,3,0.6059,True,0.3619,0.6426,0.4033,0.6838,moderate_friction,synthetic_bootstrap
syn_00366,bootstrap_user_06,support_lookup,support_lookup_006,308.4,3.837,0.1263,0.6848,0.0528,658.7,0.0456,0.7759,0.3168,8,0.808,True,0.2645,0.7151,0.6349,0.914,focused_or_low_friction,synthetic_bootstrap
syn_00367,bootstrap_user_07,coding_debugging,coding_debugging_007,1060.5,2.911,0.3559,0.1627,0.2085,950.4,0.0848,0.713,0.7022,4,0.4793,True,0.3593,0.6461,0.4314,0.6956,moderate_friction,synthetic_bootstrap
syn_00368,bootstrap_user_08,coding_debugging,coding_debugging_008,1075.6,2.678,0.2851,0.2525,0.4723,1092.4,0.104,0.6336,0.6498,2,0.4633,False,0.4424,0.6084,0.4326,0.6529,high_friction,synthetic_bootstrap
syn_00369,bootstrap_user_09,repetitive_admin,repetitive_admin_009,406.7,2.213,0.2002,0.8956,0.0905,472.1,0.073,0.8656,0.3528,3,1.0,True,0.1983,0.7485,0.6396,0.8452,focused_or_low_friction,synthetic_bootstrap
syn_00370,bootstrap_user_10,research_browsing,research_browsing_010,1210.9,3.363,0.2869,0.1347,0.0442,734.9,0.0833,0.5975,0.6925,2,0.3858,True,0.3073,0.5953,0.3398,0.6283,moderate_friction,synthetic_bootstrap
syn_00371,bootstrap_user_11,coding_debugging,coding_debugging_011,1352.5,2.565,0.2237,0.2698,0.4502,833.3,0.0183,0.6324,0.9244,1,0.4242,True,0.398,0.6861,0.393,0.5876,moderate_friction,synthetic_bootstrap
syn_00372,bootstrap_user_12,repetitive_admin,repetitive_admin_012,432.7,4.477,0.1129,0.678,0.0532,143.8,0.0583,0.9249,0.3258,11,0.827,True,0.2118,0.7856,0.718,0.9176,automation_candidate,synthetic_bootstrap
syn_00373,bootstrap_user_01,repetitive_admin,repetitive_admin_013,540.8,3.235,0.1326,0.6296,0.0221,233.5,0.0515,0.7137,0.1331,8,0.8345,True,0.2029,0.7685,0.6267,0.9427,focused_or_low_friction,synthetic_bootstrap
syn_00374,bootstrap_user_02,repetitive_admin,repetitive_admin_014,559.0,1.297,0.0009,0.7204,0.0838,432.5,0.0338,0.6574,0.2793,6,0.9841,True,0.1988,0.8773,0.6381,0.9175,focused_or_low_friction,synthetic_bootstrap
syn_00375,bootstrap_user_03,deep_work,deep_work_015,2078.1,1.091,0.1166,0.1732,0.0997,468.1,0.057,0.846,0.8829,3,0.3865,True,0.1876,0.7365,0.3533,0.6282,focused_or_low_friction,synthetic_bootstrap
syn_00376,bootstrap_user_04,deep_work,deep_work_016,2543.6,0.453,0.0558,0.3245,0.0948,778.2,0.0883,0.8397,0.6495,2,0.5129,True,0.2231,0.7877,0.389,0.6653,focused_or_low_friction,synthetic_bootstrap
syn_00377,bootstrap_user_05,research_browsing,research_browsing_017,1103.3,4.11,0.3193,0.144,0.1106,384.1,0.0652,0.5949,0.8025,1,0.2141,True,0.3277,0.5558,0.2664,0.5497,moderate_friction,synthetic_bootstrap
syn_00378,bootstrap_user_06,support_lookup,support_lookup_018,73.7,4.803,0.0358,0.6241,0.192,821.2,0.0058,0.6898,0.2512,3,0.7787,True,0.2666,0.7505,0.5201,0.802,focused_or_low_friction,synthetic_bootstrap
syn_00379,bootstrap_user_07,repetitive_admin,repetitive_admin_019,83.4,2.447,0.0706,0.7294,0.0719,361.6,0.0448,0.742,0.334,9,0.8373,True,0.1804,0.7738,0.5942,0.9192,focused_or_low_friction,synthetic_bootstrap
syn_00380,bootstrap_user_08,coding_debugging,coding_debugging_020,1622.9,1.208,0.4785,0.1061,0.2655,533.0,0.2094,0.5546,0.6699,2,0.4334,True,0.4274,0.4595,0.3377,0.643,moderate_friction,synthetic_bootstrap
syn_00381,bootstrap_user_09,support_lookup,support_lookup_021,261.8,5.546,0.2847,0.5956,0.1508,321.7,0.083,0.6028,0.2297,6,0.93,True,0.3558,0.6146,0.6337,0.9099,moderate_friction,synthetic_bootstrap
syn_00382,bootstrap_user_10,research_browsing,research_browsing_022,1023.9,3.248,0.2395,0.2329,0.1125,487.4,0.154,0.7878,0.7533,0,0.3599,True,0.2825,0.5947,0.315,0.5696,focused_or_low_friction,synthetic_bootstrap
syn_00383,bootstrap_user_11,coding_debugging,coding_debugging_023,979.0,2.11,0.4417,0.243,0.1764,469.1,0.107,0.4858,0.5638,3,0.5158,True,0.3497,0.6161,0.4309,0.6988,moderate_friction,synthetic_bootstrap
syn_00384,bootstrap_user_12,support_lookup,support_lookup_024,320.5,1.173,0.1608,0.6873,0.0895,526.5,0.0825,0.6681,0.5259,10,0.7781,True,0.186,0.7247,0.5605,0.8814,focused_or_low_friction,synthetic_bootstrap
syn_00385,bootstrap_user_01,repetitive_admin,repetitive_admin_025,453.2,3.353,0.1618,0.8876,0.0789,676.5,0.057,0.6221,0.2238,7,0.9074,True,0.2686,0.7298,0.6811,0.9275,automation_candidate,synthetic_bootstrap
syn_00386,bootstrap_user_02,research_browsing,research_browsing_026,1755.7,3.705,0.325,0.1535,0.1601,349.9,0.0406,0.4343,0.8007,3,0.2277,True,0.369,0.6125,0.3141,0.5983,moderate_friction,synthetic_bootstrap
syn_00387,bootstrap_user_03,coding_debugging,coding_debugging_027,860.0,0.989,0.2171,0.3577,0.3091,587.6,0.1618,0.5456,0.862,5,0.4278,True,0.3877,0.5884,0.4142,0.686,moderate_friction,synthetic_bootstrap
syn_00388,bootstrap_user_04,research_browsing,research_browsing_028,1828.1,3.773,0.338,0.127,0.1159,389.1,0.1433,0.5772,0.8225,2,0.2699,True,0.4084,0.5502,0.2961,0.5838,moderate_friction,synthetic_bootstrap
syn_00389,bootstrap_user_05,deep_work,deep_work_029,2076.8,0.994,0.0804,0.0279,0.0249,309.4,0.0,0.9326,0.7168,1,0.0872,True,0.1339,0.8836,0.1878,0.5283,focused_or_low_friction,synthetic_bootstrap
syn_00390,bootstrap_user_06,research_browsing,research_browsing_030,1781.9,2.472,0.225,0.2772,0.0827,498.2,0.1809,0.5855,0.8873,1,0.4688,True,0.3724,0.5265,0.3435,0.6032,moderate_friction,synthetic_bootstrap
syn_00391,bootstrap_user_07,coding_debugging,coding_debugging_031,1099.2,1.802,0.3856,0.2197,0.1503,343.3,0.0137,0.678,0.6048,3,0.4391,False,0.2777,0.7492,0.3174,0.6747,focused_or_low_friction,synthetic_bootstrap
syn_00392,bootstrap_user_08,deep_work,deep_work_032,1638.2,0.991,0.162,0.2849,0.0218,387.0,0.0174,0.9416,0.7813,2,0.3699,True,0.1761,0.8335,0.3528,0.6137,focused_or_low_friction,synthetic_bootstrap
syn_00393,bootstrap_user_09,support_lookup,support_lookup_033,225.1,5.221,0.2453,0.5952,0.0924,724.0,0.1099,0.5851,0.331,8,0.8387,True,0.388,0.6068,0.6104,0.9199,moderate_friction,synthetic_bootstrap
syn_00394,bootstrap_user_10,coding_debugging,coding_debugging_034,1891.5,1.796,0.2703,0.1147,0.2828,392.9,0.1374,0.6562,0.6923,2,0.5266,True,0.3771,0.6357,0.3195,0.6636,moderate_friction,synthetic_bootstrap
syn_00395,bootstrap_user_11,deep_work,deep_work_035,2142.5,0.047,0.0741,0.0569,0.1616,241.7,0.014,0.8307,0.6386,0,0.4131,True,0.1227,0.8392,0.2942,0.5966,focused_or_low_friction,synthetic_bootstrap
syn_00396,bootstrap_user_12,support_lookup,support_lookup_036,389.5,5.623,0.1677,0.3044,0.1295,784.7,0.097,0.7063,0.2292,5,0.9834,True,0.3431,0.6643,0.5386,0.9008,moderate_friction,synthetic_bootstrap
syn_00397,bootstrap_user_01,research_browsing,research_browsing_037,759.1,4.681,0.2615,0.1495,0.0427,1100.4,0.1088,0.7477,0.8715,1,0.2384,True,0.3886,0.5232,0.2879,0.5475,moderate_friction,synthetic_bootstrap
syn_00398,bootstrap_user_02,repetitive_admin,repetitive_admin_038,401.8,2.167,0.1357,0.558,0.0613,276.2,0.035,0.7336,0.1784,14,0.8995,True,0.1678,0.8058,0.7105,0.9535,automation_candidate,synthetic_bootstrap
syn_00399,bootstrap_user_03,support_lookup,support_lookup_039,202.2,4.086,0.2376,0.4591,0.1456,625.0,0.0981,0.749,0.503,6,0.7037,True,0.2549,0.6171,0.4923,0.8206,focused_or_low_friction,synthetic_bootstrap
syn_00400,bootstrap_user_04,support_lookup,support_lookup_040,422.5,4.527,0.2599,0.3605,0.085,182.7,0.0834,0.5053,0.2194,8,0.8962,True,0.3526,0.6547,0.5758,0.9477,moderate_friction,synthetic_bootstrap
syn_00401,bootstrap_user_05,repetitive_admin,repetitive_admin_041,255.8,3.765,0.1568,0.8273,0.0925,228.1,0.0707,0.7399,0.2317,7,0.8048,True,0.1544,0.7091,0.6223,0.9009,focused_or_low_friction,synthetic_bootstrap
syn_00402,bootstrap_user_06,research_browsing,research_browsing_042,2156.9,4.16,0.0723,0.2881,0.1675,391.7,0.0,0.5713,0.8898,4,0.1955,True,0.2859,0.6597,0.3551,0.6021,focused_or_low_friction,synthetic_bootstrap
syn_00403,bootstrap_user_07,coding_debugging,coding_debugging_043,1618.6,3.368,0.385,0.1049,0.3863,912.4,0.0164,0.3826,0.8238,2,0.2401,True,0.4976,0.6127,0.2712,0.5762,high_friction,synthetic_bootstrap
syn_00404,bootstrap_user_08,deep_work,deep_work_044,2742.8,1.252,0.0632,0.1264,0.108,246.7,0.0929,0.7135,0.6729,0,0.2158,True,0.2273,0.72,0.204,0.5432,focused_or_low_friction,synthetic_bootstrap
syn_00405,bootstrap_user_09,research_browsing,research_browsing_045,1051.5,3.507,0.2375,0.0077,0.1104,730.6,0.1742,0.5014,0.6206,1,0.1684,True,0.2886,0.5164,0.2916,0.5601,focused_or_low_friction,synthetic_bootstrap
syn_00406,bootstrap_user_10,research_browsing,research_browsing_046,1353.6,3.986,0.0722,0.0518,0.1719,672.3,0.1152,0.4458,0.8081,1,0.4424,False,0.3737,0.5369,0.2575,0.6061,moderate_friction,synthetic_bootstrap
syn_00407,bootstrap_user_11,repetitive_admin,repetitive_admin_047,167.3,4.755,0.0582,0.6755,0.1062,572.7,0.044,0.7036,0.2872,5,0.8141,True,0.2319,0.7663,0.5691,0.8516,focused_or_low_friction,synthetic_bootstrap
syn_00408,bootstrap_user_12,research_browsing,research_browsing_048,1925.6,1.822,0.2673,0.1222,0.1198,801.5,0.1125,0.8689,0.9142,3,0.3917,True,0.3071,0.6779,0.2992,0.6257,moderate_friction,synthetic_bootstrap
syn_00409,bootstrap_user_01,deep_work,deep_work_049,1517.8,1.053,0.1417,0.0577,0.0644,467.6,0.0725,0.8883,1.0,2,0.2618,True,0.182,0.6961,0.2581,0.5604,focused_or_low_friction,synthetic_bootstrap
syn_00410,bootstrap_user_02,research_browsing,research_browsing_050,1576.0,2.491,0.3986,0.1212,0.094,790.6,0.1546,0.7333,0.8343,3,0.2202,True,0.4005,0.5946,0.2558,0.5924,moderate_friction,synthetic_bootstrap
syn_00411,bootstrap_user_03,coding_debugging,coding_debugging_051,691.8,2.941,0.0,0.2892,0.406,630.1,0.0785,0.4918,0.6678,2,0.3244,True,0.2977,0.6456,0.4008,0.616,focused_or_low_friction,synthetic_bootstrap
syn_00412,bootstrap_user_04,coding_debugging,coding_debugging_052,922.6,2.51,0.2165,0.181,0.1296,371.4,0.0397,0.6302,0.8276,0,0.3431,True,0.2554,0.6995,0.2862,0.5565,focused_or_low_friction,synthetic_bootstrap
syn_00413,bootstrap_user_05,deep_work,deep_work_053,1776.2,1.455,0.1029,0.0892,0.0979,301.0,0.0968,0.8612,0.5433,2,0.3359,True,0.1937,0.7577,0.3056,0.6338,focused_or_low_friction,synthetic_bootstrap
syn_00414,bootstrap_user_06,research_browsing,research_browsing_054,1816.7,2.04,0.1012,0.0,0.0965,469.3,0.1299,0.3435,0.7482,2,0.1764,True,0.3327,0.5755,0.26,0.5693,moderate_friction,synthetic_bootstrap
syn_00415,bootstrap_user_07,deep_work,deep_work_055,2276.4,0.842,0.0393,0.1134,0.1218,266.2,0.0729,0.7891,0.6697,0,0.1278,True,0.2067,0.7275,0.2378,0.5216,focused_or_low_friction,synthetic_bootstrap
syn_00416,bootstrap_user_08,repetitive_admin,repetitive_admin_056,582.5,3.796,0.095,0.6068,0.0832,412.2,0.0529,0.7238,0.1717,10,0.8977,True,0.2552,0.7919,0.6769,0.9538,focused_or_low_friction,synthetic_bootstrap
syn_00417,bootstrap_user_09,deep_work,deep_work_057,2440.7,0.47,0.1354,0.2487,0.0753,749.0,0.0988,0.7498,0.6426,3,0.4608,True,0.249,0.7389,0.3637,0.6756,focused_or_low_friction,synthetic_bootstrap
syn_00418,bootstrap_user_10,coding_debugging,coding_debugging_058,2161.0,2.41,0.2732,0.3591,0.2635,1041.9,0.0166,0.5601,0.8249,5,0.3117,True,0.4471,0.6721,0.4106,0.6614,high_friction,synthetic_bootstrap
syn_00419,bootstrap_user_11,repetitive_admin,repetitive_admin_059,551.5,2.656,0.0021,0.5639,0.0804,137.8,0.0411,0.6147,0.444,17,0.7753,True,0.1882,0.7447,0.6921,0.8906,automation_candidate,synthetic_bootstrap
syn_00420,bootstrap_user_12,research_browsing,research_browsing_060,1116.7,2.685,0.1352,0.2717,0.0,552.6,0.1077,0.5007,0.8691,3,0.1306,True,0.2529,0.6122,0.3127,0.5658,focused_or_low_friction,synthetic_bootstrap
syn_00421,bootstrap_user_01,coding_debugging,coding_debugging_001,873.3,1.832,0.2763,0.2608,0.208,719.2,0.0615,0.4763,0.6383,1,0.3612,True,0.3253,0.709,0.2903,0.6062,moderate_friction,synthetic_bootstrap
syn_00422,bootstrap_user_02,deep_work,deep_work_002,2034.7,0.803,0.1208,0.2073,0.0818,481.1,0.0502,0.8691,0.4921,2,0.3472,True,0.1671,0.8153,0.3742,0.6428,focused_or_low_friction,synthetic_bootstrap
syn_00423,bootstrap_user_03,deep_work,deep_work_003,3416.7,1.349,0.0517,0.2004,0.1237,283.5,0.0296,0.8149,0.7608,0,0.2635,True,0.2316,0.8094,0.2428,0.5446,focused_or_low_friction,synthetic_bootstrap
syn_00424,bootstrap_user_04,deep_work,deep_work_004,2976.1,0.108,0.0,0.1453,0.0333,443.0,0.0771,0.8043,0.5958,2,0.3119,False,0.1842,0.7783,0.2582,0.6215,focused_or_low_friction,synthetic_bootstrap
syn_00425,bootstrap_user_05,coding_debugging,coding_debugging_005,1022.6,1.058,0.1315,0.2927,0.1222,1147.2,0.108,0.6052,0.6165,4,0.4196,True,0.3213,0.6543,0.3632,0.6909,moderate_friction,synthetic_bootstrap
syn_00426,bootstrap_user_06,coding_debugging,coding_debugging_006,595.9,2.515,0.2796,0.3449,0.208,929.4,0.0943,0.5063,0.7585,2,0.3319,True,0.3488,0.6028,0.322,0.607,moderate_friction,synthetic_bootstrap
syn_00427,bootstrap_user_07,repetitive_admin,repetitive_admin_007,224.3,3.275,0.0718,0.5976,0.0704,475.4,0.0556,0.6922,0.2229,11,0.6683,True,0.1426,0.7309,0.5801,0.8903,focused_or_low_friction,synthetic_bootstrap
syn_00428,bootstrap_user_08,research_browsing,research_browsing_008,2435.1,4.845,0.2836,0.2085,0.0069,684.5,0.0825,0.482,0.8124,1,0.4043,True,0.4323,0.5227,0.3397,0.5961,moderate_friction,synthetic_bootstrap
syn_00429,bootstrap_user_09,deep_work,deep_work_009,1952.3,0.297,0.0882,0.133,0.057,365.3,0.0738,0.7586,0.6807,1,0.2766,True,0.1843,0.7572,0.2747,0.58,focused_or_low_friction,synthetic_bootstrap
syn_00430,bootstrap_user_10,coding_debugging,coding_debugging_010,637.9,1.807,0.2448,0.1153,0.3387,648.5,0.0822,0.5474,1.0,2,0.1304,True,0.3501,0.6388,0.201,0.5276,moderate_friction,synthetic_bootstrap
syn_00431,bootstrap_user_11,research_browsing,research_browsing_011,1989.5,3.816,0.2029,0.1592,0.109,843.0,0.1299,0.4988,0.7861,4,0.3301,True,0.4392,0.5439,0.367,0.6482,moderate_friction,synthetic_bootstrap
syn_00432,bootstrap_user_12,coding_debugging,coding_debugging_012,1503.8,2.847,0.309,0.1706,0.3386,762.6,0.0846,0.9047,0.5661,4,0.2992,True,0.4238,0.6842,0.3639,0.6669,moderate_friction,synthetic_bootstrap
syn_00433,bootstrap_user_01,coding_debugging,coding_debugging_013,1092.1,1.438,0.3772,0.1865,0.3654,434.4,0.0097,0.5848,0.5631,5,0.2058,False,0.3225,0.7387,0.3302,0.6664,moderate_friction,synthetic_bootstrap
syn_00434,bootstrap_user_02,research_browsing,research_browsing_014,2370.0,1.898,0.2023,0.1633,0.1355,751.7,0.0687,0.5409,0.7818,3,0.1598,True,0.3579,0.6588,0.2665,0.5836,moderate_friction,synthetic_bootstrap
syn_00435,bootstrap_user_03,deep_work,deep_work_015,1150.9,0.407,0.0315,0.1169,0.0411,575.2,0.0487,0.7485,0.6407,2,0.3758,True,0.1161,0.7738,0.2752,0.6321,focused_or_low_friction,synthetic_bootstrap
syn_00436,bootstrap_user_04,repetitive_admin,repetitive_admin_016,616.0,3.731,0.0683,0.6523,0.047,264.8,0.0638,0.7141,0.4881,13,0.9648,True,0.2456,0.7152,0.7167,0.9326,automation_candidate,synthetic_bootstrap
syn_00437,bootstrap_user_05,deep_work,deep_work_017,2615.1,0.982,0.0931,0.1602,0.177,191.9,0.1535,0.8051,0.5394,1,0.1519,True,0.1966,0.701,0.3041,0.5657,focused_or_low_friction,synthetic_bootstrap
syn_00438,bootstrap_user_06,support_lookup,support_lookup_018,192.8,3.978,0.0757,0.5695,0.2387,660.0,0.0521,0.5988,0.3553,7,0.7481,True,0.2541,0.687,0.5547,0.8719,focused_or_low_friction,synthetic_bootstrap
syn_00439,bootstrap_user_07,coding_debugging,coding_debugging_019,574.1,2.856,0.2784,0.0572,0.3109,341.9,0.1347,0.5826,0.9051,4,0.2715,True,0.3055,0.5247,0.3174,0.6193,moderate_friction,synthetic_bootstrap
syn_00440,bootstrap_user_08,coding_debugging,coding_debugging_020,1095.4,3.04,0.2486,0.222,0.2967,1067.7,0.1156,0.4937,0.8823,2,0.3562,True,0.4486,0.5553,0.354,0.5982,high_friction,synthetic_bootstrap
syn_00441,bootstrap_user_09,research_browsing,research_browsing_021,1148.6,2.367,0.1867,0.2171,0.132,599.2,0.1574,0.5705,0.7597,2,0.1369,True,0.2787,0.5496,0.2447,0.5581,focused_or_low_friction,synthetic_bootstrap
syn_00442,bootstrap_user_10,deep_work,deep_work_022,1712.4,1.524,0.0741,0.2015,0.2076,522.7,0.0494,0.7698,0.6801,1,0.283,True,0.2401,0.7256,0.2905,0.5816,focused_or_low_friction,synthetic_bootstrap
syn_00443,bootstrap_user_11,coding_debugging,coding_debugging_023,891.2,2.739,0.4057,0.5102,0.2534,671.9,0.1294,0.535,0.7059,2,0.053,True,0.3755,0.5901,0.3642,0.5435,moderate_friction,synthetic_bootstrap
syn_00444,bootstrap_user_12,repetitive_admin,repetitive_admin_024,231.8,2.942,0.0,0.5747,0.1054,347.8,0.0777,0.563,0.2558,6,0.9365,True,0.2073,0.7574,0.5593,0.9084,focused_or_low_friction,synthetic_bootstrap
syn_00445,bootstrap_user_01,repetitive_admin,repetitive_admin_025,620.3,2.156,0.0551,0.8103,0.0198,454.5,0.053,0.8365,0.2741,8,0.9007,True,0.1898,0.8221,0.6904,0.9423,automation_candidate,synthetic_bootstrap
syn_00446,bootstrap_user_02,coding_debugging,coding_debugging_026,916.7,2.125,0.4554,0.1957,0.2528,336.1,0.0979,0.6823,0.8036,3,0.5538,True,0.3492,0.6383,0.4371,0.6795,moderate_friction,synthetic_bootstrap
syn_00447,bootstrap_user_03,research_browsing,research_browsing_027,1265.2,1.54,0.2797,0.2424,0.1785,931.9,0.2073,0.6544,0.8183,0,0.337,True,0.3783,0.5417,0.3172,0.556,moderate_friction,synthetic_bootstrap
syn_00448,bootstrap_user_04,coding_debugging,coding_debugging_028,1056.2,3.042,0.0,0.259,0.4202,1266.2,0.1366,0.7953,0.7369,3,0.4941,True,0.357,0.626,0.3973,0.6726,moderate_friction,synthetic_bootstrap
syn_00449,bootstrap_user_05,deep_work,deep_work_029,2064.2,0.805,0.062,0.1047,0.1153,590.5,0.0348,0.717,0.7755,0,0.4157,True,0.2557,0.7848,0.2983,0.5809,focused_or_low_friction,synthetic_bootstrap
syn_00450,bootstrap_user_06,coding_debugging,coding_debugging_030,2113.4,0.099,0.2289,0.3248,0.2663,1102.3,0.098,0.6245,0.6925,2,0.3434,True,0.3773,0.7245,0.3747,0.6177,moderate_friction,synthetic_bootstrap
syn_00451,bootstrap_user_07,deep_work,deep_work_031,2349.7,0.292,0.0,0.1497,0.2349,677.9,0.0578,0.854,0.7528,0,0.5144,True,0.2168,0.7971,0.346,0.6083,focused_or_low_friction,synthetic_bootstrap
syn_00452,bootstrap_user_08,research_browsing,research_browsing_032,972.4,1.122,0.2491,0.0165,0.0849,911.1,0.139,0.7051,0.8496,4,0.2294,True,0.2878,0.6454,0.2714,0.6154,focused_or_low_friction,synthetic_bootstrap
syn_00453,bootstrap_user_09,coding_debugging,coding_debugging_033,1873.5,1.722,0.4348,0.2993,0.2968,921.0,0.1131,0.6492,0.6993,1,0.3731,True,0.4709,0.6022,0.3555,0.6019,high_friction,synthetic_bootstrap
syn_00454,bootstrap_user_10,deep_work,deep_work_034,2124.0,1.178,0.0,0.1427,0.113,459.4,0.1338,0.7543,0.4751,2,0.2855,True,0.2002,0.7468,0.2875,0.6294,focused_or_low_friction,synthetic_bootstrap
syn_00455,bootstrap_user_11,deep_work,deep_work_035,2968.0,0.423,0.0844,0.0525,0.0921,425.9,0.0204,1.0,0.6305,1,0.4663,True,0.2015,0.8407,0.3054,0.6334,focused_or_low_friction,synthetic_bootstrap
syn_00456,bootstrap_user_12,repetitive_admin,repetitive_admin_036,137.8,4.102,0.0219,0.6236,0.0799,437.9,0.0422,0.8767,0.3523,11,0.7616,True,0.1489,0.8035,0.6565,0.8981,focused_or_low_friction,synthetic_bootstrap
syn_00457,bootstrap_user_01,research_browsing,research_browsing_037,1606.3,4.135,0.0,0.1644,0.1551,853.4,0.049,0.5448,0.5971,2,0.074,True,0.3663,0.6577,0.3133,0.5618,moderate_friction,synthetic_bootstrap
syn_00458,bootstrap_user_02,support_lookup,support_lookup_038,238.3,4.59,0.0882,0.7009,0.0279,190.6,0.0563,0.6389,0.39,5,0.9786,True,0.2282,0.6898,0.6214,0.8803,focused_or_low_friction,synthetic_bootstrap
syn_00459,bootstrap_user_03,coding_debugging,coding_debugging_039,1359.2,2.598,0.361,0.0575,0.1213,760.2,0.0901,0.6738,0.722,3,0.2456,True,0.3301,0.642,0.252,0.6123,moderate_friction,synthetic_bootstrap
syn_00460,bootstrap_user_04,coding_debugging,coding_debugging_040,1256.7,0.878,0.2378,0.3295,0.3227,352.1,0.0664,0.4448,0.5505,3,0.4984,False,0.3269,0.7025,0.4243,0.696,moderate_friction,synthetic_bootstrap
syn_00461,bootstrap_user_05,support_lookup,support_lookup_041,152.7,3.772,0.0743,0.5101,0.1144,498.8,0.1519,0.5254,0.3462,2,0.7512,True,0.2891,0.5941,0.437,0.7613,focused_or_low_friction,synthetic_bootstrap
syn_00462,bootstrap_user_06,deep_work,deep_work_042,1584.8,0.17,0.0474,0.1194,0.0937,550.6,0.0706,0.7998,0.5079,2,0.2665,True,0.1895,0.8055,0.2696,0.6207,focused_or_low_friction,synthetic_bootstrap
syn_00463,bootstrap_user_07,research_browsing,research_browsing_043,1341.7,3.384,0.1916,0.1349,0.1282,759.5,0.0927,0.3815,0.8365,1,0.3257,True,0.3312,0.5607,0.3178,0.5735,moderate_friction,synthetic_bootstrap
syn_00464,bootstrap_user_08,repetitive_admin,repetitive_admin_044,515.6,3.317,0.0014,0.8732,0.0964,223.6,0.0264,0.7608,0.348,6,0.926,True,0.1684,0.7465,0.6552,0.8948,focused_or_low_friction,synthetic_bootstrap
syn_00465,bootstrap_user_09,support_lookup,support_lookup_045,410.8,6.769,0.1988,0.537,0.0989,605.2,0.0131,0.6028,0.5178,3,0.7151,True,0.3975,0.6176,0.51,0.7541,moderate_friction,synthetic_bootstrap
syn_00466,bootstrap_user_10,coding_debugging,coding_debugging_046,1373.6,3.965,0.2661,0.2359,0.4527,637.2,0.0338,0.6375,0.8276,3,0.4064,True,0.4066,0.6641,0.3731,0.6398,moderate_friction,synthetic_bootstrap
syn_00467,bootstrap_user_11,coding_debugging,coding_debugging_047,989.9,1.851,0.2033,0.2648,0.3443,892.5,0.0512,0.4289,0.7462,2,0.6774,True,0.4183,0.6435,0.4489,0.6948,moderate_friction,synthetic_bootstrap
syn_00468,bootstrap_user_12,research_browsing,research_browsing_048,1785.5,3.834,0.1881,0.2823,0.1,678.2,0.0331,0.6574,0.7792,2,0.3282,True,0.3391,0.6789,0.3598,0.6036,moderate_friction,synthetic_bootstrap
syn_00469,bootstrap_user_01,deep_work,deep_work_049,1072.4,1.056,0.0395,0.0441,0.0389,501.0,0.0761,0.6494,0.6416,3,0.2958,True,0.2058,0.7492,0.3182,0.6345,focused_or_low_friction,synthetic_bootstrap
syn_00470,bootstrap_user_02,support_lookup,support_lookup_050,45.0,6.38,0.2309,0.94,0.0709,202.6,0.0602,0.6325,0.4319,10,0.7813,True,0.2811,0.6046,0.6684,0.8935,focused_or_low_friction,synthetic_bootstrap
syn_00471,bootstrap_user_03,support_lookup,support_lookup_051,363.7,5.812,0.2667,0.5981,0.003,493.3,0.0373,0.647,0.2862,6,0.6861,True,0.3609,0.6488,0.5584,0.8422,moderate_friction,synthetic_bootstrap
syn_00472,bootstrap_user_04,support_lookup,support_lookup_052,355.5,5.397,0.2436,0.6594,0.1462,767.2,0.0728,0.4763,0.3019,9,0.7273,True,0.4016,0.6163,0.6579,0.8956,moderate_friction,synthetic_bootstrap
syn_00473,bootstrap_user_05,deep_work,deep_work_053,1708.6,0.879,0.125,0.0322,0.0757,599.2,0.0826,0.9374,0.5224,0,0.4424,True,0.1688,0.8002,0.3055,0.6179,focused_or_low_friction,synthetic_bootstrap
syn_00474,bootstrap_user_06,deep_work,deep_work_054,1393.1,0.482,0.0895,0.2223,0.0317,414.4,0.0702,0.8534,0.6791,1,0.4998,False,0.1333,0.7486,0.3251,0.636,focused_or_low_friction,synthetic_bootstrap
syn_00475,bootstrap_user_07,repetitive_admin,repetitive_admin_055,497.4,3.521,0.156,0.7861,0.1635,282.8,0.0014,0.6455,0.2096,4,0.8675,True,0.2793,0.7995,0.681,0.8517,automation_candidate,synthetic_bootstrap
syn_00476,bootstrap_user_08,repetitive_admin,repetitive_admin_056,366.5,1.567,0.1832,0.4994,0.0498,447.6,0.0469,0.7228,0.1619,8,0.9403,True,0.1614,0.792,0.5701,0.9656,focused_or_low_friction,synthetic_bootstrap
syn_00477,bootstrap_user_09,support_lookup,support_lookup_057,299.2,4.712,0.116,0.3326,0.131,358.4,0.0807,0.5844,0.2513,7,1.0,True,0.2929,0.674,0.5225,0.9473,focused_or_low_friction,synthetic_bootstrap
syn_00478,bootstrap_user_10,coding_debugging,coding_debugging_058,594.9,0.0,0.4703,0.3927,0.3393,815.1,0.0224,0.5859,0.8992,3,0.3409,True,0.3624,0.7157,0.2886,0.6148,moderate_friction,synthetic_bootstrap
syn_00479,bootstrap_user_11,coding_debugging,coding_debugging_059,684.1,1.05,0.2655,0.2607,0.2497,982.0,0.1039,0.7269,0.6843,7,0.341,True,0.2761,0.6849,0.3518,0.7306,focused_or_low_friction,synthetic_bootstrap
syn_00480,bootstrap_user_12,support_lookup,support_lookup_060,289.5,2.014,0.1929,0.4443,0.0909,628.8,0.1291,0.5522,0.3435,4,0.703,True,0.3184,0.6561,0.5019,0.7945,moderate_friction,synthetic_bootstrap
syn_00481,bootstrap_user_01,support_lookup,support_lookup_001,301.6,3.088,0.1507,0.5158,0.15,225.0,0.0198,0.6008,0.4351,10,0.9281,True,0.2469,0.7581,0.5831,0.9298,focused_or_low_friction,synthetic_bootstrap
syn_00482,bootstrap_user_02,repetitive_admin,repetitive_admin_002,143.3,3.637,0.0597,0.7122,0.0848,412.3,0.0781,0.8149,0.2995,6,0.8686,True,0.1773,0.7916,0.5819,0.8862,focused_or_low_friction,synthetic_bootstrap
syn_00483,bootstrap_user_03,support_lookup,support_lookup_003,305.0,3.453,0.2616,0.7188,0.1484,558.7,0.091,0.7872,0.3911,6,0.8795,True,0.2814,0.6898,0.5559,0.8779,focused_or_low_friction,synthetic_bootstrap
syn_00484,bootstrap_user_04,repetitive_admin,repetitive_admin_004,544.1,2.237,0.0917,0.6944,0.0816,335.3,0.048,0.7346,0.2353,5,0.9465,True,0.2046,0.7893,0.6343,0.8909,focused_or_low_friction,synthetic_bootstrap
syn_00485,bootstrap_user_05,deep_work,deep_work_005,1072.9,0.575,0.0749,0.2356,0.1066,237.0,0.0605,0.8909,0.5599,1,0.3489,True,0.1839,0.8053,0.3393,0.6125,focused_or_low_friction,synthetic_bootstrap
syn_00486,bootstrap_user_06,support_lookup,support_lookup_006,183.4,4.933,0.2497,0.5436,0.1073,358.8,0.0257,0.7637,0.2991,0,0.9665,True,0.2299,0.7574,0.4833,0.7757,focused_or_low_friction,synthetic_bootstrap
syn_00487,bootstrap_user_07,support_lookup,support_lookup_007,243.7,2.826,0.0492,0.5984,0.1281,575.0,0.0456,0.662,0.1579,8,0.8061,True,0.2204,0.7692,0.5842,0.9326,focused_or_low_friction,synthetic_bootstrap
syn_00488,bootstrap_user_08,repetitive_admin,repetitive_admin_008,370.8,3.635,0.1216,0.5688,0.0146,414.2,0.0915,0.7471,0.3613,12,0.8813,True,0.225,0.7222,0.6712,0.927,focused_or_low_friction,synthetic_bootstrap
syn_00489,bootstrap_user_09,support_lookup,support_lookup_009,334.8,3.745,0.1638,0.6046,0.1074,730.2,0.0,0.6631,0.3513,2,0.8572,True,0.2885,0.8026,0.5391,0.7871,focused_or_low_friction,synthetic_bootstrap
syn_00490,bootstrap_user_10,support_lookup,support_lookup_010,317.4,4.757,0.1668,0.8799,0.1501,385.1,0.018,0.7167,0.3539,2,0.8329,True,0.2928,0.7381,0.5721,0.7808,focused_or_low_friction,synthetic_bootstrap
syn_00491,bootstrap_user_11,coding_debugging,coding_debugging_011,1384.8,1.752,0.2324,0.1868,0.4131,707.1,0.1686,0.8062,0.6461,0,0.5662,False,0.3454,0.6189,0.3615,0.634,moderate_friction,synthetic_bootstrap
syn_00492,bootstrap_user_12,coding_debugging,coding_debugging_012,1683.7,2.344,0.4212,0.2894,0.2691,678.5,0.1281,0.7002,0.8197,2,0.4445,False,0.4146,0.5652,0.364,0.6278,moderate_friction,synthetic_bootstrap
syn_00493,bootstrap_user_01,coding_debugging,coding_debugging_013,991.5,2.796,0.4185,0.1044,0.2403,687.0,0.1397,0.5519,0.677,0,0.4877,True,0.3731,0.5539,0.3598,0.6107,moderate_friction,synthetic_bootstrap
syn_00494,bootstrap_user_02,repetitive_admin,repetitive_admin_014,269.3,2.358,0.1951,0.7291,0.1068,432.2,0.0489,0.7087,0.3632,13,0.9467,True,0.2338,0.7521,0.6715,0.9431,focused_or_low_friction,synthetic_bootstrap
syn_00495,bootstrap_user_03,coding_debugging,coding_debugging_015,1023.8,2.948,0.3395,0.2145,0.3838,816.4,0.0714,0.5321,0.761,2,0.2274,True,0.3929,0.6457,0.3002,0.5805,moderate_friction,synthetic_bootstrap
syn_00496,bootstrap_user_04,support_lookup,support_lookup_016,241.9,3.46,0.102,0.5567,0.1985,545.8,0.0362,0.4771,0.1707,5,0.7266,True,0.2176,0.7369,0.5475,0.8437,focused_or_low_friction,synthetic_bootstrap
syn_00497,bootstrap_user_05,support_lookup,support_lookup_017,422.3,2.027,0.1159,0.5089,0.1173,300.4,0.1105,0.6644,0.3465,11,0.7884,True,0.2583,0.6844,0.591,0.9055,focused_or_low_friction,synthetic_bootstrap
syn_00498,bootstrap_user_06,coding_debugging,coding_debugging_018,2084.1,2.77,0.3102,0.1424,0.3911,427.0,0.0216,0.5485,0.9154,5,0.3568,True,0.3724,0.6517,0.3811,0.6619,moderate_friction,synthetic_bootstrap
syn_00499,bootstrap_user_07,repetitive_admin,repetitive_admin_019,538.4,4.111,0.1082,0.7867,0.052,449.8,0.0348,0.7814,0.3179,8,0.9236,True,0.2186,0.7488,0.6604,0.9427,focused_or_low_friction,synthetic_bootstrap
syn_00500,bootstrap_user_08,support_lookup,support_lookup_020,219.3,3.85,0.2848,0.6385,0.1615,574.3,0.0439,0.6734,0.4402,10,0.7768,True,0.2497,0.6888,0.5467,0.8914,focused_or_low_friction,synthetic_bootstrap
syn_00501,bootstrap_user_09,coding_debugging,coding_debugging_021,1907.8,2.737,0.2101,0.129,0.4028,490.5,0.0491,0.5257,0.7314,3,0.587,True,0.4033,0.6793,0.3926,0.6965,moderate_friction,synthetic_bootstrap
syn_00502,bootstrap_user_10,research_browsing,research_browsing_022,439.6,2.262,0.1474,0.1294,0.052,548.6,0.141,0.7858,0.662,0,0.205,True,0.2213,0.6323,0.2117,0.5418,focused_or_low_friction,synthetic_bootstrap
syn_00503,bootstrap_user_11,research_browsing,research_browsing_023,1828.2,2.979,0.1465,0.2016,0.0883,597.0,0.0844,0.691,0.82,3,0.4604,True,0.31,0.6622,0.3878,0.6542,moderate_friction,synthetic_bootstrap
syn_00504,bootstrap_user_12,support_lookup,support_lookup_024,520.3,4.672,0.2358,0.6578,0.105,473.4,0.0688,0.7121,0.487,7,0.7437,True,0.3224,0.6871,0.5888,0.855,moderate_friction,synthetic_bootstrap
syn_00505,bootstrap_user_01,support_lookup,support_lookup_025,356.7,4.632,0.2043,0.6047,0.0706,345.7,0.1119,0.6714,0.4838,11,0.7489,True,0.3228,0.5866,0.6197,0.8792,moderate_friction,synthetic_bootstrap
syn_00506,bootstrap_user_02,coding_debugging,coding_debugging_026,1364.4,1.751,0.2443,0.2227,0.5112,303.1,0.1251,0.5821,0.6559,2,0.5134,True,0.3693,0.6517,0.436,0.6646,moderate_friction,synthetic_bootstrap
syn_00507,bootstrap_user_03,repetitive_admin,repetitive_admin_027,542.5,2.654,0.1497,0.7799,0.0474,176.0,0.0,0.7463,0.3098,3,0.9437,True,0.2284,0.8258,0.5839,0.8362,focused_or_low_friction,synthetic_bootstrap
syn_00508,bootstrap_user_04,research_browsing,research_browsing_028,1579.1,3.737,0.1707,0.0646,0.105,429.8,0.166,0.5311,0.938,0,0.3162,True,0.3931,0.5206,0.2421,0.5365,moderate_friction,synthetic_bootstrap
syn_00509,bootstrap_user_05,support_lookup,support_lookup_029,244.1,3.816,0.1253,0.6518,0.0452,500.0,0.0755,0.6385,0.25,10,0.863,False,0.2159,0.6863,0.6526,0.9358,focused_or_low_friction,synthetic_bootstrap
syn_00510,bootstrap_user_06,deep_work,deep_work_030,1937.8,1.156,0.0637,0.076,0.1359,350.4,0.0875,0.696,0.623,3,0.264,True,0.1467,0.7169,0.2977,0.6287,focused_or_low_friction,synthetic_bootstrap
syn_00511,bootstrap_user_07,deep_work,deep_work_031,2671.3,0.274,0.1135,0.2346,0.0539,382.8,0.0857,0.7015,0.6345,3,0.4127,True,0.2201,0.7595,0.379,0.6645,focused_or_low_friction,synthetic_bootstrap
syn_00512,bootstrap_user_08,research_browsing,research_browsing_032,1071.8,4.688,0.3385,0.2342,0.0579,425.6,0.0937,0.5873,0.6585,2,0.4545,True,0.3072,0.5539,0.4037,0.6496,moderate_friction,synthetic_bootstrap
syn_00513,bootstrap_user_09,deep_work,deep_work_033,1723.3,0.999,0.1101,0.2374,0.0334,489.9,0.0655,0.8121,0.7664,2,0.5178,True,0.1817,0.743,0.3206,0.6525,focused_or_low_friction,synthetic_bootstrap
syn_00514,bootstrap_user_10,repetitive_admin,repetitive_admin_034,621.0,2.878,0.1504,0.8015,0.0302,260.0,0.0964,0.7661,0.2219,7,0.9469,True,0.2027,0.768,0.7204,0.9376,automation_candidate,synthetic_bootstrap
syn_00515,bootstrap_user_11,repetitive_admin,repetitive_admin_035,397.1,2.008,0.1832,0.7772,0.0217,349.8,0.1438,0.7415,0.2058,4,1.0,True,0.2444,0.7125,0.6479,0.8853,focused_or_low_friction,synthetic_bootstrap
syn_00516,bootstrap_user_12,deep_work,deep_work_036,1375.8,0.873,0.0944,0.2606,0.1059,337.4,0.0826,0.6859,0.4479,2,0.305,True,0.1873,0.7896,0.3649,0.6375,focused_or_low_friction,synthetic_bootstrap
syn_00517,bootstrap_user_01,repetitive_admin,repetitive_admin_037,709.2,3.703,0.1381,0.7488,0.0286,504.3,0.0,0.6872,0.2823,5,0.8239,True,0.309,0.7706,0.6303,0.8546,moderate_friction,synthetic_bootstrap
syn_00518,bootstrap_user_02,coding_debugging,coding_debugging_038,525.3,2.834,0.2525,0.0434,0.3101,894.1,0.1482,0.6019,0.6827,5,0.4209,False,0.3486,0.5901,0.2903,0.7058,moderate_friction,synthetic_bootstrap
syn_00519,bootstrap_user_03,deep_work,deep_work_039,1569.0,0.256,0.0498,0.25,0.0594,579.3,0.1407,0.8178,0.7794,2,0.364,True,0.2349,0.6884,0.3024,0.6125,focused_or_low_friction,synthetic_bootstrap
syn_00520,bootstrap_user_04,research_browsing,research_browsing_040,841.0,4.094,0.3216,0.137,0.0,501.6,0.1374,0.572,0.8144,1,0.4217,True,0.3327,0.5225,0.3324,0.6002,moderate_friction,synthetic_bootstrap
syn_00521,bootstrap_user_05,research_browsing,research_browsing_041,1579.3,1.979,0.2536,0.2433,0.1578,741.5,0.0617,0.4826,0.7652,2,0.2853,True,0.327,0.6078,0.2537,0.5945,moderate_friction,synthetic_bootstrap
syn_00522,bootstrap_user_06,repetitive_admin,repetitive_admin_042,400.2,5.52,0.2278,0.6026,0.086,189.6,0.0106,0.6322,0.2575,7,0.8802,True,0.2466,0.7087,0.5995,0.9167,focused_or_low_friction,synthetic_bootstrap
syn_00523,bootstrap_user_07,deep_work,deep_work_043,1127.8,0.125,0.1125,0.123,0.0,438.6,0.03,0.9528,0.6221,2,0.4807,True,0.1062,0.8643,0.3309,0.6605,focused_or_low_friction,synthetic_bootstrap
syn_00524,bootstrap_user_08,coding_debugging,coding_debugging_044,1262.5,1.003,0.3409,0.1914,0.3349,1019.2,0.1334,0.6484,0.7842,4,0.6294,True,0.4085,0.643,0.4114,0.7232,moderate_friction,synthetic_bootstrap
syn_00525,bootstrap_user_09,deep_work,deep_work_045,1132.4,1.022,0.0697,0.0534,0.115,707.6,0.0148,0.9018,0.4263,1,0.5709,True,0.1514,0.8835,0.304,0.6841,focused_or_low_friction,synthetic_bootstrap
syn_00526,bootstrap_user_10,repetitive_admin,repetitive_admin_046,430.8,3.264,0.2317,0.5717,0.0647,259.3,0.019,0.8415,0.2827,6,0.8186,True,0.1866,0.7701,0.5627,0.8757,focused_or_low_friction,synthetic_bootstrap
syn_00527,bootstrap_user_11,research_browsing,research_browsing_047,1170.4,2.166,0.234,0.1992,0.0722,618.3,0.2179,0.8345,0.7157,1,0.1729,True,0.2811,0.5706,0.3315,0.5498,focused_or_low_friction,synthetic_bootstrap
syn_00528,bootstrap_user_12,research_browsing,research_browsing_048,1344.8,3.777,0.2668,0.1329,0.153,463.1,0.177,0.5095,0.7618,1,0.1891,True,0.313,0.4876,0.2731,0.5484,moderate_friction,synthetic_bootstrap
syn_00529,bootstrap_user_01,coding_debugging,coding_debugging_049,1455.5,2.581,0.2022,0.1941,0.2765,1166.3,0.0589,0.5308,0.6071,0,0.463,True,0.4456,0.6949,0.4141,0.6129,high_friction,synthetic_bootstrap
syn_00530,bootstrap_user_02,repetitive_admin,repetitive_admin_050,408.9,2.939,0.042,0.8036,0.0847,464.7,0.0158,0.7716,0.3005,9,0.8053,True,0.2399,0.7908,0.6806,0.9153,automation_candidate,synthetic_bootstrap
syn_00531,bootstrap_user_03,coding_debugging,coding_debugging_051,45.0,2.802,0.0743,0.1875,0.1687,723.9,0.1419,0.4057,0.6841,2,0.6413,False,0.2881,0.5579,0.3268,0.6933,focused_or_low_friction,synthetic_bootstrap
syn_00532,bootstrap_user_04,coding_debugging,coding_debugging_052,1421.5,1.374,0.2506,0.2165,0.2462,335.3,0.0661,0.7628,0.6819,2,0.4397,True,0.2824,0.7473,0.3499,0.6431,focused_or_low_friction,synthetic_bootstrap
syn_00533,bootstrap_user_05,repetitive_admin,repetitive_admin_053,381.1,3.213,0.0736,0.6956,0.1155,276.0,0.05,0.8038,0.1976,12,0.8658,True,0.1281,0.7826,0.712,0.9428,automation_candidate,synthetic_bootstrap
syn_00534,bootstrap_user_06,coding_debugging,coding_debugging_054,1885.4,2.711,0.4039,0.1191,0.2873,1097.4,0.0556,0.7162,0.7933,3,0.374,True,0.5013,0.6695,0.3564,0.6358,high_friction,synthetic_bootstrap
syn_00535,bootstrap_user_07,deep_work,deep_work_055,1593.6,0.817,0.0882,0.182,0.1267,309.2,0.0213,0.8267,0.5053,1,0.2889,True,0.1881,0.8012,0.3663,0.6041,focused_or_low_friction,synthetic_bootstrap
syn_00536,bootstrap_user_08,repetitive_admin,repetitive_admin_056,385.0,3.548,0.0351,0.8396,0.0817,372.0,0.0,0.7466,0.3646,7,0.9539,True,0.1705,0.8302,0.6727,0.9222,focused_or_low_friction,synthetic_bootstrap
syn_00537,bootstrap_user_09,support_lookup,support_lookup_057,265.0,4.419,0.1855,0.2781,0.1007,274.5,0.1088,0.8186,0.4537,6,0.6892,True,0.3061,0.6378,0.3845,0.8229,moderate_friction,synthetic_bootstrap
syn_00538,bootstrap_user_10,deep_work,deep_work_058,2315.1,1.475,0.163,0.2331,0.1501,459.5,0.0,0.8222,0.7422,1,0.3283,True,0.1949,0.8349,0.3667,0.5855,focused_or_low_friction,synthetic_bootstrap
syn_00539,bootstrap_user_11,deep_work,deep_work_059,1798.7,0.927,0.031,0.2014,0.178,174.7,0.0986,0.8631,0.7328,3,0.5943,True,0.1802,0.7425,0.3816,0.6981,focused_or_low_friction,synthetic_bootstrap
syn_00540,bootstrap_user_12,research_browsing,research_browsing_060,1485.4,3.739,0.2395,0.1095,0.0768,549.7,0.0679,0.6176,0.8334,3,0.1971,True,0.3696,0.6078,0.3018,0.5868,moderate_friction,synthetic_bootstrap
syn_00541,bootstrap_user_01,research_browsing,research_browsing_001,1262.4,4.246,0.3255,0.2691,0.1013,458.1,0.2063,0.6828,0.7635,3,0.2357,True,0.3978,0.457,0.3761,0.6048,moderate_friction,synthetic_bootstrap
syn_00542,bootstrap_user_02,support_lookup,support_lookup_002,338.2,7.438,0.1206,0.8062,0.1109,296.6,0.0564,0.6602,0.2435,7,0.8858,True,0.3091,0.6267,0.6917,0.9197,automation_candidate,synthetic_bootstrap
syn_00543,bootstrap_user_03,research_browsing,research_browsing_003,1458.7,4.221,0.2445,0.0678,0.0719,686.5,0.1662,0.7357,0.942,2,0.3916,True,0.3789,0.4852,0.3127,0.5999,moderate_friction,synthetic_bootstrap
syn_00544,bootstrap_user_04,research_browsing,research_browsing_004,2864.9,3.334,0.1423,0.2126,0.0741,438.6,0.2152,0.708,0.8276,1,0.2627,True,0.3773,0.4453,0.3681,0.5589,moderate_friction,synthetic_bootstrap
syn_00545,bootstrap_user_05,deep_work,deep_work_005,1891.5,0.955,0.1343,0.1872,0.1273,373.7,0.0308,0.8424,0.8232,1,0.2626,False,0.1757,0.769,0.2716,0.5594,focused_or_low_friction,synthetic_bootstrap
syn_00546,bootstrap_user_06,support_lookup,support_lookup_006,253.5,2.412,0.1369,0.6499,0.1212,728.4,0.1152,0.8112,0.4606,6,0.7277,True,0.2765,0.7201,0.5393,0.8316,focused_or_low_friction,synthetic_bootstrap
syn_00547,bootstrap_user_07,repetitive_admin,repetitive_admin_007,401.8,3.987,0.1957,0.8256,0.0787,271.6,0.0243,0.6787,0.3057,10,0.7468,True,0.2357,0.7236,0.6897,0.9,automation_candidate,synthetic_bootstrap
syn_00548,bootstrap_user_08,deep_work,deep_work_008,1646.3,0.474,0.0827,0.1814,0.0476,406.3,0.0987,0.759,0.5142,0,0.2998,True,0.1548,0.7948,0.2533,0.5833,focused_or_low_friction,synthetic_bootstrap
syn_00549,bootstrap_user_09,coding_debugging,coding_debugging_009,972.8,4.119,0.3249,0.2032,0.2843,891.6,0.1848,0.5516,0.6442,0,0.4344,True,0.4212,0.476,0.3899,0.6013,moderate_friction,synthetic_bootstrap
syn_00550,bootstrap_user_10,support_lookup,support_lookup_010,209.2,4.776,0.0517,0.6371,0.0498,443.4,0.1263,0.7532,0.3459,16,0.6985,True,0.2002,0.6391,0.5925,0.8831,focused_or_low_friction,synthetic_bootstrap
syn_00551,bootstrap_user_11,support_lookup,support_lookup_011,285.7,4.367,0.1554,0.762,0.0816,578.8,0.0846,0.5117,0.2777,7,0.853,True,0.3085,0.6447,0.609,0.9074,moderate_friction,synthetic_bootstrap
syn_00552,bootstrap_user_12,deep_work,deep_work_012,1965.0,0.666,0.0663,0.1425,0.1176,348.5,0.0491,0.8545,0.3774,1,0.2118,True,0.1343,0.8327,0.2895,0.6002,focused_or_low_friction,synthetic_bootstrap
syn_00553,bootstrap_user_01,repetitive_admin,repetitive_admin_013,330.7,2.797,0.1258,0.6694,0.0628,248.7,0.0154,0.7455,0.3107,2,0.9208,True,0.1892,0.8079,0.5505,0.8079,focused_or_low_friction,synthetic_bootstrap
syn_00554,bootstrap_user_02,research_browsing,research_browsing_014,2442.5,2.668,0.1259,0.0573,0.1878,1039.1,0.0638,0.4927,0.7741,3,0.1455,True,0.4733,0.6497,0.2887,0.581,high_friction,synthetic_bootstrap
syn_00555,bootstrap_user_03,deep_work,deep_work_015,1697.4,1.01,0.0043,0.0827,0.0953,80.0,0.0679,0.7909,0.6497,1,0.2305,True,0.141,0.7647,0.2258,0.5722,focused_or_low_friction,synthetic_bootstrap
syn_00556,bootstrap_user_04,repetitive_admin,repetitive_admin_016,429.4,2.905,0.0923,0.4612,0.1073,219.7,0.0519,0.6673,0.2411,13,0.9025,True,0.2109,0.7714,0.6075,0.9467,focused_or_low_friction,synthetic_bootstrap
syn_00557,bootstrap_user_05,repetitive_admin,repetitive_admin_017,372.4,2.975,0.1934,0.6593,0.0906,409.3,0.0847,0.728,0.3628,1,0.7309,True,0.2542,0.7247,0.503,0.7317,focused_or_low_friction,synthetic_bootstrap
syn_00558,bootstrap_user_06,support_lookup,support_lookup_018,192.3,3.624,0.1703,0.8077,0.1947,662.9,0.0699,0.7935,0.3319,5,0.7771,True,0.2519,0.7044,0.6026,0.837,focused_or_low_friction,synthetic_bootstrap
syn_00559,bootstrap_user_07,support_lookup,support_lookup_019,314.4,6.015,0.0497,0.8672,0.0314,304.3,0.0414,0.7908,0.3848,6,0.7107,True,0.2782,0.7095,0.6536,0.8365,focused_or_low_friction,synthetic_bootstrap
syn_00560,bootstrap_user_08,support_lookup,support_lookup_020,299.7,1.129,0.0804,0.6804,0.0915,419.4,0.0269,0.7548,0.4102,8,0.7266,True,0.1555,0.8257,0.494,0.8824,focused_or_low_friction,synthetic_bootstrap
syn_00561,bootstrap_user_09,deep_work,deep_work_021,1015.9,0.655,0.1988,0.0059,0.0278,489.0,0.1508,0.8362,0.7502,1,0.2887,True,0.1818,0.6861,0.198,0.5747,focused_or_low_friction,synthetic_bootstrap
syn_00562,bootstrap_user_10,repetitive_admin,repetitive_admin_022,553.5,3.239,0.1071,0.5228,0.0408,535.8,0.0437,0.7651,0.192,8,0.7502,True,0.2463,0.792,0.5726,0.9145,focused_or_low_friction,synthetic_bootstrap
syn_00563,bootstrap_user_11,research_browsing,research_browsing_023,1179.0,3.591,0.201,0.157,0.1952,440.8,0.164,0.4414,0.8524,3,0.2388,True,0.315,0.4791,0.3394,0.5949,moderate_friction,synthetic_bootstrap
syn_00564,bootstrap_user_12,coding_debugging,coding_debugging_024,615.1,2.287,0.1176,0.2166,0.1853,759.7,0.0749,0.4791,0.6541,1,0.2361,True,0.2816,0.6154,0.256,0.573,focused_or_low_friction,synthetic_bootstrap
syn_00565,bootstrap_user_01,coding_debugging,coding_debugging_025,1511.6,1.515,0.4448,0.1543,0.3503,1049.5,0.1225,0.4588,0.6258,4,0.3074,True,0.4625,0.602,0.3277,0.6617,high_friction,synthetic_bootstrap
syn_00566,bootstrap_user_02,coding_debugging,coding_debugging_026,826.3,1.412,0.3048,0.2493,0.3463,652.5,0.0535,0.6301,0.617,4,0.404,True,0.3167,0.715,0.3546,0.6869,moderate_friction,synthetic_bootstrap
syn_00567,bootstrap_user_03,coding_debugging,coding_debugging_027,622.4,3.152,0.2892,0.0718,0.3352,634.6,0.0563,0.4841,0.82,0,0.3027,True,0.3914,0.622,0.2193,0.5473,moderate_friction,synthetic_bootstrap
syn_00568,bootstrap_user_04,deep_work,deep_work_028,2564.7,0.19,0.0933,0.189,0.0459,575.6,0.0594,0.8756,0.496,2,0.3005,True,0.1829,0.855,0.331,0.6306,focused_or_low_friction,synthetic_bootstrap
syn_00569,bootstrap_user_05,repetitive_admin,repetitive_admin_029,400.9,3.988,0.1676,0.7766,0.0,252.3,0.0915,0.627,0.3682,11,0.8019,True,0.2263,0.7022,0.6623,0.9063,focused_or_low_friction,synthetic_bootstrap
syn_00570,bootstrap_user_06,support_lookup,support_lookup_030,180.6,3.103,0.2772,0.5884,0.0787,774.4,0.0774,0.5681,0.2254,10,0.7917,False,0.2402,0.6751,0.5641,0.9209,focused_or_low_friction,synthetic_bootstrap
syn_00571,bootstrap_user_07,repetitive_admin,repetitive_admin_031,113.1,2.1,0.0649,0.6645,0.1477,345.3,0.045,0.7858,0.2563,10,0.8824,True,0.2211,0.8326,0.5889,0.9399,focused_or_low_friction,synthetic_bootstrap
syn_00572,bootstrap_user_08,research_browsing,research_browsing_032,1535.1,2.129,0.2602,0.07,0.0446,725.7,0.1599,0.6403,0.8683,2,0.3207,False,0.3673,0.583,0.281,0.591,moderate_friction,synthetic_bootstrap
syn_00573,bootstrap_user_09,support_lookup,support_lookup_033,248.3,6.21,0.1784,0.6298,0.1342,502.4,0.0354,0.6978,0.3557,12,0.8688,False,0.3198,0.6736,0.7189,0.9245,automation_candidate,synthetic_bootstrap
syn_00574,bootstrap_user_10,coding_debugging,coding_debugging_034,864.0,2.37,0.2691,0.2458,0.2115,929.7,0.1209,0.7514,0.719,2,0.5305,True,0.3589,0.6568,0.4233,0.6613,moderate_friction,synthetic_bootstrap
syn_00575,bootstrap_user_11,research_browsing,research_browsing_035,1538.3,2.465,0.2298,0.2104,0.072,943.3,0.139,0.4729,0.9506,2,0.1687,True,0.435,0.5709,0.3079,0.5431,moderate_friction,synthetic_bootstrap
syn_00576,bootstrap_user_12,support_lookup,support_lookup_036,391.9,5.76,0.2246,0.6628,0.137,652.5,0.0378,0.7332,0.5204,6,0.7587,True,0.3534,0.6278,0.6121,0.8322,moderate_friction,synthetic_bootstrap
syn_00577,bootstrap_user_01,research_browsing,research_browsing_037,1124.5,3.02,0.1651,0.2821,0.1427,597.0,0.051,0.5384,0.8456,2,0.3131,False,0.3232,0.6385,0.3618,0.5918,moderate_friction,synthetic_bootstrap
syn_00578,bootstrap_user_02,support_lookup,support_lookup_038,161.3,7.365,0.1573,0.6465,0.1383,446.1,0.0602,0.6596,0.2595,8,0.6251,True,0.3126,0.6342,0.5402,0.8751,moderate_friction,synthetic_bootstrap
syn_00579,bootstrap_user_03,research_browsing,research_browsing_039,953.7,4.528,0.5936,0.2756,0.1518,765.5,0.0676,0.6994,0.7119,0,0.1472,True,0.3861,0.5856,0.3083,0.5214,moderate_friction,synthetic_bootstrap
syn_00580,bootstrap_user_04,repetitive_admin,repetitive_admin_040,251.1,2.529,0.0828,0.5514,0.0598,239.4,0.0673,0.7995,0.1506,7,1.0,True,0.1467,0.7994,0.6233,0.9594,focused_or_low_friction,synthetic_bootstrap
syn_00581,bootstrap_user_05,support_lookup,support_lookup_041,289.5,3.782,0.1853,0.6306,0.1054,282.6,0.0973,0.7666,0.2451,6,0.7675,True,0.2013,0.6889,0.5539,0.8675,focused_or_low_friction,synthetic_bootstrap
syn_00582,bootstrap_user_06,support_lookup,support_lookup_042,115.9,4.512,0.273,0.7295,0.1037,188.7,0.0815,0.6746,0.4067,12,0.7075,True,0.2187,0.6569,0.6342,0.8781,focused_or_low_friction,synthetic_bootstrap
syn_00583,bootstrap_user_07,deep_work,deep_work_043,1192.2,0.161,0.0623,0.0503,0.116,375.9,0.0549,0.7593,0.7063,2,0.3742,True,0.1476,0.7654,0.2687,0.6238,focused_or_low_friction,synthetic_bootstrap
syn_00584,bootstrap_user_08,repetitive_admin,repetitive_admin_044,360.8,5.265,0.0391,0.6697,0.0839,340.6,0.0822,0.7122,0.2565,11,1.0,True,0.2285,0.6798,0.7229,0.9692,automation_candidate,synthetic_bootstrap
syn_00585,bootstrap_user_09,research_browsing,research_browsing_045,1423.5,2.068,0.3043,0.1965,0.0978,370.3,0.1131,0.3528,0.7535,1,0.3344,True,0.3567,0.5992,0.3301,0.5857,moderate_friction,synthetic_bootstrap
syn_00586,bootstrap_user_10,coding_debugging,coding_debugging_046,1606.3,3.871,0.1995,0.1603,0.3669,779.0,0.111,0.5826,0.6604,5,0.266,True,0.4468,0.558,0.3707,0.6698,high_friction,synthetic_bootstrap
syn_00587,bootstrap_user_11,deep_work,deep_work_047,1468.7,1.054,0.0616,0.1432,0.0171,868.7,0.0828,0.8599,0.6259,1,0.5795,True,0.1981,0.7404,0.3397,0.6623,focused_or_low_friction,synthetic_bootstrap
syn_00588,bootstrap_user_12,repetitive_admin,repetitive_admin_048,324.3,2.214,0.1221,0.4118,0.0674,368.3,0.0092,0.8762,0.2206,7,0.8126,True,0.1713,0.9108,0.5408,0.9042,focused_or_low_friction,synthetic_bootstrap
syn_00589,bootstrap_user_01,repetitive_admin,repetitive_admin_049,583.2,4.916,0.1349,0.9084,0.1117,398.7,0.0605,0.5761,0.3092,2,0.73,True,0.2873,0.6683,0.6165,0.7604,focused_or_low_friction,synthetic_bootstrap
syn_00590,bootstrap_user_02,deep_work,deep_work_050,1891.5,0.393,0.1249,0.1429,0.1121,234.6,0.0729,0.9078,0.777,1,0.2845,True,0.1423,0.7435,0.2684,0.5704,focused_or_low_friction,synthetic_bootstrap
syn_00591,bootstrap_user_03,research_browsing,research_browsing_051,1666.6,2.136,0.2118,0.1624,0.1528,515.4,0.0812,0.4785,0.709,2,0.2838,True,0.3674,0.6654,0.2757,0.6009,moderate_friction,synthetic_bootstrap
syn_00592,bootstrap_user_04,support_lookup,support_lookup_052,324.8,4.571,0.1431,0.6626,0.0237,783.3,0.0754,0.5735,0.2956,1,0.7586,True,0.2953,0.6797,0.5299,0.7467,focused_or_low_friction,synthetic_bootstrap
syn_00593,bootstrap_user_05,repetitive_admin,repetitive_admin_053,415.9,2.894,0.1461,0.7176,0.0367,295.2,0.0411,0.7623,0.2809,9,0.738,True,0.1909,0.8305,0.6158,0.9008,focused_or_low_friction,synthetic_bootstrap
syn_00594,bootstrap_user_06,support_lookup,support_lookup_054,292.3,7.695,0.1955,0.6112,0.0607,795.1,0.0252,0.7027,0.3079,6,0.6476,True,0.3491,0.6184,0.5948,0.83,moderate_friction,synthetic_bootstrap
syn_00595,bootstrap_user_07,deep_work,deep_work_055,1547.9,0.951,0.1221,0.1879,0.0,575.2,0.076,0.7937,0.6691,0,0.3731,True,0.1747,0.7523,0.3219,0.583,focused_or_low_friction,synthetic_bootstrap
syn_00596,bootstrap_user_08,repetitive_admin,repetitive_admin_056,297.1,4.652,0.1768,0.6685,0.0357,192.3,0.0582,0.6736,0.3999,5,0.7879,True,0.201,0.6776,0.5797,0.8315,focused_or_low_friction,synthetic_bootstrap
syn_00597,bootstrap_user_09,coding_debugging,coding_debugging_057,1152.8,2.309,0.3026,0.0707,0.3392,821.6,0.1446,0.6766,0.6998,4,0.379,True,0.3786,0.6088,0.3491,0.6708,moderate_friction,synthetic_bootstrap
syn_00598,bootstrap_user_10,coding_debugging,coding_debugging_058,1841.4,4.016,0.3761,0.3941,0.1461,410.4,0.0839,0.6145,0.7002,0,0.5812,True,0.4332,0.614,0.435,0.6313,moderate_friction,synthetic_bootstrap
syn_00599,bootstrap_user_11,research_browsing,research_browsing_059,928.5,3.08,0.4095,0.1518,0.0773,893.6,0.1687,0.4783,0.7791,1,0.3084,True,0.3742,0.5174,0.3064,0.5761,moderate_friction,synthetic_bootstrap
syn_00600,bootstrap_user_12,coding_debugging,coding_debugging_060,2146.8,2.487,0.2693,0.2975,0.2663,313.2,0.088,0.5818,0.5608,2,0.1306,True,0.3685,0.6591,0.3288,0.5804,moderate_friction,synthetic_bootstrap
syn_00601,bootstrap_user_01,support_lookup,support_lookup_001,251.4,3.359,0.1809,0.6276,0.065,568.2,0.0678,0.6434,0.6263,6,0.7621,True,0.258,0.6774,0.5011,0.8204,focused_or_low_friction,synthetic_bootstrap
syn_00602,bootstrap_user_02,coding_debugging,coding_debugging_002,844.4,1.716,0.1717,0.0649,0.2537,1007.1,0.1098,0.7817,0.7951,3,0.6836,True,0.3142,0.6684,0.4209,0.713,moderate_friction,synthetic_bootstrap
syn_00603,bootstrap_user_03,research_browsing,research_browsing_003,1351.3,2.287,0.2729,0.1147,0.1267,741.0,0.1005,0.6479,0.681,2,0.2445,True,0.3293,0.632,0.264,0.5944,moderate_friction,synthetic_bootstrap
syn_00604,bootstrap_user_04,coding_debugging,coding_debugging_004,1687.4,1.885,0.193,0.2736,0.365,944.8,0.101,0.6275,0.7432,3,0.4795,True,0.4173,0.634,0.4066,0.6682,moderate_friction,synthetic_bootstrap
syn_00605,bootstrap_user_05,research_browsing,research_browsing_005,1726.9,1.035,0.0597,0.2535,0.176,371.7,0.115,0.5321,0.7791,2,0.1449,True,0.2805,0.6492,0.2657,0.5577,focused_or_low_friction,synthetic_bootstrap
syn_00606,bootstrap_user_06,coding_debugging,coding_debugging_006,1455.3,1.824,0.2336,0.2683,0.2871,997.7,0.0533,0.4563,0.689,3,0.2463,True,0.4098,0.656,0.3203,0.6164,moderate_friction,synthetic_bootstrap
syn_00607,bootstrap_user_07,research_browsing,research_browsing_007,1832.7,2.305,0.3235,0.1823,0.1147,603.5,0.0,0.4436,0.7899,2,0.0852,True,0.331,0.6871,0.2706,0.5415,moderate_friction,synthetic_bootstrap
syn_00608,bootstrap_user_08,deep_work,deep_work_008,2171.8,1.28,0.1029,0.2188,0.0725,958.2,0.0312,0.7778,0.7701,2,0.4085,True,0.2026,0.7994,0.335,0.6247,focused_or_low_friction,synthetic_bootstrap
syn_00609,bootstrap_user_09,coding_debugging,coding_debugging_009,1660.7,0.37,0.3082,0.1836,0.3572,862.4,0.1183,0.4935,0.7143,2,0.4893,True,0.4256,0.6172,0.3642,0.6516,moderate_friction,synthetic_bootstrap
syn_00610,bootstrap_user_10,support_lookup,support_lookup_010,521.1,6.275,0.0,0.6282,0.1566,487.2,0.0462,0.6333,0.4207,3,0.9089,True,0.3287,0.6759,0.5571,0.8142,moderate_friction,synthetic_bootstrap
syn_00611,bootstrap_user_11,support_lookup,support_lookup_011,204.5,3.614,0.3515,0.5309,0.0023,415.3,0.0737,0.7384,0.6104,11,0.8088,True,0.3038,0.6444,0.5562,0.8789,moderate_friction,synthetic_bootstrap
syn_00612,bootstrap_user_12,coding_debugging,coding_debugging_012,912.3,1.073,0.2288,0.2167,0.3731,679.1,0.0366,0.4336,0.741,3,0.3424,True,0.3412,0.7245,0.3388,0.6342,moderate_friction,synthetic_bootstrap
syn_00613,bootstrap_user_01,research_browsing,research_browsing_013,1394.5,4.054,0.1501,0.1787,0.0981,361.5,0.1184,0.5838,0.8444,0,0.3012,True,0.371,0.581,0.2704,0.544,moderate_friction,synthetic_bootstrap
syn_00614,bootstrap_user_02,research_browsing,research_browsing_014,1575.5,2.469,0.2456,0.1182,0.0143,574.2,0.1461,0.6146,0.8322,2,0.3485,False,0.3239,0.5706,0.3488,0.6023,moderate_friction,synthetic_bootstrap
syn_00615,bootstrap_user_03,repetitive_admin,repetitive_admin_015,441.3,3.243,0.1262,0.6939,0.0626,407.1,0.0348,0.7269,0.2009,8,0.9067,True,0.1622,0.7956,0.6598,0.9526,focused_or_low_friction,synthetic_bootstrap
syn_00616,bootstrap_user_04,coding_debugging,coding_debugging_016,653.0,2.896,0.1262,0.3445,0.2943,190.1,0.1089,0.5653,0.6643,1,0.4022,True,0.2142,0.6482,0.3513,0.6133,focused_or_low_friction,synthetic_bootstrap
syn_00617,bootstrap_user_05,coding_debugging,coding_debugging_017,770.6,1.184,0.3648,0.1102,0.3134,628.3,0.0737,0.4886,0.658,3,0.4529,True,0.327,0.6827,0.2999,0.6718,moderate_friction,synthetic_bootstrap
syn_00618,bootstrap_user_06,repetitive_admin,repetitive_admin_018,419.1,2.249,0.0568,0.7513,0.0582,221.8,0.0897,0.8228,0.0868,2,0.9075,True,0.1908,0.8121,0.5845,0.8315,focused_or_low_friction,synthetic_bootstrap
syn_00619,bootstrap_user_07,deep_work,deep_work_019,1289.1,1.021,0.0162,0.2544,0.1111,301.5,0.1122,0.9993,0.6582,2,0.2982,True,0.0877,0.7623,0.3345,0.6106,focused_or_low_friction,synthetic_bootstrap
syn_00620,bootstrap_user_08,deep_work,deep_work_020,2699.5,0.0,0.066,0.253,0.0779,419.2,0.0467,0.7454,0.4974,1,0.2313,True,0.1669,0.8174,0.2927,0.5906,focused_or_low_friction,synthetic_bootstrap
syn_00621,bootstrap_user_09,coding_debugging,coding_debugging_021,1078.3,1.724,0.1632,0.2486,0.4067,813.4,0.0695,0.5965,0.5149,2,0.364,True,0.3157,0.709,0.4075,0.6442,moderate_friction,synthetic_bootstrap
syn_00622,bootstrap_user_10,support_lookup,support_lookup_022,369.2,3.186,0.1386,0.556,0.1505,546.2,0.0628,0.7136,0.2944,11,0.7898,True,0.284,0.7651,0.6178,0.9121,focused_or_low_friction,synthetic_bootstrap
syn_00623,bootstrap_user_11,research_browsing,research_browsing_023,1824.8,2.312,0.1511,0.2328,0.0563,831.0,0.1276,0.4752,0.7943,1,0.3419,True,0.3638,0.5929,0.322,0.5827,moderate_friction,synthetic_bootstrap
syn_00624,bootstrap_user_12,support_lookup,support_lookup_024,262.4,4.102,0.1114,0.6636,0.0956,357.1,0.0904,0.6699,0.3349,11,0.6064,False,0.2332,0.6817,0.5875,0.8614,focused_or_low_friction,synthetic_bootstrap
syn_00625,bootstrap_user_01,research_browsing,research_browsing_025,888.5,4.445,0.3871,0.1623,0.1168,662.5,0.1965,0.3264,0.8302,1,0.0173,True,0.4748,0.3854,0.2725,0.4972,high_friction,synthetic_bootstrap
syn_00626,bootstrap_user_02,support_lookup,support_lookup_026,379.9,4.285,0.1896,0.3969,0.0742,683.3,0.0618,0.6967,0.3746,13,0.7469,True,0.3336,0.7244,0.5651,0.8918,moderate_friction,synthetic_bootstrap
syn_00627,bootstrap_user_03,coding_debugging,coding_debugging_027,1183.1,1.846,0.2953,0.3622,0.3379,1097.3,0.0665,0.5195,0.7216,2,0.394,True,0.4392,0.6502,0.4339,0.6269,moderate_friction,synthetic_bootstrap
syn_00628,bootstrap_user_04,deep_work,deep_work_028,1806.4,1.092,0.1079,0.0841,0.1084,797.1,0.0901,0.8921,0.7493,2,0.3724,True,0.2448,0.7118,0.3066,0.6182,focused_or_low_friction,synthetic_bootstrap
syn_00629,bootstrap_user_05,support_lookup,support_lookup_029,241.6,3.83,0.2837,0.5247,0.0403,663.2,0.0174,0.4672,0.4599,7,0.8373,True,0.2788,0.658,0.5324,0.8816,focused_or_low_friction,synthetic_bootstrap
syn_00630,bootstrap_user_06,coding_debugging,coding_debugging_030,527.4,2.476,0.2291,0.2585,0.3155,880.6,0.125,0.5722,0.7384,3,0.08,True,0.3561,0.6088,0.2359,0.5689,moderate_friction,synthetic_bootstrap
syn_00631,bootstrap_user_07,research_browsing,research_browsing_031,1192.1,1.799,0.287,0.0676,0.0536,767.5,0.0785,0.4686,0.8725,3,0.3866,True,0.3262,0.612,0.2922,0.6295,moderate_friction,synthetic_bootstrap
syn_00632,bootstrap_user_08,research_browsing,research_browsing_032,1433.9,2.419,0.181,0.228,0.1592,737.6,0.1997,0.4953,0.653,3,0.2074,True,0.3267,0.5128,0.3016,0.611,moderate_friction,synthetic_bootstrap
syn_00633,bootstrap_user_09,deep_work,deep_work_033,1582.8,0.622,0.0845,0.2492,0.1238,158.0,0.1043,0.8289,0.6702,1,0.3745,True,0.1472,0.7646,0.3121,0.6057,focused_or_low_friction,synthetic_bootstrap
syn_00634,bootstrap_user_10,repetitive_admin,repetitive_admin_034,265.5,3.138,0.0522,0.5133,0.0662,568.3,0.0488,0.7561,0.067,10,0.8675,True,0.1758,0.81,0.591,0.9588,focused_or_low_friction,synthetic_bootstrap
syn_00635,bootstrap_user_11,deep_work,deep_work_035,1965.9,1.339,0.0686,0.0806,0.0811,603.8,0.0309,0.8663,0.6122,2,0.2823,True,0.2225,0.7815,0.3037,0.6121,focused_or_low_friction,synthetic_bootstrap
syn_00636,bootstrap_user_12,deep_work,deep_work_036,2665.7,1.108,0.0134,0.0475,0.0524,478.4,0.089,0.7183,0.5927,1,0.3283,True,0.1956,0.7224,0.2476,0.6035,focused_or_low_friction,synthetic_bootstrap
syn_00637,bootstrap_user_01,coding_debugging,coding_debugging_037,1386.0,2.163,0.1814,0.2037,0.2208,856.9,0.2342,0.6706,0.7107,2,0.2319,True,0.4094,0.5178,0.3503,0.5877,moderate_friction,synthetic_bootstrap
syn_00638,bootstrap_user_02,coding_debugging,coding_debugging_038,1109.5,2.897,0.3126,0.2223,0.2045,742.2,0.1421,0.5541,0.764,1,0.5292,True,0.3569,0.5486,0.4004,0.6331,moderate_friction,synthetic_bootstrap
syn_00639,bootstrap_user_03,coding_debugging,coding_debugging_039,533.4,1.236,0.2724,0.4533,0.2327,908.8,0.113,0.5452,0.7361,2,0.3699,True,0.3278,0.652,0.3506,0.6191,moderate_friction,synthetic_bootstrap
syn_00640,bootstrap_user_04,research_browsing,research_browsing_040,1895.3,3.638,0.2146,0.1298,0.0757,326.5,0.0966,0.5975,0.9372,2,0.1962,False,0.3412,0.5857,0.276,0.5516,moderate_friction,synthetic_bootstrap
syn_00641,bootstrap_user_05,coding_debugging,coding_debugging_041,1343.9,2.037,0.3589,0.0803,0.4604,490.8,0.1397,0.5801,0.7084,2,0.4558,True,0.4334,0.6151,0.36,0.6439,moderate_friction,synthetic_bootstrap
syn_00642,bootstrap_user_06,coding_debugging,coding_debugging_042,1871.2,2.284,0.3985,0.2829,0.2451,827.1,0.1252,0.6065,0.7613,4,0.4167,False,0.491,0.5808,0.3885,0.6728,high_friction,synthetic_bootstrap
syn_00643,bootstrap_user_07,deep_work,deep_work_043,1237.9,0.649,0.0519,0.091,0.0559,545.4,0.1612,0.8856,0.7923,1,0.3626,True,0.1634,0.6719,0.2953,0.5881,focused_or_low_friction,synthetic_bootstrap
syn_00644,bootstrap_user_08,repetitive_admin,repetitive_admin_044,583.5,3.267,0.0483,0.6845,0.0223,389.8,0.0577,0.7156,0.3042,10,0.8805,True,0.2272,0.7602,0.7283,0.9336,automation_candidate,synthetic_bootstrap
syn_00645,bootstrap_user_09,coding_debugging,coding_debugging_045,977.6,2.696,0.3766,0.2203,0.4148,1092.6,0.169,0.6604,0.956,2,0.7174,True,0.4899,0.5093,0.4494,0.6796,high_friction,synthetic_bootstrap
syn_00646,bootstrap_user_10,research_browsing,research_browsing_046,2063.5,1.804,0.2053,0.0087,0.0911,470.5,0.0991,0.9308,0.9374,0,0.3667,False,0.2827,0.682,0.2483,0.5492,focused_or_low_friction,synthetic_bootstrap
syn_00647,bootstrap_user_11,deep_work,deep_work_047,1126.7,0.336,0.0886,0.158,0.0546,307.0,0.0764,0.8909,0.6724,3,0.2665,True,0.1159,0.7981,0.2864,0.6234,focused_or_low_friction,synthetic_bootstrap
syn_00648,bootstrap_user_12,support_lookup,support_lookup_048,452.7,2.271,0.3172,0.6317,0.1376,760.2,0.0857,0.587,0.426,12,0.7013,False,0.3915,0.6725,0.6122,0.8742,moderate_friction,synthetic_bootstrap
syn_00649,bootstrap_user_01,coding_debugging,coding_debugging_049,999.5,0.44,0.2343,0.2137,0.1926,974.4,0.0891,0.5401,0.6875,3,0.4303,True,0.3279,0.6887,0.3356,0.6626,moderate_friction,synthetic_bootstrap
syn_00650,bootstrap_user_02,deep_work,deep_work_050,1655.7,1.061,0.1086,0.1316,0.1238,273.6,0.042,0.7999,0.8298,2,0.317,True,0.1672,0.8023,0.2815,0.5947,focused_or_low_friction,synthetic_bootstrap
syn_00651,bootstrap_user_03,support_lookup,support_lookup_051,158.8,4.1,0.1601,0.515,0.2401,577.4,0.0739,0.6138,0.2965,10,0.6224,True,0.2465,0.6789,0.5841,0.87,focused_or_low_friction,synthetic_bootstrap
syn_00652,bootstrap_user_04,research_browsing,research_browsing_052,1162.7,3.458,0.2225,0.2837,0.0208,811.9,0.1001,0.691,0.7345,2,0.2877,True,0.2792,0.6058,0.3545,0.5988,focused_or_low_friction,synthetic_bootstrap
syn_00653,bootstrap_user_05,coding_debugging,coding_debugging_053,759.4,1.903,0.0726,0.2029,0.4024,963.3,0.0957,0.6368,0.6372,5,0.7095,True,0.3836,0.6722,0.4324,0.7834,moderate_friction,synthetic_bootstrap
syn_00654,bootstrap_user_06,repetitive_admin,repetitive_admin_054,313.6,2.981,0.2587,0.6863,0.0456,263.2,0.0842,0.8298,0.2315,0,0.7697,True,0.2068,0.7437,0.5269,0.7347,focused_or_low_friction,synthetic_bootstrap
syn_00655,bootstrap_user_07,research_browsing,research_browsing_055,2329.2,2.96,0.2184,0.1334,0.0858,323.0,0.0355,0.3733,0.8867,0,0.534,True,0.4129,0.607,0.2855,0.5971,moderate_friction,synthetic_bootstrap
syn_00656,bootstrap_user_08,repetitive_admin,repetitive_admin_056,612.6,4.602,0.0656,0.6802,0.0438,364.3,0.0532,0.7084,0.0981,6,0.9163,True,0.246,0.7287,0.6557,0.9223,focused_or_low_friction,synthetic_bootstrap
syn_00657,bootstrap_user_09,research_browsing,research_browsing_057,2054.5,1.746,0.2849,0.1838,0.1122,488.9,0.0924,0.5793,0.7583,2,0.3549,True,0.3561,0.6032,0.3566,0.6127,moderate_friction,synthetic_bootstrap
syn_00658,bootstrap_user_10,repetitive_admin,repetitive_admin_058,389.4,5.212,0.2083,0.6594,0.1089,302.8,0.0501,0.8008,0.3913,12,0.866,True,0.2438,0.6584,0.6636,0.9195,focused_or_low_friction,synthetic_bootstrap
syn_00659,bootstrap_user_11,support_lookup,support_lookup_059,407.4,4.208,0.1927,0.5495,0.0874,378.3,0.0741,0.6503,0.4079,8,0.7474,True,0.2839,0.7275,0.6123,0.8879,focused_or_low_friction,synthetic_bootstrap
syn_00660,bootstrap_user_12,repetitive_admin,repetitive_admin_060,621.0,2.525,0.1206,0.6222,0.0275,303.5,0.0898,0.8157,0.183,7,0.9199,True,0.2221,0.7775,0.6547,0.9355,focused_or_low_friction,synthetic_bootstrap
syn_00661,bootstrap_user_01,repetitive_admin,repetitive_admin_001,458.1,2.546,0.0869,0.584,0.0175,365.1,0.0745,0.6158,0.3073,11,0.7131,True,0.2607,0.7438,0.5692,0.8914,focused_or_low_friction,synthetic_bootstrap
syn_00662,bootstrap_user_02,research_browsing,research_browsing_002,1679.2,2.177,0.2822,0.1248,0.0973,531.7,0.1102,0.5119,0.7821,1,0.3589,True,0.3098,0.6168,0.2958,0.5884,moderate_friction,synthetic_bootstrap
syn_00663,bootstrap_user_03,repetitive_admin,repetitive_admin_003,444.3,3.965,0.1397,0.8598,0.0683,514.5,0.0537,0.7857,0.3204,13,0.9177,True,0.2274,0.7358,0.7401,0.941,automation_candidate,synthetic_bootstrap
syn_00664,bootstrap_user_04,deep_work,deep_work_004,1273.9,0.0,0.0025,0.3088,0.0572,792.6,0.0961,0.816,0.5299,2,0.5771,True,0.1676,0.7708,0.3813,0.6957,focused_or_low_friction,synthetic_bootstrap
syn_00665,bootstrap_user_05,repetitive_admin,repetitive_admin_005,292.1,4.478,0.2179,0.7435,0.0679,581.3,0.0206,0.7447,0.3263,5,0.8091,True,0.2752,0.7762,0.5867,0.8456,focused_or_low_friction,synthetic_bootstrap
syn_00666,bootstrap_user_06,coding_debugging,coding_debugging_006,979.3,1.66,0.2802,0.185,0.2903,887.4,0.0797,0.5891,0.7015,2,0.3582,True,0.3063,0.6984,0.3463,0.6204,moderate_friction,synthetic_bootstrap
syn_00667,bootstrap_user_07,coding_debugging,coding_debugging_007,1374.5,2.853,0.2021,0.1486,0.1968,715.8,0.135,0.5458,0.7808,0,0.366,True,0.3796,0.5528,0.2891,0.5678,moderate_friction,synthetic_bootstrap
syn_00668,bootstrap_user_08,research_browsing,research_browsing_008,45.0,1.887,0.3152,0.1334,0.0768,137.0,0.0285,0.7228,0.8494,0,0.2243,True,0.1728,0.6684,0.1207,0.5242,focused_or_low_friction,synthetic_bootstrap
syn_00669,bootstrap_user_09,repetitive_admin,repetitive_admin_009,505.9,3.792,0.1725,0.5336,0.0823,345.1,0.0474,0.7209,0.214,0,0.9529,True,0.2084,0.7579,0.5107,0.7826,focused_or_low_friction,synthetic_bootstrap
syn_00670,bootstrap_user_10,support_lookup,support_lookup_010,218.1,3.378,0.223,0.516,0.0552,723.7,0.0546,0.6453,0.4362,4,0.7432,True,0.2393,0.7047,0.4473,0.7935,focused_or_low_friction,synthetic_bootstrap
syn_00671,bootstrap_user_11,deep_work,deep_work_011,2227.7,1.046,0.1007,0.0214,0.0848,238.1,0.0785,0.6348,0.5259,3,0.3943,True,0.18,0.7176,0.3256,0.673,focused_or_low_friction,synthetic_bootstrap
syn_00672,bootstrap_user_12,support_lookup,support_lookup_012,225.6,6.156,0.1652,0.6276,0.0406,455.1,0.0653,0.6227,0.3066,7,0.9415,True,0.3166,0.6476,0.6482,0.9261,moderate_friction,synthetic_bootstrap
syn_00673,bootstrap_user_01,research_browsing,research_browsing_013,1045.1,2.772,0.2018,0.2237,0.1396,677.5,0.1538,0.5124,0.8708,3,0.3813,True,0.3615,0.5159,0.3662,0.6283,moderate_friction,synthetic_bootstrap
syn_00674,bootstrap_user_02,coding_debugging,coding_debugging_014,1235.2,1.003,0.3322,0.1151,0.2572,790.3,0.0635,0.6191,0.7267,1,0.4995,True,0.4034,0.6945,0.3017,0.6302,moderate_friction,synthetic_bootstrap
syn_00675,bootstrap_user_03,support_lookup,support_lookup_015,161.6,5.677,0.1473,0.4427,0.1527,445.2,0.0796,0.7536,0.3902,14,0.6175,True,0.2565,0.6927,0.6095,0.8576,focused_or_low_friction,synthetic_bootstrap
syn_00676,bootstrap_user_04,repetitive_admin,repetitive_admin_016,613.3,2.406,0.0793,0.6206,0.0487,574.1,0.0427,0.73,0.3574,1,0.8642,True,0.242,0.7697,0.5113,0.7657,focused_or_low_friction,synthetic_bootstrap
syn_00677,bootstrap_user_05,research_browsing,research_browsing_017,1462.8,3.243,0.2002,0.2097,0.0566,799.9,0.0997,0.522,0.7364,2,0.5245,True,0.3244,0.6138,0.3729,0.6577,moderate_friction,synthetic_bootstrap
syn_00678,bootstrap_user_06,support_lookup,support_lookup_018,288.4,3.573,0.2825,0.5432,0.1799,331.1,0.0512,0.8,0.3785,13,0.7631,True,0.3156,0.6979,0.5806,0.8954,moderate_friction,synthetic_bootstrap
syn_00679,bootstrap_user_07,deep_work,deep_work_019,1402.2,1.166,0.0,0.1978,0.1163,812.6,0.1218,0.8491,0.8159,2,0.2948,True,0.1995,0.6992,0.312,0.5908,focused_or_low_friction,synthetic_bootstrap
syn_00680,bootstrap_user_08,repetitive_admin,repetitive_admin_020,99.7,2.98,0.1217,0.7857,0.1451,404.1,0.0227,0.5764,0.3487,5,0.9293,True,0.175,0.7651,0.6132,0.873,focused_or_low_friction,synthetic_bootstrap
syn_00681,bootstrap_user_09,deep_work,deep_work_021,2309.5,0.0,0.0373,0.0476,0.1162,524.4,0.0,0.7959,0.7601,2,0.3676,True,0.1509,0.8448,0.2802,0.6157,focused_or_low_friction,synthetic_bootstrap
syn_00682,bootstrap_user_10,repetitive_admin,repetitive_admin_022,512.3,3.896,0.1252,0.8514,0.065,192.3,0.0643,0.7514,0.3297,3,1.0,True,0.2221,0.7037,0.6753,0.8479,focused_or_low_friction,synthetic_bootstrap
syn_00683,bootstrap_user_11,deep_work,deep_work_023,1249.1,1.818,0.0493,0.2876,0.0808,734.5,0.0506,0.8215,0.7605,2,0.4821,True,0.201,0.7742,0.3625,0.6443,focused_or_low_friction,synthetic_bootstrap
syn_00684,bootstrap_user_12,support_lookup,support_lookup_024,317.3,4.037,0.1965,0.631,0.0706,473.1,0.0643,0.6497,0.533,10,0.819,True,0.2817,0.7013,0.5905,0.8908,focused_or_low_friction,synthetic_bootstrap
syn_00685,bootstrap_user_01,coding_debugging,coding_debugging_025,1151.2,2.525,0.2458,0.1398,0.2215,637.9,0.0645,0.756,0.7191,2,0.435,True,0.3003,0.7071,0.3199,0.6375,moderate_friction,synthetic_bootstrap
syn_00686,bootstrap_user_02,repetitive_admin,repetitive_admin_026,595.7,3.191,0.1171,0.6368,0.0309,163.3,0.0271,0.7929,0.1839,2,0.7873,True,0.1895,0.8056,0.5733,0.7898,focused_or_low_friction,synthetic_bootstrap
syn_00687,bootstrap_user_03,support_lookup,support_lookup_027,384.9,6.707,0.05,0.5087,0.1449,438.3,0.0858,0.6807,0.5337,10,0.8961,True,0.3524,0.5831,0.6053,0.91,moderate_friction,synthetic_bootstrap
syn_00688,bootstrap_user_04,research_browsing,research_browsing_028,2085.9,3.82,0.1889,0.2844,0.0685,245.6,0.1604,0.4266,0.7843,2,0.3463,True,0.3973,0.5085,0.3471,0.6074,moderate_friction,synthetic_bootstrap
syn_00689,bootstrap_user_05,coding_debugging,coding_debugging_029,1232.4,0.845,0.4518,0.0997,0.2654,437.1,0.0635,0.6115,0.6671,4,0.4518,True,0.325,0.7198,0.388,0.6929,moderate_friction,synthetic_bootstrap
syn_00690,bootstrap_user_06,support_lookup,support_lookup_030,146.1,3.483,0.218,0.6659,0.0575,654.8,0.0333,0.7904,0.4182,3,0.7371,True,0.2299,0.7434,0.4509,0.7716,focused_or_low_friction,synthetic_bootstrap
syn_00691,bootstrap_user_07,repetitive_admin,repetitive_admin_031,210.9,3.749,0.1372,0.7327,0.0908,299.5,0.0555,0.9685,0.3975,7,0.8181,True,0.1909,0.7783,0.5762,0.8843,focused_or_low_friction,synthetic_bootstrap
syn_00692,bootstrap_user_08,research_browsing,research_browsing_032,634.1,1.729,0.26,0.1729,0.1346,669.0,0.1583,0.6243,0.8663,0,0.1519,True,0.3038,0.5941,0.2513,0.504,moderate_friction,synthetic_bootstrap
syn_00693,bootstrap_user_09,repetitive_admin,repetitive_admin_033,395.4,2.588,0.0027,0.8236,0.058,764.6,0.0278,0.9295,0.3548,4,0.8786,True,0.1758,0.8523,0.6177,0.8371,focused_or_low_friction,synthetic_bootstrap
syn_00694,bootstrap_user_10,repetitive_admin,repetitive_admin_034,509.5,3.184,0.0495,0.7108,0.087,136.1,0.0551,0.7313,0.1503,7,0.8351,True,0.197,0.8033,0.6421,0.9182,focused_or_low_friction,synthetic_bootstrap
syn_00695,bootstrap_user_11,research_browsing,research_browsing_035,413.0,3.74,0.1608,0.1532,0.0474,666.0,0.1633,0.6919,0.9269,4,0.0545,True,0.2568,0.539,0.1987,0.5624,focused_or_low_friction,synthetic_bootstrap
syn_00696,bootstrap_user_12,support_lookup,support_lookup_036,211.1,4.04,0.2106,0.4269,0.0471,520.2,0.096,0.6575,0.2729,0,0.8853,True,0.2347,0.6356,0.3974,0.7586,focused_or_low_friction,synthetic_bootstrap
syn_00697,bootstrap_user_01,coding_debugging,coding_debugging_037,667.5,1.985,0.147,0.2586,0.2754,1357.7,0.0148,0.6278,0.7374,1,0.4333,True,0.332,0.765,0.2743,0.6123,moderate_friction,synthetic_bootstrap
syn_00698,bootstrap_user_02,support_lookup,support_lookup_038,175.8,6.07,0.253,0.6903,0.1717,175.0,0.0839,0.7664,0.2875,14,0.8096,True,0.271,0.6242,0.7132,0.9179,automation_candidate,synthetic_bootstrap
syn_00699,bootstrap_user_03,coding_debugging,coding_debugging_039,1346.6,1.662,0.4453,0.3339,0.2172,740.5,0.1258,0.5699,0.6866,3,0.2708,True,0.4044,0.5629,0.348,0.6228,moderate_friction,synthetic_bootstrap
syn_00700,bootstrap_user_04,repetitive_admin,repetitive_admin_040,154.3,1.552,0.1456,0.6933,0.0697,208.9,0.0303,0.7739,0.2748,11,0.9372,True,0.0832,0.8148,0.6421,0.9513,focused_or_low_friction,synthetic_bootstrap
syn_00701,bootstrap_user_05,repetitive_admin,repetitive_admin_041,303.5,2.145,0.1242,1.0,0.0605,379.6,0.0106,0.8519,0.3675,11,0.9688,True,0.139,0.8694,0.7635,0.9481,automation_candidate,synthetic_bootstrap
syn_00702,bootstrap_user_06,repetitive_admin,repetitive_admin_042,87.1,3.655,0.0851,0.8278,0.0963,153.7,0.0581,0.759,0.3163,10,0.9797,True,0.1674,0.7658,0.7381,0.957,automation_candidate,synthetic_bootstrap
syn_00703,bootstrap_user_07,deep_work,deep_work_043,2257.5,0.893,0.1016,0.1705,0.0909,839.7,0.05,0.9124,0.6674,0,0.3274,False,0.2357,0.8016,0.2601,0.5718,focused_or_low_friction,synthetic_bootstrap
syn_00704,bootstrap_user_08,research_browsing,research_browsing_044,2085.5,4.199,0.3627,0.199,0.0982,804.8,0.0811,0.5956,0.7859,0,0.3153,True,0.4274,0.5824,0.3459,0.5545,moderate_friction,synthetic_bootstrap
syn_00705,bootstrap_user_09,repetitive_admin,repetitive_admin_045,292.7,2.863,0.0741,0.6204,0.0562,354.5,0.0676,0.7688,0.1743,13,0.9356,True,0.1925,0.7862,0.6773,0.963,focused_or_low_friction,synthetic_bootstrap
syn_00706,bootstrap_user_10,support_lookup,support_lookup_046,295.8,4.269,0.2236,0.6444,0.0931,155.4,0.0758,0.6226,0.4456,8,0.7552,True,0.2833,0.6529,0.5791,0.8853,focused_or_low_friction,synthetic_bootstrap
syn_00707,bootstrap_user_11,coding_debugging,coding_debugging_047,1857.6,1.558,0.2445,0.1163,0.3727,628.6,0.0765,0.5531,0.7263,1,0.1059,True,0.3484,0.6837,0.2962,0.5318,moderate_friction,synthetic_bootstrap
syn_00708,bootstrap_user_12,coding_debugging,coding_debugging_048,1026.1,3.37,0.2773,0.3999,0.2544,165.1,0.096,0.7979,0.7735,2,0.466,True,0.2812,0.6837,0.4167,0.6387,focused_or_low_friction,synthetic_bootstrap
syn_00709,bootstrap_user_01,support_lookup,support_lookup_049,360.3,5.214,0.124,0.5648,0.1609,546.1,0.0701,0.4964,0.4322,7,0.7836,True,0.3541,0.6075,0.5718,0.8715,moderate_friction,synthetic_bootstrap
syn_00710,bootstrap_user_02,support_lookup,support_lookup_050,213.6,6.917,0.2529,0.4941,0.2118,442.1,0.0609,0.7497,0.1433,6,0.7327,True,0.3184,0.6547,0.5529,0.871,moderate_friction,synthetic_bootstrap
syn_00711,bootstrap_user_03,research_browsing,research_browsing_051,1882.6,3.332,0.2237,0.1918,0.1918,688.0,0.0843,0.3509,0.6853,1,0.287,True,0.4236,0.5709,0.3032,0.582,moderate_friction,synthetic_bootstrap
syn_00712,bootstrap_user_04,coding_debugging,coding_debugging_052,1375.7,3.432,0.1582,0.2644,0.1095,396.6,0.0706,0.7348,0.6421,1,0.4251,True,0.2656,0.7153,0.3675,0.6217,focused_or_low_friction,synthetic_bootstrap
syn_00713,bootstrap_user_05,coding_debugging,coding_debugging_053,1151.1,1.838,0.3284,0.3635,0.4664,581.8,0.155,0.6705,0.8175,2,0.3938,True,0.4138,0.6121,0.4034,0.6154,moderate_friction,synthetic_bootstrap
syn_00714,bootstrap_user_06,research_browsing,research_browsing_054,1296.5,0.294,0.075,0.1485,0.0449,829.1,0.0445,0.5198,0.763,3,0.227,True,0.26,0.7576,0.3079,0.6027,focused_or_low_friction,synthetic_bootstrap
syn_00715,bootstrap_user_07,coding_debugging,coding_debugging_055,1085.0,0.673,0.2545,0.238,0.3286,588.2,0.157,0.6115,0.628,2,0.69,True,0.3538,0.616,0.4103,0.7121,moderate_friction,synthetic_bootstrap
syn_00716,bootstrap_user_08,repetitive_admin,repetitive_admin_056,317.8,3.384,0.1096,0.6613,0.0654,276.8,0.0446,0.8402,0.1287,9,0.9704,True,0.1429,0.822,0.6426,0.9772,focused_or_low_friction,synthetic_bootstrap
syn_00717,bootstrap_user_09,support_lookup,support_lookup_057,257.7,3.052,0.0304,0.6002,0.0468,517.9,0.0935,0.8454,0.3703,10,0.8299,True,0.1575,0.7711,0.5773,0.913,focused_or_low_friction,synthetic_bootstrap
syn_00718,bootstrap_user_10,deep_work,deep_work_058,2491.4,1.042,0.0312,0.175,0.1966,726.4,0.0595,0.763,0.69,1,0.494,True,0.2102,0.7732,0.3399,0.6332,focused_or_low_friction,synthetic_bootstrap
syn_00719,bootstrap_user_11,coding_debugging,coding_debugging_059,1116.7,2.424,0.4119,0.3378,0.225,764.8,0.0776,0.425,0.7091,5,0.1803,True,0.3989,0.6086,0.3661,0.6425,moderate_friction,synthetic_bootstrap
syn_00720,bootstrap_user_12,research_browsing,research_browsing_060,637.4,1.484,0.3398,0.1014,0.075,1113.0,0.0733,0.6211,0.8851,3,0.1402,True,0.3339,0.6882,0.2028,0.5663,moderate_friction,synthetic_bootstrap
syn_00721,bootstrap_user_01,support_lookup,support_lookup_001,210.6,4.803,0.2296,0.7084,0.0677,424.2,0.0665,0.7862,0.3338,6,0.6874,True,0.2535,0.7111,0.5549,0.8368,focused_or_low_friction,synthetic_bootstrap
syn_00722,bootstrap_user_02,support_lookup,support_lookup_002,268.5,2.5,0.0079,0.7827,0.1139,557.2,0.0225,0.5697,0.4769,12,0.7279,True,0.2423,0.7571,0.6946,0.8747,automation_candidate,synthetic_bootstrap
syn_00723,bootstrap_user_03,deep_work,deep_work_003,1573.4,1.358,0.0991,0.1486,0.1586,502.2,0.0761,0.9304,0.8049,3,0.0,True,0.1969,0.7438,0.2661,0.5409,focused_or_low_friction,synthetic_bootstrap
syn_00724,bootstrap_user_04,research_browsing,research_browsing_004,1480.3,3.746,0.1959,0.2999,0.1389,769.4,0.1347,0.7189,0.8817,2,0.4188,True,0.4093,0.5837,0.3667,0.6139,moderate_friction,synthetic_bootstrap
syn_00725,bootstrap_user_05,deep_work,deep_work_005,2965.4,0.0,0.1119,0.0943,0.1841,495.5,0.0482,0.7987,0.6086,1,0.3106,True,0.236,0.8211,0.2543,0.5971,focused_or_low_friction,synthetic_bootstrap
syn_00726,bootstrap_user_06,deep_work,deep_work_006,970.9,0.94,0.1066,0.2084,0.1176,733.1,0.1199,1.0,0.9901,0,0.0863,True,0.219,0.6959,0.2359,0.4728,focused_or_low_friction,synthetic_bootstrap
syn_00727,bootstrap_user_07,repetitive_admin,repetitive_admin_007,379.5,2.506,0.0874,0.696,0.1137,316.7,0.0413,0.7913,0.2601,12,0.7864,True,0.1827,0.8128,0.6513,0.9154,focused_or_low_friction,synthetic_bootstrap
syn_00728,bootstrap_user_08,deep_work,deep_work_008,2471.8,1.666,0.0486,0.269,0.0,643.7,0.0457,0.8981,0.5839,1,0.2528,True,0.2413,0.7964,0.3706,0.5856,focused_or_low_friction,synthetic_bootstrap
syn_00729,bootstrap_user_09,support_lookup,support_lookup_009,221.4,6.09,0.0499,0.5828,0.0832,796.8,0.0656,0.4512,0.2159,3,0.8834,True,0.3185,0.6212,0.5636,0.8324,moderate_friction,synthetic_bootstrap
syn_00730,bootstrap_user_10,support_lookup,support_lookup_010,147.0,4.849,0.2098,0.5843,0.1299,538.4,0.0749,0.5266,0.4276,10,0.8221,True,0.2976,0.6393,0.6019,0.9042,focused_or_low_friction,synthetic_bootstrap
syn_00731,bootstrap_user_11,repetitive_admin,repetitive_admin_011,247.8,4.02,0.022,0.7539,0.0646,321.7,0.0552,0.6762,0.3312,8,0.8106,True,0.1911,0.7381,0.6556,0.9129,focused_or_low_friction,synthetic_bootstrap
syn_00732,bootstrap_user_12,deep_work,deep_work_012,2500.1,1.061,0.0649,0.0356,0.1003,647.0,0.0942,0.5444,0.767,2,0.3139,True,0.299,0.6614,0.305,0.6014,focused_or_low_friction,synthetic_bootstrap
syn_00733,bootstrap_user_01,deep_work,deep_work_013,1166.3,0.774,0.0721,0.084,0.1052,685.9,0.1299,0.8779,0.5104,0,0.3699,True,0.1706,0.7841,0.2882,0.6012,focused_or_low_friction,synthetic_bootstrap
syn_00734,bootstrap_user_02,repetitive_admin,repetitive_admin_014,501.4,4.188,0.1233,1.0,0.0424,301.2,0.0217,0.8806,0.3602,6,0.7909,True,0.2184,0.8029,0.6805,0.8595,automation_candidate,synthetic_bootstrap
syn_00735,bootstrap_user_03,deep_work,deep_work_015,2055.8,0.935,0.0488,0.1385,0.0308,538.9,0.1104,0.8992,0.7467,1,0.5362,True,0.2234,0.7605,0.3259,0.637,focused_or_low_friction,synthetic_bootstrap
syn_00736,bootstrap_user_04,coding_debugging,coding_debugging_016,1274.5,2.897,0.1536,0.1273,0.1701,751.9,0.0833,0.4521,0.7349,2,0.5855,True,0.3752,0.5997,0.3972,0.6732,moderate_friction,synthetic_bootstrap
syn_00737,bootstrap_user_05,repetitive_admin,repetitive_admin_017,421.4,2.96,0.0683,0.6643,0.0729,484.5,0.0653,0.9043,0.3474,10,0.8355,True,0.1791,0.7643,0.5829,0.9172,focused_or_low_friction,synthetic_bootstrap
syn_00738,bootstrap_user_06,repetitive_admin,repetitive_admin_018,268.7,4.802,0.1421,0.6748,0.0959,126.1,0.0585,0.855,0.2679,1,0.8269,True,0.186,0.7009,0.576,0.7671,focused_or_low_friction,synthetic_bootstrap
syn_00739,bootstrap_user_07,repetitive_admin,repetitive_admin_019,231.9,2.957,0.0578,0.5957,0.0619,462.7,0.0887,0.7052,0.179,10,0.9006,True,0.1905,0.744,0.632,0.9537,focused_or_low_friction,synthetic_bootstrap
syn_00740,bootstrap_user_08,support_lookup,support_lookup_020,241.8,5.584,0.3583,0.6434,0.1097,566.1,0.0403,0.7365,0.4085,5,0.8802,True,0.2978,0.6662,0.5801,0.8535,focused_or_low_friction,synthetic_bootstrap
syn_00741,bootstrap_user_09,deep_work,deep_work_021,2280.2,1.174,0.0745,0.1122,0.0901,515.4,0.0994,0.8441,0.6709,2,0.2691,True,0.2332,0.7118,0.2954,0.6018,focused_or_low_friction,synthetic_bootstrap
syn_00742,bootstrap_user_10,deep_work,deep_work_022,2186.3,0.643,0.0052,0.0669,0.1171,134.2,0.022,0.8629,0.6577,1,0.2906,True,0.1428,0.8209,0.2531,0.5862,focused_or_low_friction,synthetic_bootstrap
syn_00743,bootstrap_user_11,research_browsing,research_browsing_023,1523.4,2.718,0.1566,0.0208,0.1184,667.4,0.0841,0.4555,0.801,2,0.3117,True,0.3635,0.606,0.3024,0.5968,moderate_friction,synthetic_bootstrap
syn_00744,bootstrap_user_12,deep_work,deep_work_024,1824.3,0.82,0.1448,0.0782,0.0912,664.1,0.0924,0.7905,0.5094,0,0.5991,True,0.1992,0.7647,0.3106,0.6587,focused_or_low_friction,synthetic_bootstrap
syn_00745,bootstrap_user_01,support_lookup,support_lookup_025,226.9,3.171,0.0669,0.3464,0.0301,703.8,0.0304,0.7135,0.4652,7,0.7601,True,0.2172,0.7786,0.5148,0.8617,focused_or_low_friction,synthetic_bootstrap
syn_00746,bootstrap_user_02,support_lookup,support_lookup_026,405.0,1.718,0.145,0.6205,0.1332,209.1,0.0077,0.7907,0.2985,2,0.6796,True,0.1929,0.8517,0.45,0.7491,focused_or_low_friction,synthetic_bootstrap
syn_00747,bootstrap_user_03,repetitive_admin,repetitive_admin_027,158.4,4.624,0.1439,0.6799,0.0591,570.4,0.0677,0.8432,0.2216,8,0.8922,True,0.2121,0.7181,0.6312,0.9464,focused_or_low_friction,synthetic_bootstrap
syn_00748,bootstrap_user_04,support_lookup,support_lookup_028,127.9,4.986,0.2049,0.5936,0.1325,454.3,0.0399,0.7144,0.4246,5,0.7307,True,0.2417,0.717,0.5144,0.8142,focused_or_low_friction,synthetic_bootstrap
syn_00749,bootstrap_user_05,coding_debugging,coding_debugging_029,1106.6,1.361,0.3613,0.1788,0.2347,980.9,0.1194,0.3346,0.7042,3,0.3725,True,0.3749,0.5249,0.3286,0.6461,moderate_friction,synthetic_bootstrap
syn_00750,bootstrap_user_06,research_browsing,research_browsing_030,1491.1,0.0,0.1441,0.0262,0.0879,1080.7,0.0991,0.5671,0.8671,2,0.2742,False,0.3338,0.6856,0.2393,0.5795,moderate_friction,synthetic_bootstrap
syn_00751,bootstrap_user_07,repetitive_admin,repetitive_admin_031,368.1,4.117,0.0998,0.8678,0.0381,566.4,0.0642,0.6528,0.3309,5,0.8627,True,0.2443,0.7202,0.6448,0.8585,focused_or_low_friction,synthetic_bootstrap
syn_00752,bootstrap_user_08,repetitive_admin,repetitive_admin_032,251.2,2.132,0.1362,0.7612,0.053,586.9,0.0744,0.6837,0.2078,7,0.8335,False,0.2198,0.7667,0.6198,0.9109,focused_or_low_friction,synthetic_bootstrap
syn_00753,bootstrap_user_09,repetitive_admin,repetitive_admin_033,543.4,3.258,0.1442,0.7913,0.0995,278.8,0.0297,0.714,0.2093,2,0.9141,True,0.1969,0.778,0.6046,0.8184,focused_or_low_friction,synthetic_bootstrap
syn_00754,bootstrap_user_10,support_lookup,support_lookup_034,278.2,3.002,0.0717,0.6876,0.0333,478.1,0.0502,0.6477,0.3878,11,0.6301,True,0.1683,0.7671,0.5456,0.861,focused_or_low_friction,synthetic_bootstrap
syn_00755,bootstrap_user_11,coding_debugging,coding_debugging_035,2196.4,1.849,0.4219,0.3484,0.2564,686.5,0.0581,0.6966,0.6777,1,0.4952,True,0.3875,0.6921,0.3847,0.635,moderate_friction,synthetic_bootstrap
syn_00756,bootstrap_user_12,repetitive_admin,repetitive_admin_036,346.3,4.735,0.1077,0.6768,0.073,439.1,0.019,0.7784,0.3056,1,1.0,True,0.1951,0.7313,0.5672,0.8058,focused_or_low_friction,synthetic_bootstrap
syn_00757,bootstrap_user_01,repetitive_admin,repetitive_admin_037,206.1,4.564,0.0919,0.9146,0.047,365.4,0.088,0.7109,0.3072,12,0.8155,True,0.176,0.6924,0.7314,0.917,automation_candidate,synthetic_bootstrap
syn_00758,bootstrap_user_02,research_browsing,research_browsing_038,1880.8,2.699,0.0912,0.0,0.2434,765.9,0.1168,0.6134,0.6855,1,0.5092,True,0.3467,0.6053,0.3109,0.6375,moderate_friction,synthetic_bootstrap
syn_00759,bootstrap_user_03,deep_work,deep_work_039,1642.3,1.722,0.0706,0.0548,0.0871,497.6,0.0288,0.8522,0.8009,2,0.2544,True,0.1402,0.7675,0.2758,0.5825,focused_or_low_friction,synthetic_bootstrap
syn_00760,bootstrap_user_04,support_lookup,support_lookup_040,170.3,6.628,0.2434,0.3869,0.0214,342.9,0.1072,0.7491,0.5386,7,0.7691,True,0.2936,0.557,0.4941,0.8551,focused_or_low_friction,synthetic_bootstrap
syn_00761,bootstrap_user_05,coding_debugging,coding_debugging_041,1828.1,2.086,0.4264,0.0812,0.5688,682.9,0.1354,0.7053,0.6703,4,0.5419,True,0.4531,0.6115,0.408,0.7151,high_friction,synthetic_bootstrap
syn_00762,bootstrap_user_06,deep_work,deep_work_042,2496.6,1.116,0.0765,0.1985,0.0,339.2,0.0915,0.9092,0.7,3,0.4542,True,0.1763,0.7588,0.3485,0.667,focused_or_low_friction,synthetic_bootstrap
syn_00763,bootstrap_user_07,deep_work,deep_work_043,2565.6,0.301,0.0958,0.2088,0.0743,353.0,0.077,0.885,0.63,0,0.4881,True,0.2056,0.8064,0.3812,0.6164,focused_or_low_friction,synthetic_bootstrap
syn_00764,bootstrap_user_08,deep_work,deep_work_044,2357.5,0.474,0.1035,0.1054,0.0673,195.7,0.0686,0.8636,0.6734,0,0.1672,True,0.1712,0.7669,0.2396,0.531,focused_or_low_friction,synthetic_bootstrap
syn_00765,bootstrap_user_09,research_browsing,research_browsing_045,2444.6,3.683,0.0,0.3922,0.0075,604.7,0.0533,0.4912,0.8228,0,0.2892,True,0.321,0.6041,0.3396,0.5436,moderate_friction,synthetic_bootstrap
syn_00766,bootstrap_user_10,deep_work,deep_work_046,1630.8,0.532,0.0206,0.1915,0.1198,258.2,0.0429,0.8309,0.5835,2,0.5262,True,0.0965,0.8313,0.365,0.6765,focused_or_low_friction,synthetic_bootstrap
syn_00767,bootstrap_user_11,repetitive_admin,repetitive_admin_047,397.5,3.675,0.1615,0.7243,0.0776,648.3,0.086,0.815,0.2931,4,0.9502,True,0.2366,0.7155,0.5813,0.8624,focused_or_low_friction,synthetic_bootstrap
syn_00768,bootstrap_user_12,deep_work,deep_work_048,2328.7,1.107,0.0891,0.1466,0.056,80.0,0.0235,0.7606,0.5907,2,0.4474,True,0.1968,0.7896,0.3389,0.656,focused_or_low_friction,synthetic_bootstrap
syn_00769,bootstrap_user_01,deep_work,deep_work_049,1774.5,1.291,0.0853,0.1607,0.0073,288.0,0.1238,0.654,0.8143,2,0.2603,True,0.2534,0.6786,0.2827,0.5824,focused_or_low_friction,synthetic_bootstrap
syn_00770,bootstrap_user_02,coding_debugging,coding_debugging_050,1160.6,1.618,0.2948,0.1726,0.2921,1250.7,0.0952,0.4947,0.5834,3,0.3135,True,0.3746,0.6659,0.3277,0.6459,moderate_friction,synthetic_bootstrap
syn_00771,bootstrap_user_03,repetitive_admin,repetitive_admin_051,426.9,2.862,0.2231,0.7406,0.1578,452.9,0.0928,0.7212,0.3146,13,0.9324,True,0.2562,0.7061,0.7533,0.9454,automation_candidate,synthetic_bootstrap
syn_00772,bootstrap_user_04,support_lookup,support_lookup_052,394.6,3.589,0.1205,0.5025,0.1515,352.7,0.0845,0.7146,0.3,11,0.6438,True,0.2971,0.6681,0.63,0.8749,focused_or_low_friction,synthetic_bootstrap
syn_00773,bootstrap_user_05,support_lookup,support_lookup_053,357.2,3.786,0.1028,0.416,0.2308,353.8,0.0221,0.6868,0.1798,4,0.8895,True,0.2594,0.7801,0.5176,0.8608,focused_or_low_friction,synthetic_bootstrap
syn_00774,bootstrap_user_06,research_browsing,research_browsing_054,1319.0,2.162,0.1678,0.1311,0.0637,879.7,0.1485,0.4681,0.7044,2,0.5586,True,0.344,0.5782,0.3621,0.6701,moderate_friction,synthetic_bootstrap
syn_00775,bootstrap_user_07,deep_work,deep_work_055,1570.9,1.32,0.1027,0.2177,0.1195,610.9,0.1434,0.9265,0.9125,3,0.2697,True,0.2401,0.7014,0.2919,0.5954,focused_or_low_friction,synthetic_bootstrap
syn_00776,bootstrap_user_08,research_browsing,research_browsing_056,1629.0,2.251,0.2661,0.1628,0.124,339.7,0.1497,0.6047,0.8122,4,0.2541,True,0.332,0.5744,0.3871,0.6261,moderate_friction,synthetic_bootstrap
syn_00777,bootstrap_user_09,coding_debugging,coding_debugging_057,1128.7,1.689,0.4858,0.2092,0.1395,587.4,0.0377,0.412,0.6837,2,0.5853,True,0.3739,0.6372,0.4138,0.6793,moderate_friction,synthetic_bootstrap
syn_00778,bootstrap_user_10,deep_work,deep_work_058,2495.6,0.978,0.1011,0.0488,0.1427,770.5,0.0929,0.7725,0.6638,1,0.3067,True,0.2735,0.7513,0.2792,0.5895,focused_or_low_friction,synthetic_bootstrap
syn_00779,bootstrap_user_11,coding_debugging,coding_debugging_059,711.2,1.749,0.2181,0.2214,0.4795,1288.3,0.1418,0.6231,0.5838,3,0.3094,True,0.3552,0.6424,0.3288,0.6448,moderate_friction,synthetic_bootstrap
syn_00780,bootstrap_user_12,research_browsing,research_browsing_060,1345.2,3.733,0.312,0.1751,0.1381,504.3,0.1223,0.7003,0.8266,1,0.2665,False,0.3152,0.5474,0.3219,0.5599,moderate_friction,synthetic_bootstrap
syn_00781,bootstrap_user_01,repetitive_admin,repetitive_admin_001,354.1,1.747,0.201,0.588,0.072,299.5,0.0411,0.6604,0.3514,8,0.9387,True,0.2471,0.738,0.5587,0.9425,focused_or_low_friction,synthetic_bootstrap
syn_00782,bootstrap_user_02,research_browsing,research_browsing_002,2226.5,3.521,0.2507,0.2145,0.1286,715.9,0.0617,0.6782,0.8529,3,0.5117,True,0.3603,0.6652,0.3704,0.6631,moderate_friction,synthetic_bootstrap
syn_00783,bootstrap_user_03,support_lookup,support_lookup_003,293.8,3.992,0.1455,0.7194,0.1222,612.4,0.0355,0.6426,0.2754,6,0.7781,True,0.2778,0.6915,0.6236,0.8665,focused_or_low_friction,synthetic_bootstrap
syn_00784,bootstrap_user_04,coding_debugging,coding_debugging_004,1302.2,2.082,0.2319,0.1453,0.4938,793.5,0.0131,0.6461,0.8406,3,0.2938,True,0.3561,0.7451,0.3374,0.6101,moderate_friction,synthetic_bootstrap
syn_00785,bootstrap_user_05,research_browsing,research_browsing_005,510.6,3.423,0.2327,0.1441,0.049,415.9,0.1643,0.6097,0.8383,2,0.3393,True,0.2869,0.5479,0.2999,0.5992,focused_or_low_friction,synthetic_bootstrap
syn_00786,bootstrap_user_06,repetitive_admin,repetitive_admin_006,236.7,2.992,0.1704,0.9458,0.1513,276.6,0.0883,0.7453,0.3844,11,0.7589,True,0.2315,0.7093,0.6847,0.8936,automation_candidate,synthetic_bootstrap
syn_00787,bootstrap_user_07,coding_debugging,coding_debugging_007,392.8,2.815,0.303,0.1478,0.2674,820.2,0.0721,0.6103,0.545,5,0.4222,True,0.2639,0.6879,0.3561,0.7227,focused_or_low_friction,synthetic_bootstrap
syn_00788,bootstrap_user_08,repetitive_admin,repetitive_admin_008,451.6,4.064,0.1717,0.7433,0.0698,325.8,0.0626,0.8657,0.2697,14,0.8899,True,0.2814,0.777,0.772,0.9401,automation_candidate,synthetic_bootstrap
syn_00789,bootstrap_user_09,coding_debugging,coding_debugging_009,741.1,4.173,0.271,0.2173,0.0841,864.8,0.0458,0.6549,0.6038,5,0.4972,True,0.2875,0.6892,0.3791,0.7343,focused_or_low_friction,synthetic_bootstrap
syn_00790,bootstrap_user_10,coding_debugging,coding_debugging_010,1193.6,1.632,0.2307,0.1884,0.2085,452.5,0.0779,0.6228,0.8364,3,0.5833,True,0.2934,0.675,0.4009,0.683,focused_or_low_friction,synthetic_bootstrap
syn_00791,bootstrap_user_11,repetitive_admin,repetitive_admin_011,290.8,4.134,0.0881,0.6267,0.0995,380.8,0.0343,0.6899,0.173,6,0.948,True,0.222,0.7718,0.5954,0.9212,focused_or_low_friction,synthetic_bootstrap
syn_00792,bootstrap_user_12,support_lookup,support_lookup_012,95.1,3.188,0.1263,0.5227,0.1591,694.7,0.1264,0.5836,0.5357,11,0.7668,True,0.3202,0.6192,0.5532,0.8774,moderate_friction,synthetic_bootstrap
syn_00793,bootstrap_user_01,repetitive_admin,repetitive_admin_013,325.9,0.84,0.1242,0.6348,0.037,434.9,0.0065,0.8125,0.3284,6,0.8549,True,0.1511,0.8777,0.5548,0.8793,focused_or_low_friction,synthetic_bootstrap
syn_00794,bootstrap_user_02,deep_work,deep_work_014,2050.9,0.511,0.004,0.2266,0.1244,353.6,0.0964,0.9206,0.7939,1,0.1713,True,0.1573,0.7878,0.2502,0.5401,focused_or_low_friction,synthetic_bootstrap
syn_00795,bootstrap_user_03,deep_work,deep_work_015,1501.8,0.522,0.0534,0.1491,0.026,645.2,0.0742,1.0,0.5626,3,0.517,True,0.1236,0.8048,0.345,0.6992,focused_or_low_friction,synthetic_bootstrap
syn_00796,bootstrap_user_04,repetitive_admin,repetitive_admin_016,419.9,3.221,0.0239,0.9952,0.0696,388.5,0.0312,0.716,0.2442,8,0.8588,True,0.1975,0.8048,0.715,0.9354,automation_candidate,synthetic_bootstrap
syn_00797,bootstrap_user_05,deep_work,deep_work_017,1915.6,0.691,0.1302,0.1758,0.0821,416.2,0.0756,0.8224,0.6744,1,0.4418,True,0.2312,0.748,0.3407,0.622,focused_or_low_friction,synthetic_bootstrap
syn_00798,bootstrap_user_06,deep_work,deep_work_018,845.4,1.173,0.0072,0.0713,0.1066,338.1,0.0497,0.7812,0.753,1,0.3435,True,0.1704,0.7833,0.2225,0.588,focused_or_low_friction,synthetic_bootstrap
syn_00799,bootstrap_user_07,coding_debugging,coding_debugging_019,1570.3,1.65,0.306,0.1461,0.3371,1443.4,0.1064,0.5594,0.6968,0,0.6229,True,0.4416,0.6135,0.3649,0.6421,high_friction,synthetic_bootstrap
syn_00800,bootstrap_user_08,coding_debugging,coding_debugging_020,1519.4,1.164,0.4025,0.2308,0.207,658.4,0.1874,0.4573,0.6468,4,0.4503,True,0.4422,0.5672,0.4074,0.695,high_friction,synthetic_bootstrap
syn_00801,bootstrap_user_09,coding_debugging,coding_debugging_021,824.4,1.788,0.3113,0.1088,0.4328,1222.1,0.0882,0.6492,0.8386,5,0.638,True,0.396,0.652,0.406,0.7414,moderate_friction,synthetic_bootstrap
syn_00802,bootstrap_user_10,repetitive_admin,repetitive_admin_022,687.4,4.829,0.071,0.7005,0.05,354.6,0.0432,0.8259,0.1912,0,0.7316,True,0.2428,0.7611,0.5244,0.73,focused_or_low_friction,synthetic_bootstrap
syn_00803,bootstrap_user_11,research_browsing,research_browsing_023,744.4,1.978,0.1196,0.1356,0.0701,801.6,0.0605,0.5371,0.7564,3,0.2815,True,0.2358,0.6759,0.2774,0.6171,focused_or_low_friction,synthetic_bootstrap
syn_00804,bootstrap_user_12,support_lookup,support_lookup_024,137.4,4.219,0.3186,0.5091,0.1036,283.8,0.0162,0.5813,0.3105,5,0.7674,False,0.2316,0.7213,0.4606,0.8371,focused_or_low_friction,synthetic_bootstrap
syn_00805,bootstrap_user_01,deep_work,deep_work_025,1622.4,0.932,0.0409,0.1773,0.0139,609.9,0.0946,0.8245,0.7925,1,0.2759,True,0.2297,0.7136,0.2739,0.5664,focused_or_low_friction,synthetic_bootstrap
syn_00806,bootstrap_user_02,deep_work,deep_work_026,2322.5,0.765,0.1097,0.2124,0.0619,525.5,0.0798,0.7227,0.581,1,0.4614,True,0.2375,0.7611,0.3548,0.6381,focused_or_low_friction,synthetic_bootstrap
syn_00807,bootstrap_user_03,coding_debugging,coding_debugging_027,1224.9,2.567,0.3323,0.0996,0.221,512.5,0.1554,0.792,0.5031,5,0.4321,True,0.3388,0.6578,0.4089,0.7302,moderate_friction,synthetic_bootstrap
syn_00808,bootstrap_user_04,deep_work,deep_work_028,1118.3,0.752,0.1058,0.1327,0.1229,438.2,0.0562,0.7331,0.6408,2,0.1149,True,0.1253,0.7566,0.292,0.5668,focused_or_low_friction,synthetic_bootstrap
syn_00809,bootstrap_user_05,support_lookup,support_lookup_029,141.4,5.144,0.4079,0.809,0.1167,674.5,0.0189,0.5027,0.3632,8,0.8994,True,0.3412,0.6545,0.6466,0.9313,moderate_friction,synthetic_bootstrap
syn_00810,bootstrap_user_06,research_browsing,research_browsing_030,1313.8,2.06,0.2452,0.1956,0.078,796.5,0.1614,0.6613,0.7166,2,0.1906,True,0.3065,0.6167,0.3184,0.5767,moderate_friction,synthetic_bootstrap
syn_00811,bootstrap_user_07,deep_work,deep_work_031,2376.5,1.273,0.0665,0.116,0.1771,420.3,0.0258,0.9006,0.6944,3,0.3792,True,0.1719,0.8411,0.2967,0.649,focused_or_low_friction,synthetic_bootstrap
syn_00812,bootstrap_user_08,deep_work,deep_work_032,1507.3,0.401,0.0,0.2199,0.0621,613.0,0.0956,0.8686,0.6345,1,0.3608,True,0.1534,0.7633,0.2863,0.6066,focused_or_low_friction,synthetic_bootstrap
syn_00813,bootstrap_user_09,research_browsing,research_browsing_033,1452.1,2.391,0.2135,0.1609,0.0778,714.6,0.1377,0.8158,0.8606,4,0.2018,True,0.3085,0.6319,0.3319,0.6072,moderate_friction,synthetic_bootstrap
syn_00814,bootstrap_user_10,support_lookup,support_lookup_034,381.1,1.256,0.2802,0.6636,0.0328,650.2,0.0651,0.6981,0.4699,8,0.6427,True,0.2501,0.7596,0.5742,0.8543,focused_or_low_friction,synthetic_bootstrap
syn_00815,bootstrap_user_11,deep_work,deep_work_035,1179.3,0.498,0.0359,0.1137,0.1106,370.2,0.1061,0.9052,0.7902,0,0.5163,False,0.1857,0.7406,0.2816,0.6043,focused_or_low_friction,synthetic_bootstrap
syn_00816,bootstrap_user_12,research_browsing,research_browsing_036,857.9,1.788,0.2211,0.2478,0.1653,543.2,0.1081,0.5675,0.7492,3,0.3435,True,0.2887,0.6436,0.3695,0.6335,focused_or_low_friction,synthetic_bootstrap
syn_00817,bootstrap_user_01,research_browsing,research_browsing_037,930.8,3.986,0.243,0.1452,0.1117,725.8,0.1641,0.4545,0.906,2,0.2393,True,0.3539,0.4353,0.32,0.5661,moderate_friction,synthetic_bootstrap
syn_00818,bootstrap_user_02,support_lookup,support_lookup_038,458.1,2.359,0.104,0.7177,0.1077,670.2,0.0569,0.6019,0.3352,0,0.6757,True,0.3451,0.7746,0.4885,0.6987,moderate_friction,synthetic_bootstrap
syn_00819,bootstrap_user_03,coding_debugging,coding_debugging_039,84.8,1.628,0.4257,0.4023,0.4363,718.6,0.0347,0.6055,0.7215,5,0.4519,True,0.346,0.7035,0.3676,0.7089,moderate_friction,synthetic_bootstrap
syn_00820,bootstrap_user_04,repetitive_admin,repetitive_admin_040,311.3,2.142,0.2022,0.5231,0.1455,131.6,0.0325,0.8275,0.28,3,0.8941,True,0.152,0.8018,0.5043,0.8274,focused_or_low_friction,synthetic_bootstrap
syn_00821,bootstrap_user_05,deep_work,deep_work_041,1509.0,1.896,0.068,0.1201,0.0629,769.9,0.0144,0.8488,0.6561,0,0.2517,True,0.1684,0.8059,0.3089,0.5542,focused_or_low_friction,synthetic_bootstrap
syn_00822,bootstrap_user_06,support_lookup,support_lookup_042,277.1,2.556,0.1123,0.5829,0.0924,547.4,0.0694,0.8331,0.3596,3,0.9054,True,0.2284,0.7611,0.5278,0.8207,focused_or_low_friction,synthetic_bootstrap
syn_00823,bootstrap_user_07,repetitive_admin,repetitive_admin_043,388.3,1.144,0.1538,0.8271,0.1376,285.0,0.0568,0.7623,0.2885,8,0.863,True,0.1946,0.8348,0.6304,0.9311,focused_or_low_friction,synthetic_bootstrap
syn_00824,bootstrap_user_08,coding_debugging,coding_debugging_044,1022.5,1.82,0.2178,0.0784,0.3024,904.6,0.0922,0.609,0.7618,5,0.3612,True,0.3511,0.6894,0.3304,0.6814,moderate_friction,synthetic_bootstrap
syn_00825,bootstrap_user_09,research_browsing,research_browsing_045,1675.1,4.274,0.0071,0.2128,0.1302,591.2,0.0777,0.5091,0.7737,1,0.2411,True,0.3687,0.5775,0.2762,0.5599,moderate_friction,synthetic_bootstrap
syn_00826,bootstrap_user_10,deep_work,deep_work_046,2403.4,0.714,0.0606,0.1411,0.1005,355.7,0.1002,0.743,0.6498,0,0.4907,True,0.2251,0.7421,0.3281,0.6147,focused_or_low_friction,synthetic_bootstrap
syn_00827,bootstrap_user_11,support_lookup,support_lookup_047,259.2,4.766,0.1031,0.4677,0.1049,397.6,0.1028,0.6975,0.2812,6,0.8033,True,0.2728,0.6625,0.4978,0.8721,focused_or_low_friction,synthetic_bootstrap
syn_00828,bootstrap_user_12,repetitive_admin,repetitive_admin_048,97.4,2.826,0.1536,0.6765,0.1295,373.9,0.0907,0.8437,0.3851,3,0.8614,False,0.1995,0.7424,0.4682,0.8066,focused_or_low_friction,synthetic_bootstrap
syn_00829,bootstrap_user_01,research_browsing,research_browsing_049,2309.4,2.129,0.0405,0.1519,0.0,411.3,0.2379,0.5344,0.6858,2,0.1923,True,0.3174,0.5246,0.258,0.5808,moderate_friction,synthetic_bootstrap
syn_00830,bootstrap_user_02,repetitive_admin,repetitive_admin_050,809.9,3.704,0.1113,0.6848,0.0579,281.1,0.0263,0.891,0.2247,0,0.7667,True,0.2283,0.8043,0.5886,0.7347,focused_or_low_friction,synthetic_bootstrap
syn_00831,bootstrap_user_03,coding_debugging,coding_debugging_051,750.3,2.769,0.2065,0.2976,0.2609,717.2,0.141,0.6923,0.7035,2,0.6439,True,0.309,0.5902,0.4471,0.6916,moderate_friction,synthetic_bootstrap
syn_00832,bootstrap_user_04,support_lookup,support_lookup_052,271.5,4.104,0.1892,0.6639,0.1072,736.7,0.0978,0.7132,0.5112,7,0.859,True,0.3437,0.6614,0.6015,0.8809,moderate_friction,synthetic_bootstrap
syn_00833,bootstrap_user_05,repetitive_admin,repetitive_admin_053,713.6,2.66,0.1107,0.6943,0.0653,121.5,0.0912,0.6477,0.297,2,0.9097,True,0.234,0.7219,0.576,0.8068,focused_or_low_friction,synthetic_bootstrap
syn_00834,bootstrap_user_06,coding_debugging,coding_debugging_054,841.6,2.355,0.368,0.1582,0.2009,786.1,0.127,0.7709,0.6129,2,0.5846,True,0.2991,0.6235,0.3958,0.6876,focused_or_low_friction,synthetic_bootstrap
syn_00835,bootstrap_user_07,coding_debugging,coding_debugging_055,840.0,1.517,0.3069,0.3949,0.1691,1169.6,0.0713,0.648,0.8791,3,0.3784,True,0.3456,0.6705,0.3782,0.6266,moderate_friction,synthetic_bootstrap
syn_00836,bootstrap_user_08,support_lookup,support_lookup_056,346.1,2.627,0.0989,0.4368,0.1072,244.7,0.0392,0.5492,0.5228,4,0.6613,True,0.302,0.7169,0.4346,0.7626,moderate_friction,synthetic_bootstrap
syn_00837,bootstrap_user_09,coding_debugging,coding_debugging_057,1680.8,2.99,0.3268,0.1818,0.3456,426.2,0.0688,0.7675,0.8502,3,0.1499,False,0.3631,0.6421,0.2848,0.5729,moderate_friction,synthetic_bootstrap
syn_00838,bootstrap_user_10,research_browsing,research_browsing_058,1226.8,4.944,0.2561,0.1975,0.0491,289.4,0.0486,0.3785,0.806,2,0.1842,True,0.3729,0.595,0.3371,0.5643,moderate_friction,synthetic_bootstrap
syn_00839,bootstrap_user_11,support_lookup,support_lookup_059,242.5,5.186,0.2881,0.3591,0.1841,422.0,0.044,0.6245,0.3952,3,0.7615,True,0.3227,0.6637,0.4405,0.7805,moderate_friction,synthetic_bootstrap
syn_00840,bootstrap_user_12,support_lookup,support_lookup_060,329.4,5.568,0.2597,0.6756,0.1569,676.8,0.1403,0.7818,0.3502,4,0.7639,True,0.3824,0.5762,0.5914,0.8089,moderate_friction,synthetic_bootstrap
syn_00841,bootstrap_user_01,deep_work,deep_work_001,1105.2,0.065,0.0732,0.0826,0.0271,335.3,0.0495,0.8208,0.618,1,0.3494,True,0.1521,0.82,0.281,0.6057,focused_or_low_friction,synthetic_bootstrap
syn_00842,bootstrap_user_02,coding_debugging,coding_debugging_002,1017.6,2.633,0.3229,0.3726,0.1111,719.0,0.117,0.6071,0.6261,1,0.5329,True,0.2923,0.6309,0.4298,0.6506,focused_or_low_friction,synthetic_bootstrap
syn_00843,bootstrap_user_03,support_lookup,support_lookup_003,248.4,3.203,0.1709,0.778,0.0293,238.5,0.0412,0.6573,0.3054,8,0.8989,True,0.2231,0.7511,0.6377,0.9381,focused_or_low_friction,synthetic_bootstrap
syn_00844,bootstrap_user_04,support_lookup,support_lookup_004,130.6,3.066,0.0719,0.6007,0.1216,259.1,0.0622,0.5725,0.2424,5,0.678,True,0.1892,0.7504,0.4807,0.8229,focused_or_low_friction,synthetic_bootstrap
syn_00845,bootstrap_user_05,deep_work,deep_work_005,1597.2,1.643,0.0,0.2528,0.1727,587.8,0.0668,0.9342,0.6478,1,0.3034,True,0.1542,0.8031,0.3106,0.5906,focused_or_low_friction,synthetic_bootstrap
syn_00846,bootstrap_user_06,research_browsing,research_browsing_006,1335.2,1.412,0.2228,0.0875,0.041,626.0,0.1628,0.6328,0.8407,2,0.2597,True,0.2903,0.603,0.2992,0.579,focused_or_low_friction,synthetic_bootstrap
syn_00847,bootstrap_user_07,repetitive_admin,repetitive_admin_007,293.8,2.506,0.0873,0.544,0.0612,549.2,0.0186,0.8593,0.2367,16,0.8055,True,0.2061,0.8244,0.6082,0.923,focused_or_low_friction,synthetic_bootstrap
syn_00848,bootstrap_user_08,coding_debugging,coding_debugging_008,1702.2,2.627,0.3932,0.1084,0.3655,527.4,0.0331,0.6363,0.7429,3,0.5205,True,0.4405,0.6516,0.4229,0.6785,high_friction,synthetic_bootstrap
syn_00849,bootstrap_user_09,deep_work,deep_work_009,2741.2,0.635,0.0,0.0393,0.0669,812.5,0.0807,0.7706,0.6115,0,0.4549,True,0.2904,0.7837,0.3021,0.6104,focused_or_low_friction,synthetic_bootstrap
syn_00850,bootstrap_user_10,research_browsing,research_browsing_010,1228.9,1.8,0.1414,0.0705,0.1455,565.3,0.1576,0.5963,0.7766,1,0.3362,True,0.3229,0.5784,0.2966,0.5834,moderate_friction,synthetic_bootstrap
syn_00851,bootstrap_user_11,deep_work,deep_work_011,2620.4,0.923,0.1193,0.1958,0.1849,516.9,0.108,0.8171,0.6026,0,0.502,True,0.2678,0.7416,0.3644,0.6232,focused_or_low_friction,synthetic_bootstrap
syn_00852,bootstrap_user_12,repetitive_admin,repetitive_admin_012,342.8,2.409,0.1427,0.6849,0.0308,632.0,0.0263,0.6506,0.2558,13,0.6867,True,0.188,0.7966,0.6204,0.891,focused_or_low_friction,synthetic_bootstrap
syn_00853,bootstrap_user_01,research_browsing,research_browsing_013,2346.0,3.137,0.1563,0.1559,0.1045,689.1,0.1319,0.5798,0.6898,1,0.3728,False,0.4026,0.5899,0.323,0.6029,moderate_friction,synthetic_bootstrap
syn_00854,bootstrap_user_02,research_browsing,research_browsing_014,1947.1,1.088,0.1592,0.2786,0.1915,1152.9,0.1125,0.6349,0.8654,3,0.3376,True,0.4024,0.6582,0.3291,0.618,moderate_friction,synthetic_bootstrap
syn_00855,bootstrap_user_03,repetitive_admin,repetitive_admin_015,370.6,2.677,0.0487,0.5218,0.0631,345.7,0.0532,0.79,0.2988,7,0.7868,True,0.1675,0.7781,0.5441,0.8883,focused_or_low_friction,synthetic_bootstrap
syn_00856,bootstrap_user_04,support_lookup,support_lookup_016,186.7,3.663,0.135,0.5826,0.1428,593.3,0.1064,0.7812,0.5752,8,0.8443,True,0.2811,0.6423,0.5208,0.8921,focused_or_low_friction,synthetic_bootstrap
syn_00857,bootstrap_user_05,coding_debugging,coding_debugging_017,1786.8,1.076,0.3283,0.152,0.4127,1108.4,0.1265,0.7471,0.7207,6,0.5245,True,0.4478,0.6548,0.425,0.7496,high_friction,synthetic_bootstrap
syn_00858,bootstrap_user_06,research_browsing,research_browsing_018,521.4,3.426,0.0953,0.0,0.0828,483.7,0.0669,0.2076,0.7319,2,0.2239,True,0.3404,0.5882,0.2409,0.5831,moderate_friction,synthetic_bootstrap
syn_00859,bootstrap_user_07,repetitive_admin,repetitive_admin_019,586.4,2.181,0.1463,0.8394,0.0626,277.2,0.0659,0.6067,0.1712,5,0.896,True,0.2644,0.745,0.6342,0.886,focused_or_low_friction,synthetic_bootstrap
syn_00860,bootstrap_user_08,support_lookup,support_lookup_020,312.4,3.342,0.1317,0.3786,0.1245,797.4,0.0291,0.7622,0.3535,1,0.7005,True,0.2724,0.7779,0.4477,0.7252,focused_or_low_friction,synthetic_bootstrap
syn_00861,bootstrap_user_09,coding_debugging,coding_debugging_021,456.0,1.764,0.1814,0.1132,0.3095,780.4,0.0093,0.612,0.5995,3,0.5977,True,0.2774,0.7522,0.3406,0.715,focused_or_low_friction,synthetic_bootstrap
syn_00862,bootstrap_user_10,coding_debugging,coding_debugging_022,1353.5,2.618,0.2691,0.2617,0.1683,589.1,0.1354,0.7026,0.7294,5,0.4911,True,0.3159,0.6327,0.4557,0.7178,moderate_friction,synthetic_bootstrap
syn_00863,bootstrap_user_11,coding_debugging,coding_debugging_023,1909.2,4.15,0.1384,0.1116,0.0137,1018.8,0.1328,0.6208,0.5974,2,0.4459,True,0.4141,0.597,0.3574,0.6548,moderate_friction,synthetic_bootstrap
syn_00864,bootstrap_user_12,support_lookup,support_lookup_024,378.1,5.058,0.085,0.8006,0.1713,603.8,0.0684,0.8259,0.1803,10,0.7424,True,0.3059,0.7018,0.6821,0.914,automation_candidate,synthetic_bootstrap
syn_00865,bootstrap_user_01,deep_work,deep_work_025,2310.9,0.705,0.0489,0.0997,0.1221,765.1,0.0,1.0,0.7004,2,0.2976,True,0.1875,0.8492,0.2686,0.6054,focused_or_low_friction,synthetic_bootstrap
syn_00866,bootstrap_user_02,research_browsing,research_browsing_026,1942.3,1.292,0.2597,0.1504,0.052,1083.8,0.0623,0.4444,0.785,1,0.3008,True,0.4063,0.6623,0.2789,0.5735,moderate_friction,synthetic_bootstrap
syn_00867,bootstrap_user_03,research_browsing,research_browsing_027,998.9,3.708,0.2099,0.1404,0.174,623.3,0.1646,0.7272,0.903,3,0.2999,True,0.3253,0.4872,0.3493,0.6041,moderate_friction,synthetic_bootstrap
syn_00868,bootstrap_user_04,coding_debugging,coding_debugging_028,1210.0,2.943,0.2671,0.3065,0.1622,476.0,0.0,0.5952,0.6427,1,0.4669,True,0.2644,0.7713,0.3911,0.6321,focused_or_low_friction,synthetic_bootstrap
syn_00869,bootstrap_user_05,deep_work,deep_work_029,1258.4,0.499,0.0713,0.136,0.1551,435.7,0.1542,0.7854,0.7226,3,0.4934,True,0.1878,0.6815,0.292,0.6741,focused_or_low_friction,synthetic_bootstrap
syn_00870,bootstrap_user_06,repetitive_admin,repetitive_admin_030,390.6,4.291,0.1738,0.7096,0.148,330.1,0.0285,0.6979,0.1678,10,0.8831,True,0.2254,0.7545,0.642,0.9506,focused_or_low_friction,synthetic_bootstrap
syn_00871,bootstrap_user_07,coding_debugging,coding_debugging_031,1269.3,2.289,0.1589,0.2295,0.2742,1238.7,0.0469,0.6465,0.6109,2,0.4588,True,0.3719,0.7253,0.3764,0.6564,moderate_friction,synthetic_bootstrap
syn_00872,bootstrap_user_08,deep_work,deep_work_032,2242.1,0.663,0.0751,0.1789,0.1014,566.0,0.0927,0.8575,0.6475,0,0.1787,True,0.2494,0.7165,0.2848,0.537,focused_or_low_friction,synthetic_bootstrap
syn_00873,bootstrap_user_09,research_browsing,research_browsing_033,939.6,4.305,0.0218,0.1612,0.1727,806.9,0.0931,0.3468,0.6942,3,0.2582,True,0.2996,0.5727,0.3174,0.6187,focused_or_low_friction,synthetic_bootstrap
syn_00874,bootstrap_user_10,repetitive_admin,repetitive_admin_034,481.1,2.78,0.1376,0.6506,0.0171,324.4,0.0692,0.7755,0.2831,12,0.8437,True,0.1943,0.7774,0.6912,0.927,automation_candidate,synthetic_bootstrap
syn_00875,bootstrap_user_11,coding_debugging,coding_debugging_035,849.4,0.86,0.4015,0.1656,0.3072,1391.7,0.1401,0.7872,0.6662,4,0.4237,True,0.4329,0.6523,0.3715,0.686,moderate_friction,synthetic_bootstrap
syn_00876,bootstrap_user_12,research_browsing,research_browsing_036,898.4,3.977,0.1695,0.2618,0.0175,770.7,0.0778,0.6677,0.7989,1,0.2536,True,0.3108,0.5958,0.3163,0.56,moderate_friction,synthetic_bootstrap
syn_00877,bootstrap_user_01,repetitive_admin,repetitive_admin_037,471.8,4.813,0.1194,0.6909,0.0909,110.4,0.014,0.7062,0.2087,2,0.9286,True,0.2248,0.7428,0.594,0.8221,focused_or_low_friction,synthetic_bootstrap
syn_00878,bootstrap_user_02,repetitive_admin,repetitive_admin_038,497.2,2.935,0.1467,0.6245,0.0839,528.5,0.087,0.8595,0.3086,8,0.8241,True,0.2053,0.7437,0.6162,0.919,focused_or_low_friction,synthetic_bootstrap
syn_00879,bootstrap_user_03,coding_debugging,coding_debugging_039,1735.5,3.383,0.2045,0.3218,0.2523,957.5,0.1403,0.7466,0.6707,4,0.1578,False,0.4197,0.6019,0.3296,0.619,moderate_friction,synthetic_bootstrap
syn_00880,bootstrap_user_04,support_lookup,support_lookup_040,221.1,5.927,0.1459,0.7128,0.1117,711.3,0.0657,0.5668,0.3662,11,0.8398,True,0.3845,0.6474,0.697,0.916,automation_candidate,synthetic_bootstrap
syn_00881,bootstrap_user_05,support_lookup,support_lookup_041,291.7,5.176,0.241,0.3362,0.1297,491.1,0.045,0.6405,0.1889,1,0.9147,True,0.2481,0.6828,0.4889,0.7985,focused_or_low_friction,synthetic_bootstrap
syn_00882,bootstrap_user_06,coding_debugging,coding_debugging_042,974.0,3.321,0.3955,0.1043,0.2857,663.5,0.0305,0.45,0.6394,2,0.4597,True,0.3927,0.6556,0.3597,0.6532,moderate_friction,synthetic_bootstrap
syn_00883,bootstrap_user_07,research_browsing,research_browsing_043,1651.5,2.837,0.1803,0.3318,0.0,237.9,0.1291,0.5482,0.685,1,0.1891,True,0.3211,0.6254,0.2834,0.5576,moderate_friction,synthetic_bootstrap
syn_00884,bootstrap_user_08,support_lookup,support_lookup_044,123.3,2.577,0.2831,0.6742,0.114,561.3,0.0583,0.5479,0.4164,6,0.67,True,0.2543,0.7021,0.4999,0.8225,focused_or_low_friction,synthetic_bootstrap
syn_00885,bootstrap_user_09,repetitive_admin,repetitive_admin_045,553.7,3.42,0.067,0.7586,0.0942,446.5,0.0811,0.6846,0.3468,1,0.8504,True,0.3009,0.7079,0.579,0.7635,moderate_friction,synthetic_bootstrap
syn_00886,bootstrap_user_10,repetitive_admin,repetitive_admin_046,155.7,2.848,0.0692,1.0,0.0533,389.5,0.0538,0.5969,0.2274,10,0.8669,True,0.1701,0.7756,0.7214,0.9394,automation_candidate,synthetic_bootstrap
syn_00887,bootstrap_user_11,repetitive_admin,repetitive_admin_047,602.7,2.214,0.1969,0.7147,0.1437,380.4,0.0,0.8164,0.2356,6,0.7438,True,0.2154,0.8806,0.6005,0.8627,focused_or_low_friction,synthetic_bootstrap
syn_00888,bootstrap_user_12,deep_work,deep_work_048,1336.1,1.394,0.0763,0.1449,0.0259,367.6,0.0971,0.7161,0.6261,1,0.358,True,0.1645,0.7001,0.374,0.6069,focused_or_low_friction,synthetic_bootstrap
syn_00889,bootstrap_user_01,deep_work,deep_work_049,1583.4,0.714,0.0621,0.1279,0.0939,615.7,0.0962,0.9062,0.7844,2,0.3952,True,0.1554,0.7955,0.2961,0.6197,focused_or_low_friction,synthetic_bootstrap
syn_00890,bootstrap_user_02,coding_debugging,coding_debugging_050,942.1,1.109,0.15,0.3374,0.527,632.5,0.1174,0.6342,0.82,6,0.6329,True,0.3512,0.6627,0.5002,0.7648,moderate_friction,synthetic_bootstrap
syn_00891,bootstrap_user_03,repetitive_admin,repetitive_admin_051,255.6,2.401,0.1889,0.8702,0.0717,413.9,0.0859,0.5866,0.2354,16,0.8839,True,0.2175,0.7404,0.6548,0.9427,focused_or_low_friction,synthetic_bootstrap
syn_00892,bootstrap_user_04,research_browsing,research_browsing_052,1438.1,2.59,0.0722,0.1866,0.0932,644.7,0.0926,0.4574,0.6836,1,0.4031,True,0.31,0.6099,0.3278,0.6112,moderate_friction,synthetic_bootstrap
syn_00893,bootstrap_user_05,repetitive_admin,repetitive_admin_053,530.6,3.705,0.0914,0.4066,0.053,317.2,0.0228,0.7028,0.3617,8,0.9392,True,0.2238,0.7194,0.5855,0.9414,focused_or_low_friction,synthetic_bootstrap
syn_00894,bootstrap_user_06,deep_work,deep_work_054,1277.2,1.377,0.1005,0.2312,0.0685,266.5,0.0379,0.8412,0.861,2,0.305,True,0.1503,0.797,0.3447,0.5879,focused_or_low_friction,synthetic_bootstrap
syn_00895,bootstrap_user_07,coding_debugging,coding_debugging_055,1217.0,2.299,0.3129,0.2894,0.2587,560.5,0.1516,0.6124,0.8149,5,0.4929,True,0.4527,0.5672,0.4118,0.7079,high_friction,synthetic_bootstrap
syn_00896,bootstrap_user_08,research_browsing,research_browsing_056,1209.4,4.707,0.1035,0.1198,0.1553,590.2,0.1045,0.7088,0.7427,0,0.1333,False,0.3196,0.58,0.2373,0.5142,moderate_friction,synthetic_bootstrap
syn_00897,bootstrap_user_09,repetitive_admin,repetitive_admin_057,379.4,4.317,0.0699,0.6405,0.0324,332.2,0.0601,0.9304,0.3018,8,0.929,True,0.1647,0.8034,0.6397,0.946,focused_or_low_friction,synthetic_bootstrap
syn_00898,bootstrap_user_10,repetitive_admin,repetitive_admin_058,455.5,3.751,0.1408,0.903,0.0564,481.8,0.0549,0.8284,0.2585,7,0.9186,True,0.2067,0.7852,0.7172,0.9261,automation_candidate,synthetic_bootstrap
syn_00899,bootstrap_user_11,repetitive_admin,repetitive_admin_059,408.9,2.732,0.1418,0.7993,0.0162,428.8,0.0696,0.5283,0.2996,11,0.9065,True,0.232,0.691,0.6626,0.9407,focused_or_low_friction,synthetic_bootstrap
syn_00900,bootstrap_user_12,support_lookup,support_lookup_060,369.2,5.144,0.2735,0.5257,0.1502,249.5,0.0339,0.6726,0.433,12,0.766,True,0.3019,0.6579,0.6946,0.8895,automation_candidate,synthetic_bootstrap
syn_00901,bootstrap_user_01,support_lookup,support_lookup_001,335.7,5.635,0.1609,0.6198,0.145,429.0,0.0513,0.5925,0.3108,7,0.7078,True,0.3361,0.654,0.5637,0.8672,moderate_friction,synthetic_bootstrap
syn_00902,bootstrap_user_02,repetitive_admin,repetitive_admin_002,435.7,2.695,0.1228,0.8518,0.0299,662.6,0.0478,0.7771,0.2047,13,0.8499,True,0.2035,0.7897,0.7457,0.9379,automation_candidate,synthetic_bootstrap
syn_00903,bootstrap_user_03,deep_work,deep_work_003,1886.4,0.782,0.0444,0.0885,0.067,532.8,0.1065,0.8838,0.6799,2,0.3298,True,0.1754,0.7398,0.2661,0.6159,focused_or_low_friction,synthetic_bootstrap
syn_00904,bootstrap_user_04,support_lookup,support_lookup_004,203.3,4.462,0.0893,0.5276,0.1874,231.5,0.0545,0.5434,0.2773,6,0.6912,True,0.2793,0.7076,0.5426,0.8445,focused_or_low_friction,synthetic_bootstrap
syn_00905,bootstrap_user_05,research_browsing,research_browsing_005,660.1,2.733,0.2621,0.2497,0.1877,885.2,0.1548,0.896,0.8077,1,0.3213,True,0.3085,0.5712,0.2842,0.5759,moderate_friction,synthetic_bootstrap
syn_00906,bootstrap_user_06,coding_debugging,coding_debugging_006,1048.1,3.055,0.4022,0.1436,0.5076,818.6,0.112,0.4321,0.658,4,0.4438,True,0.4661,0.5332,0.4095,0.692,high_friction,synthetic_bootstrap
syn_00907,bootstrap_user_07,support_lookup,support_lookup_007,400.8,5.604,0.17,0.8233,0.047,345.1,0.1159,0.7178,0.3282,6,0.7093,True,0.333,0.615,0.5934,0.8429,moderate_friction,synthetic_bootstrap
syn_00908,bootstrap_user_08,deep_work,deep_work_008,1932.4,0.562,0.0307,0.2513,0.1985,799.7,0.106,0.7988,0.673,2,0.2996,True,0.1853,0.7351,0.3525,0.6091,focused_or_low_friction,synthetic_bootstrap
syn_00909,bootstrap_user_09,repetitive_admin,repetitive_admin_009,293.2,2.96,0.1556,0.9022,0.0282,202.2,0.0216,0.6016,0.1334,4,0.9587,True,0.1689,0.7697,0.6553,0.8837,focused_or_low_friction,synthetic_bootstrap
syn_00910,bootstrap_user_10,repetitive_admin,repetitive_admin_010,701.4,2.312,0.2235,0.7637,0.0807,432.0,0.0617,0.9071,0.332,10,0.8263,True,0.2356,0.7875,0.7775,0.9167,automation_candidate,synthetic_bootstrap
syn_00911,bootstrap_user_11,coding_debugging,coding_debugging_011,45.0,2.41,0.3099,0.2172,0.2795,803.8,0.0874,0.6344,0.6712,6,0.3847,True,0.3114,0.6669,0.3209,0.7206,moderate_friction,synthetic_bootstrap
syn_00912,bootstrap_user_12,research_browsing,research_browsing_012,1559.6,1.87,0.1523,0.3149,0.0618,791.0,0.0628,0.701,0.7451,1,0.2145,True,0.2998,0.7067,0.2863,0.5567,focused_or_low_friction,synthetic_bootstrap
syn_00913,bootstrap_user_01,research_browsing,research_browsing_013,1336.0,1.742,0.2779,0.2462,0.0988,709.8,0.1976,0.5611,0.7245,2,0.1641,True,0.3365,0.5278,0.2968,0.5691,moderate_friction,synthetic_bootstrap
syn_00914,bootstrap_user_02,research_browsing,research_browsing_014,1799.9,4.216,0.3034,0.2069,0.0871,131.3,0.1284,0.3065,0.6461,2,0.3317,True,0.424,0.5135,0.3542,0.6204,moderate_friction,synthetic_bootstrap
syn_00915,bootstrap_user_03,research_browsing,research_browsing_015,2043.2,4.722,0.2661,0.118,0.0725,331.7,0.1079,0.454,0.7737,2,0.062,True,0.3865,0.5207,0.2604,0.5376,moderate_friction,synthetic_bootstrap
syn_00916,bootstrap_user_04,research_browsing,research_browsing_016,1214.7,2.223,0.0896,0.1372,0.0893,581.7,0.1156,0.6303,0.8545,1,0.1109,True,0.2874,0.6029,0.2499,0.5177,focused_or_low_friction,synthetic_bootstrap
syn_00917,bootstrap_user_05,deep_work,deep_work_017,2334.0,1.578,0.0925,0.2348,0.0295,443.5,0.0666,0.8474,0.8411,2,0.2375,False,0.2512,0.7384,0.3124,0.5734,focused_or_low_friction,synthetic_bootstrap
syn_00918,bootstrap_user_06,deep_work,deep_work_018,1628.1,0.921,0.0307,0.181,0.0313,385.3,0.0543,0.5594,0.6453,1,0.3248,True,0.2258,0.7486,0.3095,0.5962,focused_or_low_friction,synthetic_bootstrap
syn_00919,bootstrap_user_07,repetitive_admin,repetitive_admin_019,494.3,4.072,0.1473,0.7538,0.1084,80.0,0.1127,0.8831,0.3017,2,0.9568,True,0.2412,0.6704,0.6591,0.818,focused_or_low_friction,synthetic_bootstrap
syn_00920,bootstrap_user_08,support_lookup,support_lookup_020,115.8,4.383,0.0102,0.6146,0.0887,724.7,0.0472,0.7739,0.2473,6,0.7638,True,0.2217,0.7691,0.5445,0.8663,focused_or_low_friction,synthetic_bootstrap
syn_00921,bootstrap_user_09,deep_work,deep_work_021,2130.7,0.396,0.0994,0.2787,0.006,538.0,0.1071,0.9369,0.7526,2,0.4016,False,0.1713,0.7232,0.3793,0.6251,focused_or_low_friction,synthetic_bootstrap
syn_00922,bootstrap_user_10,research_browsing,research_browsing_022,1575.1,1.992,0.2444,0.2727,0.1496,445.9,0.0,0.6274,0.7291,2,0.414,True,0.3247,0.7666,0.4136,0.631,moderate_friction,synthetic_bootstrap
syn_00923,bootstrap_user_11,coding_debugging,coding_debugging_023,1720.6,3.52,0.2755,0.1111,0.5482,796.4,0.1614,0.5495,0.8164,0,0.3625,True,0.5214,0.534,0.2929,0.5627,high_friction,synthetic_bootstrap
syn_00924,bootstrap_user_12,support_lookup,support_lookup_024,326.0,5.772,0.3677,0.7119,0.087,291.1,0.1149,0.7337,0.3576,2,0.6969,True,0.351,0.5487,0.5385,0.7463,moderate_friction,synthetic_bootstrap
syn_00925,bootstrap_user_01,deep_work,deep_work_025,1015.8,1.409,0.0904,0.1129,0.1395,513.6,0.133,0.8264,0.6939,1,0.3816,True,0.1927,0.6997,0.2821,0.6046,focused_or_low_friction,synthetic_bootstrap
syn_00926,bootstrap_user_02,repetitive_admin,repetitive_admin_026,110.0,3.407,0.1422,0.7068,0.0202,419.6,0.058,0.66,0.1447,7,0.9122,True,0.1539,0.7598,0.58,0.9382,focused_or_low_friction,synthetic_bootstrap
syn_00927,bootstrap_user_03,deep_work,deep_work_027,1868.5,1.199,0.0214,0.1551,0.157,220.5,0.1262,0.9495,0.6578,1,0.474,True,0.102,0.7323,0.3486,0.6321,focused_or_low_friction,synthetic_bootstrap
syn_00928,bootstrap_user_04,research_browsing,research_browsing_028,1720.0,2.031,0.1957,0.2582,0.097,313.7,0.1719,0.5543,0.8873,0,0.2855,True,0.3283,0.5187,0.2328,0.5349,moderate_friction,synthetic_bootstrap
syn_00929,bootstrap_user_05,support_lookup,support_lookup_029,412.3,4.598,0.2733,0.7407,0.1398,462.2,0.0747,0.8033,0.3691,12,0.6401,True,0.3619,0.6638,0.7215,0.8657,automation_candidate,synthetic_bootstrap
syn_00930,bootstrap_user_06,coding_debugging,coding_debugging_030,1701.8,3.629,0.3773,0.1478,0.1341,1168.8,0.025,0.7843,0.787,2,0.4819,True,0.4185,0.706,0.3991,0.641,moderate_friction,synthetic_bootstrap
syn_00931,bootstrap_user_07,repetitive_admin,repetitive_admin_031,443.3,2.6,0.1984,0.4773,0.0978,476.1,0.0251,0.8276,0.2774,6,0.9371,True,0.2355,0.77,0.5763,0.906,focused_or_low_friction,synthetic_bootstrap
syn_00932,bootstrap_user_08,repetitive_admin,repetitive_admin_032,426.6,2.66,0.1434,0.7105,0.1222,452.8,0.0636,0.7663,0.2328,7,0.8799,True,0.2485,0.7742,0.6425,0.9195,focused_or_low_friction,synthetic_bootstrap
syn_00933,bootstrap_user_09,support_lookup,support_lookup_033,119.7,5.432,0.1335,0.4845,0.1923,645.6,0.0893,0.7054,0.3498,6,0.8679,True,0.2884,0.6851,0.5323,0.88,focused_or_low_friction,synthetic_bootstrap
syn_00934,bootstrap_user_10,coding_debugging,coding_debugging_034,472.7,0.651,0.0943,0.1986,0.2768,957.5,0.0986,0.7028,0.7245,3,0.3391,True,0.2313,0.7198,0.2782,0.6353,focused_or_low_friction,synthetic_bootstrap
syn_00935,bootstrap_user_11,coding_debugging,coding_debugging_035,1451.8,2.181,0.281,0.2133,0.4393,780.6,0.1985,0.6399,0.7222,2,0.499,True,0.4419,0.5433,0.4016,0.6531,high_friction,synthetic_bootstrap
syn_00936,bootstrap_user_12,repetitive_admin,repetitive_admin_036,472.5,3.602,0.1257,0.9083,0.0969,718.8,0.0515,0.8263,0.2074,14,0.8037,True,0.2451,0.7838,0.7515,0.926,automation_candidate,synthetic_bootstrap
syn_00937,bootstrap_user_01,research_browsing,research_browsing_037,955.4,2.701,0.3587,0.2174,0.0356,891.0,0.0654,0.6692,0.8443,2,0.5224,True,0.3344,0.6617,0.3548,0.6443,moderate_friction,synthetic_bootstrap
syn_00938,bootstrap_user_02,deep_work,deep_work_038,1427.1,0.671,0.0962,0.0372,0.1176,196.5,0.1317,0.8611,0.8713,2,0.3134,True,0.1723,0.6867,0.292,0.5888,focused_or_low_friction,synthetic_bootstrap
syn_00939,bootstrap_user_03,research_browsing,research_browsing_039,885.7,5.223,0.3347,0.1637,0.1899,477.7,0.1203,0.4268,0.9477,0,0.1271,True,0.429,0.4765,0.2677,0.4881,moderate_friction,synthetic_bootstrap
syn_00940,bootstrap_user_04,deep_work,deep_work_040,2309.5,0.748,0.1011,0.2821,0.0777,312.1,0.0988,0.8792,0.691,3,0.3258,True,0.1955,0.7527,0.3944,0.636,focused_or_low_friction,synthetic_bootstrap
syn_00941,bootstrap_user_05,repetitive_admin,repetitive_admin_041,475.4,2.896,0.1517,0.8411,0.111,473.4,0.0051,0.5157,0.4075,10,0.8583,True,0.3159,0.7787,0.7248,0.9157,automation_candidate,synthetic_bootstrap
syn_00942,bootstrap_user_06,research_browsing,research_browsing_042,906.6,2.168,0.0052,0.2307,0.1554,911.8,0.1438,0.5615,0.7549,1,0.2804,False,0.3413,0.582,0.31,0.572,moderate_friction,synthetic_bootstrap
syn_00943,bootstrap_user_07,deep_work,deep_work_043,831.9,0.933,0.0799,0.1215,0.0434,450.4,0.0582,0.8091,0.8757,2,0.4139,False,0.1459,0.7428,0.3561,0.6134,focused_or_low_friction,synthetic_bootstrap
syn_00944,bootstrap_user_08,support_lookup,support_lookup_044,231.3,4.734,0.1137,0.2618,0.0705,948.5,0.0779,0.8241,0.3218,0,0.6791,True,0.29,0.7015,0.3408,0.7012,focused_or_low_friction,synthetic_bootstrap
syn_00945,bootstrap_user_09,support_lookup,support_lookup_045,354.0,3.698,0.2046,0.6454,0.0916,361.4,0.0472,0.8474,0.4824,10,0.7114,True,0.2919,0.7482,0.6063,0.87,focused_or_low_friction,synthetic_bootstrap
syn_00946,bootstrap_user_10,repetitive_admin,repetitive_admin_046,364.4,1.736,0.172,0.8623,0.0528,280.9,0.0872,0.6822,0.4579,8,0.8291,True,0.1922,0.7452,0.6567,0.9023,focused_or_low_friction,synthetic_bootstrap
syn_00947,bootstrap_user_11,coding_debugging,coding_debugging_047,1589.6,2.366,0.2298,0.2391,0.2574,1161.3,0.1501,0.5999,0.6274,5,0.4391,True,0.4775,0.5875,0.4223,0.717,high_friction,synthetic_bootstrap
syn_00948,bootstrap_user_12,research_browsing,research_browsing_048,1234.6,1.552,0.2484,0.119,0.0715,495.0,0.0806,0.4793,0.8198,2,0.3058,True,0.2911,0.6471,0.3092,0.5931,focused_or_low_friction,synthetic_bootstrap
syn_00949,bootstrap_user_01,research_browsing,research_browsing_049,1318.6,3.301,0.2219,0.1962,0.0707,541.3,0.1108,0.3434,0.9197,4,0.3204,True,0.3928,0.4945,0.3764,0.6297,moderate_friction,synthetic_bootstrap
syn_00950,bootstrap_user_02,repetitive_admin,repetitive_admin_050,356.0,5.491,0.1087,0.829,0.0729,665.6,0.0346,0.8449,0.3427,10,0.8783,True,0.1852,0.7456,0.7015,0.9285,automation_candidate,synthetic_bootstrap
syn_00951,bootstrap_user_03,support_lookup,support_lookup_051,377.0,4.722,0.276,0.7242,0.0,630.7,0.0497,0.7765,0.425,8,0.7628,True,0.3122,0.6515,0.6018,0.8897,moderate_friction,synthetic_bootstrap
syn_00952,bootstrap_user_04,repetitive_admin,repetitive_admin_052,200.4,1.762,0.127,0.7841,0.0787,315.2,0.0216,0.7115,0.1978,8,0.7383,True,0.1299,0.8425,0.6161,0.9108,focused_or_low_friction,synthetic_bootstrap
syn_00953,bootstrap_user_05,repetitive_admin,repetitive_admin_053,469.2,3.999,0.0,0.6609,0.1241,446.2,0.1055,0.8934,0.31,7,0.7833,True,0.2138,0.71,0.59,0.8861,focused_or_low_friction,synthetic_bootstrap
syn_00954,bootstrap_user_06,deep_work,deep_work_054,2000.8,1.563,0.1267,0.1242,0.1407,512.4,0.0784,0.8118,0.66,2,0.3668,True,0.2058,0.7402,0.3337,0.6275,focused_or_low_friction,synthetic_bootstrap
syn_00955,bootstrap_user_07,research_browsing,research_browsing_055,1193.4,1.755,0.3326,0.2631,0.0006,944.7,0.0996,0.6028,0.8911,4,0.4203,True,0.3014,0.5728,0.3965,0.6582,moderate_friction,synthetic_bootstrap
syn_00956,bootstrap_user_08,research_browsing,research_browsing_056,2021.0,2.104,0.1957,0.1354,0.0708,886.5,0.1209,0.5525,1.0,0,0.3657,True,0.393,0.5756,0.2907,0.5414,moderate_friction,synthetic_bootstrap
syn_00957,bootstrap_user_09,coding_debugging,coding_debugging_057,982.5,1.87,0.2493,0.132,0.3632,853.1,0.1218,0.6024,0.7007,4,0.5631,True,0.3831,0.6545,0.4206,0.7167,moderate_friction,synthetic_bootstrap
syn_00958,bootstrap_user_10,support_lookup,support_lookup_058,395.3,3.801,0.1639,0.7754,0.1522,467.7,0.0286,0.6396,0.2847,12,0.866,True,0.2807,0.7265,0.7118,0.9323,automation_candidate,synthetic_bootstrap
syn_00959,bootstrap_user_11,support_lookup,support_lookup_059,243.3,5.637,0.1027,0.9176,0.0628,266.4,0.1106,0.7921,0.3399,8,0.8307,True,0.2152,0.5881,0.6591,0.9169,focused_or_low_friction,synthetic_bootstrap
syn_00960,bootstrap_user_12,support_lookup,support_lookup_060,441.6,6.526,0.1591,0.4955,0.1239,599.0,0.078,0.4073,0.7074,10,0.7702,True,0.4759,0.5244,0.6055,0.8577,high_friction,synthetic_bootstrap
syn_00961,bootstrap_user_01,support_lookup,support_lookup_001,305.8,4.165,0.2121,0.7144,0.1272,572.4,0.1018,0.5003,0.2722,7,0.717,True,0.3723,0.6295,0.5473,0.8741,moderate_friction,synthetic_bootstrap
syn_00962,bootstrap_user_02,support_lookup,support_lookup_002,217.7,4.37,0.1832,0.6923,0.1337,495.0,0.0242,0.6159,0.2915,6,0.8591,True,0.2852,0.7156,0.6296,0.8848,focused_or_low_friction,synthetic_bootstrap
syn_00963,bootstrap_user_03,deep_work,deep_work_003,2136.4,0.851,0.1102,0.0959,0.0,340.8,0.1099,0.8264,0.6663,1,0.1153,True,0.1775,0.718,0.2128,0.5414,focused_or_low_friction,synthetic_bootstrap
syn_00964,bootstrap_user_04,deep_work,deep_work_004,2427.3,1.197,0.0316,0.2432,0.0827,340.1,0.0683,0.7573,0.5479,2,0.3235,True,0.1979,0.7824,0.2939,0.6301,focused_or_low_friction,synthetic_bootstrap
syn_00965,bootstrap_user_05,research_browsing,research_browsing_005,916.6,3.626,0.1053,0.2098,0.0305,653.6,0.1905,0.673,0.6519,3,0.5187,True,0.2981,0.5197,0.4184,0.6889,focused_or_low_friction,synthetic_bootstrap
syn_00966,bootstrap_user_06,support_lookup,support_lookup_006,419.6,4.075,0.2634,0.5109,0.1286,80.0,0.0315,0.6594,0.32,3,0.74,True,0.2998,0.7203,0.5173,0.7841,focused_or_low_friction,synthetic_bootstrap
syn_00967,bootstrap_user_07,research_browsing,research_browsing_007,1178.4,4.495,0.131,0.3342,0.1557,571.7,0.0955,0.6048,0.8479,3,0.1391,True,0.277,0.5673,0.392,0.5705,focused_or_low_friction,synthetic_bootstrap
syn_00968,bootstrap_user_08,deep_work,deep_work_008,1091.2,0.08,0.091,0.261,0.1063,107.2,0.0127,0.8278,0.5621,2,0.3735,True,0.1433,0.872,0.3799,0.6409,focused_or_low_friction,synthetic_bootstrap
syn_00969,bootstrap_user_09,support_lookup,support_lookup_009,352.1,4.12,0.1644,0.5813,0.1441,402.9,0.1118,0.5854,0.3836,6,0.7449,True,0.3174,0.6218,0.5326,0.8452,moderate_friction,synthetic_bootstrap
syn_00970,bootstrap_user_10,repetitive_admin,repetitive_admin_010,426.2,3.099,0.0528,0.6691,0.1044,513.5,0.0507,0.7453,0.2439,6,0.7864,True,0.1978,0.7954,0.579,0.8723,focused_or_low_friction,synthetic_bootstrap
syn_00971,bootstrap_user_11,repetitive_admin,repetitive_admin_011,368.1,2.835,0.1947,0.6086,0.0911,371.1,0.052,0.762,0.2857,11,0.8577,True,0.2098,0.7303,0.6659,0.9301,focused_or_low_friction,synthetic_bootstrap
syn_00972,bootstrap_user_12,deep_work,deep_work_012,1996.0,0.815,0.067,0.0,0.0,746.6,0.0566,0.8972,0.5197,0,0.4314,True,0.188,0.8185,0.2663,0.6155,focused_or_low_friction,synthetic_bootstrap
syn_00973,bootstrap_user_01,deep_work,deep_work_013,1460.0,0.263,0.1501,0.2754,0.0381,251.3,0.0661,0.8472,0.6618,2,0.3441,True,0.1941,0.7748,0.3775,0.6216,focused_or_low_friction,synthetic_bootstrap
syn_00974,bootstrap_user_02,research_browsing,research_browsing_014,2073.4,3.555,0.0466,0.1825,0.0743,654.4,0.0569,0.6708,0.8788,3,0.2541,False,0.3418,0.6859,0.328,0.5956,moderate_friction,synthetic_bootstrap
syn_00975,bootstrap_user_03,repetitive_admin,repetitive_admin_015,487.8,2.965,0.0898,0.799,0.0758,432.5,0.0652,0.7713,0.3358,5,0.7869,True,0.2246,0.7432,0.6117,0.8389,focused_or_low_friction,synthetic_bootstrap
syn_00976,bootstrap_user_04,coding_debugging,coding_debugging_016,1508.7,3.269,0.4353,0.1085,0.1837,704.7,0.104,0.5838,0.6647,2,0.4877,True,0.4777,0.587,0.3912,0.6571,high_friction,synthetic_bootstrap
syn_00977,bootstrap_user_05,support_lookup,support_lookup_017,202.0,4.989,0.188,0.7314,0.1001,799.3,0.0152,0.7549,0.3731,3,0.9852,True,0.2259,0.7308,0.5975,0.839,focused_or_low_friction,synthetic_bootstrap
syn_00978,bootstrap_user_06,support_lookup,support_lookup_018,304.2,6.119,0.2846,0.6545,0.2239,688.6,0.0495,0.6048,0.4968,4,0.749,True,0.4056,0.6029,0.5143,0.7876,moderate_friction,synthetic_bootstrap
syn_00979,bootstrap_user_07,support_lookup,support_lookup_019,376.2,3.815,0.3416,0.6595,0.1734,633.6,0.0995,0.717,0.3859,10,1.0,True,0.3873,0.652,0.6996,0.9537,automation_candidate,synthetic_bootstrap
syn_00980,bootstrap_user_08,repetitive_admin,repetitive_admin_020,426.3,1.042,0.108,0.8399,0.0494,499.7,0.0555,0.7228,0.3706,11,0.8936,True,0.1835,0.8204,0.702,0.9289,automation_candidate,synthetic_bootstrap
syn_00981,bootstrap_user_09,research_browsing,research_browsing_021,527.7,2.584,0.0576,0.2326,0.1448,857.2,0.1345,0.6962,0.6739,2,0.1302,True,0.3143,0.6581,0.2702,0.5667,moderate_friction,synthetic_bootstrap
syn_00982,bootstrap_user_10,coding_debugging,coding_debugging_022,1018.3,1.306,0.3006,0.3511,0.341,367.7,0.1052,0.3995,0.8004,1,0.2488,True,0.3629,0.6053,0.3918,0.5586,moderate_friction,synthetic_bootstrap
syn_00983,bootstrap_user_11,coding_debugging,coding_debugging_023,1385.7,1.62,0.3371,0.2114,0.4267,853.1,0.119,0.4513,0.7261,2,0.2766,True,0.4552,0.595,0.3021,0.597,high_friction,synthetic_bootstrap
syn_00984,bootstrap_user_12,support_lookup,support_lookup_024,232.7,3.738,0.1955,0.6311,0.0894,438.9,0.062,0.7563,0.3907,11,0.9033,True,0.2779,0.7442,0.6178,0.929,focused_or_low_friction,synthetic_bootstrap
syn_00985,bootstrap_user_01,deep_work,deep_work_025,2123.7,1.348,0.15,0.0883,0.1229,463.5,0.1539,0.709,0.6031,0,0.3674,True,0.2552,0.6561,0.2993,0.5895,focused_or_low_friction,synthetic_bootstrap
syn_00986,bootstrap_user_02,research_browsing,research_browsing_026,1291.9,3.403,0.2553,0.1124,0.0953,813.2,0.1564,0.7358,0.8268,2,0.39,True,0.3357,0.5523,0.2956,0.6133,moderate_friction,synthetic_bootstrap
syn_00987,bootstrap_user_03,repetitive_admin,repetitive_admin_027,481.0,4.249,0.0774,0.7722,0.0548,247.8,0.1117,0.6498,0.1521,9,0.8815,True,0.2926,0.6648,0.6906,0.9521,automation_candidate,synthetic_bootstrap
syn_00988,bootstrap_user_04,deep_work,deep_work_028,2604.4,1.223,0.12,0.1028,0.1463,594.6,0.0876,0.7732,0.6907,3,0.2187,True,0.2458,0.7155,0.2942,0.6093,focused_or_low_friction,synthetic_bootstrap
syn_00989,bootstrap_user_05,repetitive_admin,repetitive_admin_029,563.8,3.661,0.1237,0.7532,0.105,161.4,0.0821,0.6656,0.2356,9,0.854,True,0.2543,0.7046,0.7349,0.9352,automation_candidate,synthetic_bootstrap
syn_00990,bootstrap_user_06,coding_debugging,coding_debugging_030,1418.6,2.472,0.3562,0.1695,0.5175,497.2,0.1057,0.5785,0.6876,2,0.312,True,0.3889,0.6309,0.368,0.6105,moderate_friction,synthetic_bootstrap
syn_00991,bootstrap_user_07,coding_debugging,coding_debugging_031,928.6,2.679,0.2626,0.1299,0.191,950.4,0.1302,0.6366,0.6808,2,0.3744,True,0.3591,0.6139,0.3403,0.6269,moderate_friction,synthetic_bootstrap
syn_00992,bootstrap_user_08,coding_debugging,coding_debugging_032,1896.1,1.296,0.2073,0.2533,0.3244,285.7,0.1301,0.6373,0.5081,2,0.3068,True,0.3041,0.682,0.4066,0.6307,moderate_friction,synthetic_bootstrap
syn_00993,bootstrap_user_09,coding_debugging,coding_debugging_033,1219.3,0.257,0.3114,0.2205,0.1899,871.9,0.144,0.5365,0.5556,0,0.3268,True,0.3378,0.6384,0.3207,0.585,moderate_friction,synthetic_bootstrap
syn_00994,bootstrap_user_10,repetitive_admin,repetitive_admin_034,489.4,3.4,0.169,0.6412,0.0362,312.1,0.0323,0.5554,0.2254,12,0.9241,True,0.2485,0.7717,0.6859,0.954,automation_candidate,synthetic_bootstrap
syn_00995,bootstrap_user_11,research_browsing,research_browsing_035,867.6,4.237,0.2225,0.1263,0.1276,553.5,0.0681,0.4762,0.8257,2,0.482,True,0.3177,0.6035,0.3815,0.6364,moderate_friction,synthetic_bootstrap
syn_00996,bootstrap_user_12,support_lookup,support_lookup_036,274.5,2.427,0.1151,0.483,0.1118,428.5,0.1081,0.5029,0.2323,7,0.8421,True,0.2208,0.686,0.577,0.9102,focused_or_low_friction,synthetic_bootstrap
syn_00997,bootstrap_user_01,coding_debugging,coding_debugging_037,1949.5,1.827,0.2612,0.1563,0.3633,1177.4,0.1628,0.6068,0.6361,3,0.6133,True,0.4281,0.5895,0.4112,0.7145,moderate_friction,synthetic_bootstrap
syn_00998,bootstrap_user_02,deep_work,deep_work_038,889.4,0.904,0.1053,0.2988,0.0234,581.5,0.1187,0.8616,0.5793,0,0.3617,True,0.1571,0.7623,0.3168,0.5909,focused_or_low_friction,synthetic_bootstrap
syn_00999,bootstrap_user_03,research_browsing,research_browsing_039,403.1,2.754,0.2632,0.2074,0.1167,978.7,0.0543,0.5292,0.9236,0,0.2936,True,0.369,0.6325,0.2324,0.5326,moderate_friction,synthetic_bootstrap
syn_01000,bootstrap_user_04,repetitive_admin,repetitive_admin_040,263.8,4.573,0.048,0.5832,0.0955,315.9,0.0562,0.7788,0.4578,10,0.8105,True,0.1765,0.7241,0.6087,0.8977,focused_or_low_friction,synthetic_bootstrap
syn_01001,bootstrap_user_05,deep_work,deep_work_041,2000.3,0.0,0.0,0.0299,0.1773,243.3,0.1093,0.7686,0.656,1,0.5473,True,0.1786,0.7797,0.2952,0.6506,focused_or_low_friction,synthetic_bootstrap
syn_01002,bootstrap_user_06,support_lookup,support_lookup_042,366.8,5.382,0.2512,0.5998,0.0881,363.4,0.0358,0.5683,0.4004,6,0.8331,True,0.3134,0.6301,0.5776,0.8652,moderate_friction,synthetic_bootstrap
syn_01003,bootstrap_user_07,deep_work,deep_work_043,1412.4,0.404,0.1648,0.0273,0.1912,502.0,0.1194,0.8895,0.7417,3,0.2201,True,0.1789,0.6897,0.2499,0.6035,focused_or_low_friction,synthetic_bootstrap
syn_01004,bootstrap_user_08,deep_work,deep_work_044,2736.3,0.722,0.1792,0.3169,0.2398,793.0,0.1743,0.846,0.7028,2,0.35,True,0.3369,0.6486,0.3272,0.6182,moderate_friction,synthetic_bootstrap
syn_01005,bootstrap_user_09,coding_debugging,coding_debugging_045,1263.6,1.576,0.2152,0.2257,0.2628,1068.6,0.0917,0.7376,0.7406,2,0.4422,True,0.3657,0.7026,0.3908,0.6367,moderate_friction,synthetic_bootstrap
syn_01006,bootstrap_user_10,repetitive_admin,repetitive_admin_046,217.2,1.681,0.0878,0.8862,0.0888,279.3,0.0064,0.6784,0.2048,12,0.941,True,0.1535,0.8623,0.6962,0.9607,automation_candidate,synthetic_bootstrap
syn_01007,bootstrap_user_11,research_browsing,research_browsing_047,1308.1,3.375,0.2347,0.0432,0.1066,790.0,0.189,0.4997,0.7564,2,0.3349,True,0.4035,0.4718,0.314,0.608,moderate_friction,synthetic_bootstrap
syn_01008,bootstrap_user_12,repetitive_admin,repetitive_admin_048,308.7,3.057,0.2225,0.5522,0.0688,214.3,0.0546,0.8343,0.297,8,0.9663,True,0.1975,0.7784,0.5343,0.9559,focused_or_low_friction,synthetic_bootstrap
syn_01009,bootstrap_user_01,coding_debugging,coding_debugging_049,1065.5,1.23,0.1888,0.3875,0.2625,1272.1,0.0296,0.4908,0.7962,2,0.463,False,0.37,0.6995,0.4076,0.6352,moderate_friction,synthetic_bootstrap
syn_01010,bootstrap_user_02,support_lookup,support_lookup_050,324.2,6.237,0.1638,0.5688,0.0839,784.6,0.0807,0.4701,0.1463,4,0.813,True,0.3918,0.6112,0.5985,0.8457,moderate_friction,synthetic_bootstrap
syn_01011,bootstrap_user_03,coding_debugging,coding_debugging_051,1447.5,2.27,0.406,0.0751,0.2915,815.8,0.1301,0.4213,0.694,3,0.4868,True,0.4725,0.5571,0.3824,0.6759,high_friction,synthetic_bootstrap
syn_01012,bootstrap_user_04,support_lookup,support_lookup_052,239.9,4.476,0.2436,0.6141,0.1281,693.0,0.0814,0.7833,0.6161,9,0.7439,True,0.3259,0.6519,0.6074,0.862,moderate_friction,synthetic_bootstrap
syn_01013,bootstrap_user_05,support_lookup,support_lookup_053,91.6,6.117,0.328,0.6938,0.1396,476.5,0.0602,0.7298,0.4297,9,0.8527,True,0.3242,0.6037,0.6453,0.9116,moderate_friction,synthetic_bootstrap
syn_01014,bootstrap_user_06,research_browsing,research_browsing_054,2279.3,2.971,0.355,0.1066,0.0985,508.9,0.179,0.7769,0.7921,3,0.4981,True,0.3929,0.5611,0.3424,0.667,moderate_friction,synthetic_bootstrap
syn_01015,bootstrap_user_07,repetitive_admin,repetitive_admin_055,436.5,5.343,0.09,0.8225,0.101,358.7,0.0566,0.8977,0.3354,11,0.9881,True,0.2055,0.7548,0.7671,0.9568,automation_candidate,synthetic_bootstrap
syn_01016,bootstrap_user_08,deep_work,deep_work_056,2246.8,0.457,0.0994,0.0622,0.0932,333.4,0.0449,0.7958,0.4507,0,0.4439,True,0.1387,0.8395,0.2754,0.6269,focused_or_low_friction,synthetic_bootstrap
syn_01017,bootstrap_user_09,coding_debugging,coding_debugging_057,1424.9,2.096,0.2442,0.2309,0.556,582.7,0.1113,0.696,0.6238,0,0.3358,True,0.3791,0.6544,0.3688,0.5791,moderate_friction,synthetic_bootstrap
syn_01018,bootstrap_user_10,research_browsing,research_browsing_058,946.8,2.902,0.0838,0.2057,0.1115,825.0,0.0527,0.557,0.6977,2,0.4778,True,0.2484,0.6617,0.3362,0.6507,focused_or_low_friction,synthetic_bootstrap
syn_01019,bootstrap_user_11,deep_work,deep_work_059,1152.1,1.102,0.0077,0.175,0.0913,354.3,0.0891,0.745,0.7641,1,0.3036,True,0.1825,0.7327,0.2254,0.5767,focused_or_low_friction,synthetic_bootstrap
syn_01020,bootstrap_user_12,support_lookup,support_lookup_060,285.4,2.206,0.1527,0.6059,0.0924,610.1,0.0816,0.5827,0.2709,6,0.6356,True,0.3022,0.6974,0.5,0.8314,moderate_friction,synthetic_bootstrap
syn_01021,bootstrap_user_01,research_browsing,research_browsing_001,1053.8,5.206,0.1716,0.1416,0.0485,652.1,0.1235,0.4737,0.8791,2,0.4022,True,0.368,0.4871,0.385,0.6101,moderate_friction,synthetic_bootstrap
syn_01022,bootstrap_user_02,coding_debugging,coding_debugging_002,1152.3,2.208,0.2296,0.1884,0.3238,993.1,0.0658,0.6239,0.7384,3,0.181,True,0.3396,0.6723,0.3018,0.5941,moderate_friction,synthetic_bootstrap
syn_01023,bootstrap_user_03,research_browsing,research_browsing_003,1101.9,1.686,0.1837,0.0901,0.1379,755.4,0.1175,0.5438,0.637,1,0.2086,True,0.319,0.6481,0.2992,0.5682,moderate_friction,synthetic_bootstrap
syn_01024,bootstrap_user_04,support_lookup,support_lookup_004,203.2,3.568,0.263,0.6416,0.0977,852.4,0.0773,0.6409,0.2845,10,0.8107,True,0.3181,0.7081,0.6306,0.9185,moderate_friction,synthetic_bootstrap
syn_01025,bootstrap_user_05,coding_debugging,coding_debugging_005,1497.8,2.606,0.341,0.1668,0.481,459.2,0.1155,0.463,0.7102,2,0.439,False,0.413,0.5749,0.4112,0.6395,moderate_friction,synthetic_bootstrap
syn_01026,bootstrap_user_06,repetitive_admin,repetitive_admin_006,223.2,2.346,0.1716,0.7293,0.086,512.9,0.0262,0.6933,0.2157,7,0.9672,True,0.1586,0.7763,0.6587,0.9434,focused_or_low_friction,synthetic_bootstrap
syn_01027,bootstrap_user_07,research_browsing,research_browsing_007,1042.8,2.641,0.0747,0.159,0.1433,705.7,0.1046,0.3922,0.7738,2,0.181,True,0.342,0.5815,0.3108,0.5674,moderate_friction,synthetic_bootstrap
syn_01028,bootstrap_user_08,repetitive_admin,repetitive_admin_008,403.5,4.347,0.242,0.5888,0.1108,549.6,0.0209,0.6882,0.2214,7,0.8315,True,0.291,0.7063,0.5815,0.9088,focused_or_low_friction,synthetic_bootstrap
syn_01029,bootstrap_user_09,coding_debugging,coding_debugging_009,1401.5,2.697,0.1636,0.296,0.4327,767.3,0.0496,0.7062,0.8923,1,0.4255,False,0.3804,0.638,0.3852,0.5918,moderate_friction,synthetic_bootstrap
syn_01030,bootstrap_user_10,support_lookup,support_lookup_010,162.1,2.775,0.0418,0.7748,0.0683,580.0,0.0774,0.6762,0.3926,8,0.8038,True,0.183,0.7246,0.5912,0.9038,focused_or_low_friction,synthetic_bootstrap
syn_01031,bootstrap_user_11,support_lookup,support_lookup_011,302.9,5.622,0.2075,0.5146,0.0009,381.6,0.0197,0.587,0.3867,7,0.9758,True,0.3427,0.6854,0.6246,0.9251,moderate_friction,synthetic_bootstrap
syn_01032,bootstrap_user_12,coding_debugging,coding_debugging_012,938.5,1.233,0.2306,0.2388,0.2372,519.7,0.1208,0.4994,0.5667,1,0.3872,True,0.297,0.6602,0.3655,0.6213,focused_or_low_friction,synthetic_bootstrap
syn_01033,bootstrap_user_01,support_lookup,support_lookup_013,193.9,2.735,0.134,0.7052,0.1545,583.5,0.096,0.8329,0.3068,11,0.7639,True,0.2381,0.7011,0.6053,0.9042,focused_or_low_friction,synthetic_bootstrap
syn_01034,bootstrap_user_02,research_browsing,research_browsing_014,739.4,1.04,0.2991,0.3455,0.0871,837.9,0.1842,0.605,0.798,2,0.3645,True,0.3261,0.5773,0.3339,0.6104,moderate_friction,synthetic_bootstrap
syn_01035,bootstrap_user_03,support_lookup,support_lookup_015,100.7,5.377,0.0772,0.7005,0.1478,314.7,0.0418,0.8721,0.3513,3,0.8701,True,0.1523,0.7378,0.5177,0.8129,focused_or_low_friction,synthetic_bootstrap
syn_01036,bootstrap_user_04,coding_debugging,coding_debugging_016,1244.5,1.469,0.3578,0.2583,0.0411,879.3,0.0855,0.7658,0.7595,4,0.3205,True,0.3197,0.6739,0.3949,0.649,moderate_friction,synthetic_bootstrap
syn_01037,bootstrap_user_05,repetitive_admin,repetitive_admin_017,397.0,1.975,0.0703,0.8358,0.0733,351.3,0.0818,0.6577,0.0565,5,0.8794,True,0.1436,0.8087,0.6385,0.8956,focused_or_low_friction,synthetic_bootstrap
syn_01038,bootstrap_user_06,support_lookup,support_lookup_018,298.9,4.804,0.0761,0.6594,0.1554,725.3,0.0816,0.7113,0.1689,6,0.6943,True,0.329,0.6839,0.5735,0.8583,moderate_friction,synthetic_bootstrap
syn_01039,bootstrap_user_07,support_lookup,support_lookup_019,284.9,5.381,0.046,0.3327,0.1119,80.0,0.0648,0.7192,0.496,5,0.8061,True,0.2206,0.6774,0.4844,0.8245,focused_or_low_friction,synthetic_bootstrap
syn_01040,bootstrap_user_08,deep_work,deep_work_020,1497.3,0.864,0.073,0.2124,0.072,490.9,0.0552,0.745,0.6972,1,0.4461,True,0.1565,0.7684,0.3142,0.6204,focused_or_low_friction,synthetic_bootstrap
syn_01041,bootstrap_user_09,deep_work,deep_work_021,997.8,0.531,0.0775,0.1917,0.0975,613.4,0.0408,0.7899,0.8444,0,0.2958,True,0.1741,0.7641,0.2817,0.5426,focused_or_low_friction,synthetic_bootstrap
syn_01042,bootstrap_user_10,coding_debugging,coding_debugging_022,1215.0,1.025,0.2153,0.24,0.3739,1412.6,0.1351,0.4986,0.7106,3,0.3473,True,0.3794,0.6311,0.3553,0.639,moderate_friction,synthetic_bootstrap
syn_01043,bootstrap_user_11,coding_debugging,coding_debugging_023,1050.6,3.519,0.1412,0.2673,0.3794,824.3,0.0193,0.7585,0.6989,2,0.3765,False,0.2991,0.724,0.3768,0.6253,focused_or_low_friction,synthetic_bootstrap
syn_01044,bootstrap_user_12,coding_debugging,coding_debugging_024,1401.9,2.666,0.4588,0.2188,0.2197,397.9,0.2097,0.6828,0.6508,5,0.6099,True,0.375,0.5152,0.4349,0.7569,moderate_friction,synthetic_bootstrap
syn_01045,bootstrap_user_01,deep_work,deep_work_025,1751.7,1.12,0.0113,0.1734,0.1484,522.0,0.077,0.7666,0.7631,0,0.3791,True,0.2296,0.725,0.2834,0.5732,focused_or_low_friction,synthetic_bootstrap
syn_01046,bootstrap_user_02,repetitive_admin,repetitive_admin_026,233.7,3.637,0.0946,0.6166,0.0493,449.8,0.0169,0.6487,0.3696,7,0.9364,True,0.1982,0.7576,0.6234,0.9173,focused_or_low_friction,synthetic_bootstrap
syn_01047,bootstrap_user_03,repetitive_admin,repetitive_admin_027,615.9,4.353,0.0823,0.6016,0.1104,559.0,0.0849,0.7412,0.3528,11,0.8719,True,0.3054,0.6735,0.681,0.9256,automation_candidate,synthetic_bootstrap
syn_01048,bootstrap_user_04,coding_debugging,coding_debugging_028,784.3,0.761,0.2957,0.2359,0.3762,1107.8,0.1662,0.766,0.6443,0,0.5503,True,0.3914,0.656,0.3021,0.6303,moderate_friction,synthetic_bootstrap
syn_01049,bootstrap_user_05,research_browsing,research_browsing_029,1532.8,3.611,0.3327,0.2944,0.1455,520.8,0.0585,0.6441,0.7366,3,0.0955,True,0.3521,0.6285,0.3124,0.573,moderate_friction,synthetic_bootstrap
syn_01050,bootstrap_user_06,repetitive_admin,repetitive_admin_030,110.7,2.669,0.0892,0.8534,0.0487,438.9,0.0112,0.7832,0.0562,16,0.8487,True,0.1206,0.8409,0.6848,0.9554,automation_candidate,synthetic_bootstrap
syn_01051,bootstrap_user_07,coding_debugging,coding_debugging_031,935.9,1.604,0.1902,0.1241,0.3822,1092.3,0.0873,0.6081,0.6074,3,0.4522,True,0.3686,0.6947,0.3495,0.6777,moderate_friction,synthetic_bootstrap
syn_01052,bootstrap_user_08,deep_work,deep_work_032,2396.5,0.707,0.1638,0.1836,0.1885,661.5,0.0891,0.7622,0.6098,2,0.3672,True,0.2836,0.7425,0.3573,0.6336,focused_or_low_friction,synthetic_bootstrap
syn_01053,bootstrap_user_09,repetitive_admin,repetitive_admin_033,273.7,4.199,0.1501,0.8637,0.1191,369.0,0.045,0.9005,0.2509,11,0.8295,True,0.1544,0.7768,0.7295,0.9273,automation_candidate,synthetic_bootstrap
syn_01054,bootstrap_user_10,deep_work,deep_work_034,2004.6,1.316,0.0996,0.088,0.1197,480.5,0.057,0.8578,0.6879,1,0.3287,True,0.2327,0.7725,0.286,0.5921,focused_or_low_friction,synthetic_bootstrap
syn_01055,bootstrap_user_11,repetitive_admin,repetitive_admin_035,205.0,4.919,0.1822,0.8102,0.0,385.3,0.0462,0.8015,0.2349,7,0.9096,True,0.1851,0.7327,0.6811,0.9267,automation_candidate,synthetic_bootstrap
syn_01056,bootstrap_user_12,coding_debugging,coding_debugging_036,1463.8,3.168,0.287,0.3895,0.1259,1305.8,0.2076,0.6602,0.8032,2,0.3907,True,0.4632,0.5091,0.4088,0.6163,high_friction,synthetic_bootstrap
syn_01057,bootstrap_user_01,research_browsing,research_browsing_037,2343.3,3.11,0.086,0.3115,0.039,526.9,0.1236,0.6301,0.6844,1,0.1223,True,0.3653,0.5913,0.3334,0.541,moderate_friction,synthetic_bootstrap
syn_01058,bootstrap_user_02,repetitive_admin,repetitive_admin_038,559.6,2.541,0.001,0.5914,0.0562,580.4,0.0465,0.6494,0.2948,3,0.9011,True,0.2173,0.7851,0.6009,0.8274,focused_or_low_friction,synthetic_bootstrap
syn_01059,bootstrap_user_03,support_lookup,support_lookup_039,479.8,3.052,0.1323,0.687,0.1684,130.5,0.0626,0.6113,0.1484,2,0.7332,True,0.3045,0.7555,0.5648,0.7805,moderate_friction,synthetic_bootstrap
syn_01060,bootstrap_user_04,coding_debugging,coding_debugging_040,1112.0,1.566,0.2598,0.3096,0.4033,741.6,0.0535,0.6469,0.7678,4,0.325,False,0.366,0.6895,0.3861,0.6491,moderate_friction,synthetic_bootstrap
syn_01061,bootstrap_user_05,research_browsing,research_browsing_041,1977.1,1.492,0.4051,0.131,0.1433,626.1,0.1236,0.5485,0.8685,1,0.2312,True,0.4008,0.5693,0.2254,0.5461,moderate_friction,synthetic_bootstrap
syn_01062,bootstrap_user_06,coding_debugging,coding_debugging_042,1939.5,1.703,0.5068,0.2799,0.3143,824.2,0.2108,0.3689,0.7414,2,0.3902,True,0.5215,0.4716,0.3718,0.6236,high_friction,synthetic_bootstrap
syn_01063,bootstrap_user_07,repetitive_admin,repetitive_admin_043,223.0,3.581,0.163,0.655,0.1547,553.6,0.0753,0.8149,0.283,13,0.9857,True,0.2091,0.7339,0.7096,0.9625,automation_candidate,synthetic_bootstrap
syn_01064,bootstrap_user_08,coding_debugging,coding_debugging_044,1477.0,2.13,0.2177,0.3984,0.1928,535.3,0.0336,0.5062,0.8447,4,0.4096,False,0.3441,0.6454,0.4805,0.661,moderate_friction,synthetic_bootstrap
syn_01065,bootstrap_user_09,repetitive_admin,repetitive_admin_045,626.2,3.554,0.0686,0.693,0.0523,392.7,0.0593,0.7093,0.1346,17,0.879,True,0.2365,0.7333,0.7429,0.9536,automation_candidate,synthetic_bootstrap
syn_01066,bootstrap_user_10,research_browsing,research_browsing_046,1188.4,3.78,0.3015,0.2412,0.1494,1046.8,0.1295,0.7119,0.8395,0,0.2815,True,0.3942,0.5435,0.327,0.5396,moderate_friction,synthetic_bootstrap
syn_01067,bootstrap_user_11,repetitive_admin,repetitive_admin_047,567.2,4.404,0.2172,0.5189,0.032,760.6,0.0803,0.7602,0.2832,8,0.7053,True,0.3149,0.6771,0.5755,0.8923,moderate_friction,synthetic_bootstrap
syn_01068,bootstrap_user_12,coding_debugging,coding_debugging_048,2251.4,1.974,0.3106,0.2643,0.3589,655.9,0.1623,0.6588,0.5913,2,0.3959,True,0.4342,0.6164,0.4,0.643,moderate_friction,synthetic_bootstrap
syn_01069,bootstrap_user_01,deep_work,deep_work_049,1969.5,0.839,0.0,0.2122,0.1144,272.7,0.0912,0.8718,0.7971,2,0.3886,True,0.1555,0.7539,0.3145,0.6165,focused_or_low_friction,synthetic_bootstrap
syn_01070,bootstrap_user_02,support_lookup,support_lookup_050,371.0,2.368,0.2453,0.6223,0.1583,379.5,0.0627,0.6661,0.4077,3,0.8536,True,0.2771,0.6945,0.5432,0.802,focused_or_low_friction,synthetic_bootstrap
syn_01071,bootstrap_user_03,research_browsing,research_browsing_051,1550.1,3.502,0.3526,0.1547,0.1305,664.5,0.1057,0.7368,0.9666,1,0.4,True,0.3805,0.5748,0.3089,0.5765,moderate_friction,synthetic_bootstrap
syn_01072,bootstrap_user_04,coding_debugging,coding_debugging_052,45.0,3.581,0.2036,0.2158,0.278,576.2,0.112,0.6051,0.6483,3,0.4154,False,0.283,0.5859,0.2956,0.6635,focused_or_low_friction,synthetic_bootstrap
syn_01073,bootstrap_user_05,support_lookup,support_lookup_053,196.0,3.216,0.1328,0.6069,0.1051,482.2,0.0291,0.7373,0.5059,1,0.6346,True,0.2577,0.7029,0.433,0.6905,focused_or_low_friction,synthetic_bootstrap
syn_01074,bootstrap_user_06,research_browsing,research_browsing_054,2168.9,2.051,0.3622,0.1658,0.1157,491.8,0.1601,0.6801,0.938,3,0.2989,True,0.4255,0.5608,0.2897,0.5997,moderate_friction,synthetic_bootstrap
syn_01075,bootstrap_user_07,research_browsing,research_browsing_055,585.0,1.41,0.136,0.2902,0.1244,515.1,0.1032,0.5491,0.864,1,0.342,True,0.2333,0.667,0.2723,0.5743,focused_or_low_friction,synthetic_bootstrap
syn_01076,bootstrap_user_08,repetitive_admin,repetitive_admin_056,271.1,4.053,0.1233,0.769,0.0326,485.6,0.1152,0.6263,0.3154,5,1.0,True,0.247,0.624,0.599,0.8946,focused_or_low_friction,synthetic_bootstrap
syn_01077,bootstrap_user_09,support_lookup,support_lookup_057,334.6,2.665,0.0735,0.6211,0.1167,588.4,0.0468,0.752,0.2652,8,0.8114,True,0.2739,0.7796,0.578,0.921,focused_or_low_friction,synthetic_bootstrap
syn_01078,bootstrap_user_10,support_lookup,support_lookup_058,91.2,1.877,0.1659,0.606,0.0557,363.2,0.1057,0.7476,0.2212,5,0.8306,True,0.1541,0.7421,0.5341,0.8636,focused_or_low_friction,synthetic_bootstrap
syn_01079,bootstrap_user_11,coding_debugging,coding_debugging_059,1631.6,1.538,0.3307,0.2394,0.1992,702.8,0.0368,0.7379,0.8752,2,0.3291,True,0.3828,0.6848,0.3259,0.5923,moderate_friction,synthetic_bootstrap
syn_01080,bootstrap_user_12,repetitive_admin,repetitive_admin_060,411.2,2.429,0.1432,0.636,0.0584,366.8,0.0053,0.5549,0.3718,5,1.0,False,0.2055,0.8232,0.6149,0.8879,focused_or_low_friction,synthetic_bootstrap
syn_01081,bootstrap_user_01,repetitive_admin,repetitive_admin_001,323.2,0.618,0.1613,0.7238,0.0973,350.3,0.0157,0.7016,0.3507,7,0.8312,True,0.1586,0.8215,0.6024,0.8932,focused_or_low_friction,synthetic_bootstrap
syn_01082,bootstrap_user_02,research_browsing,research_browsing_002,982.9,2.675,0.4148,0.1555,0.078,778.8,0.0207,0.7301,0.8795,2,0.0,True,0.2745,0.7026,0.2662,0.5095,focused_or_low_friction,synthetic_bootstrap
syn_01083,bootstrap_user_03,research_browsing,research_browsing_003,1544.0,1.677,0.3545,0.159,0.1903,708.4,0.1353,0.5248,0.9126,2,0.4731,True,0.39,0.5729,0.3751,0.6238,moderate_friction,synthetic_bootstrap
syn_01084,bootstrap_user_04,research_browsing,research_browsing_004,1858.4,3.152,0.0529,0.2448,0.0281,657.7,0.1042,0.4099,0.8298,4,0.2625,True,0.4145,0.5928,0.3397,0.626,moderate_friction,synthetic_bootstrap
syn_01085,bootstrap_user_05,research_browsing,research_browsing_005,1468.5,3.529,0.349,0.2771,0.0,461.6,0.1065,0.4582,0.504,1,0.2996,True,0.3149,0.5888,0.3637,0.6069,moderate_friction,synthetic_bootstrap
syn_01086,bootstrap_user_06,coding_debugging,coding_debugging_006,889.1,3.435,0.2863,0.1528,0.1875,724.6,0.1557,0.5194,0.7796,3,0.6991,True,0.3621,0.5341,0.4479,0.7187,moderate_friction,synthetic_bootstrap
syn_01087,bootstrap_user_07,coding_debugging,coding_debugging_007,921.3,1.152,0.339,0.2464,0.1483,846.2,0.0682,0.4433,0.6848,4,0.5891,True,0.345,0.6738,0.4293,0.7251,moderate_friction,synthetic_bootstrap
syn_01088,bootstrap_user_08,coding_debugging,coding_debugging_008,602.7,1.385,0.2132,0.3801,0.4077,499.2,0.1027,0.5657,0.7045,2,0.6168,True,0.3049,0.6594,0.384,0.6847,moderate_friction,synthetic_bootstrap
syn_01089,bootstrap_user_09,support_lookup,support_lookup_009,270.9,5.575,0.2978,0.4708,0.0341,531.2,0.0933,0.696,0.4348,2,0.7328,True,0.3242,0.5601,0.4844,0.746,moderate_friction,synthetic_bootstrap
syn_01090,bootstrap_user_10,support_lookup,support_lookup_010,415.5,4.469,0.059,0.6688,0.203,605.6,0.0955,0.6115,0.2642,6,0.5973,True,0.3538,0.6856,0.5528,0.8226,moderate_friction,synthetic_bootstrap
syn_01091,bootstrap_user_11,repetitive_admin,repetitive_admin_011,188.5,4.626,0.0526,0.7619,0.0977,389.6,0.0265,0.7265,0.185,11,0.9057,True,0.1755,0.8065,0.6667,0.9542,focused_or_low_friction,synthetic_bootstrap
syn_01092,bootstrap_user_12,coding_debugging,coding_debugging_012,404.9,2.126,0.2516,0.3498,0.3646,787.7,0.125,0.663,0.9304,3,0.3246,True,0.2812,0.5915,0.3384,0.607,focused_or_low_friction,synthetic_bootstrap
syn_01093,bootstrap_user_01,repetitive_admin,repetitive_admin_013,510.3,3.499,0.159,0.8524,0.137,438.2,0.0405,0.5318,0.3778,10,0.8722,True,0.3172,0.7008,0.7208,0.9227,automation_candidate,synthetic_bootstrap
syn_01094,bootstrap_user_02,repetitive_admin,repetitive_admin_014,411.6,3.65,0.0511,0.7875,0.0512,290.8,0.0766,0.6504,0.3683,8,0.7281,True,0.2278,0.7094,0.6518,0.8878,focused_or_low_friction,synthetic_bootstrap
syn_01095,bootstrap_user_03,support_lookup,support_lookup_015,409.9,4.541,0.2294,0.6683,0.0929,235.0,0.0664,0.7979,0.4242,3,0.8998,True,0.2467,0.7057,0.5426,0.8115,focused_or_low_friction,synthetic_bootstrap
syn_01096,bootstrap_user_04,support_lookup,support_lookup_016,438.1,5.677,0.1618,0.6797,0.2312,700.0,0.0671,0.9489,0.3729,8,0.6964,True,0.3519,0.6965,0.6355,0.8793,moderate_friction,synthetic_bootstrap
syn_01097,bootstrap_user_05,repetitive_admin,repetitive_admin_017,207.0,3.861,0.0702,0.793,0.1174,328.6,0.0211,0.8789,0.3673,9,0.9775,True,0.1475,0.7687,0.6718,0.9503,focused_or_low_friction,synthetic_bootstrap
syn_01098,bootstrap_user_06,coding_debugging,coding_debugging_018,1447.3,3.451,0.2826,0.3613,0.2786,576.8,0.0347,0.5543,0.5931,6,0.4815,True,0.4157,0.6451,0.4966,0.7542,moderate_friction,synthetic_bootstrap
syn_01099,bootstrap_user_07,research_browsing,research_browsing_019,2349.8,2.842,0.4402,0.2428,0.1653,943.7,0.1101,0.5214,0.7908,1,0.2921,True,0.5177,0.5736,0.3841,0.5706,high_friction,synthetic_bootstrap
syn_01100,bootstrap_user_08,deep_work,deep_work_020,720.2,0.252,0.0622,0.2694,0.0845,185.8,0.0702,0.7242,0.5406,3,0.3078,True,0.1243,0.7823,0.3074,0.6496,focused_or_low_friction,synthetic_bootstrap
syn_01101,bootstrap_user_09,deep_work,deep_work_021,1644.7,0.952,0.1509,0.2258,0.029,627.9,0.099,0.77,0.6982,2,0.3556,True,0.1912,0.7548,0.2819,0.6201,focused_or_low_friction,synthetic_bootstrap
syn_01102,bootstrap_user_10,repetitive_admin,repetitive_admin_022,506.7,3.567,0.1586,0.635,0.1268,366.0,0.0144,0.6415,0.2925,2,1.0,True,0.3013,0.7965,0.573,0.8299,moderate_friction,synthetic_bootstrap
syn_01103,bootstrap_user_11,coding_debugging,coding_debugging_023,708.8,0.0,0.2353,0.4166,0.2172,725.4,0.0723,0.6512,0.8486,0,0.2313,True,0.2796,0.7087,0.3252,0.526,focused_or_low_friction,synthetic_bootstrap
syn_01104,bootstrap_user_12,research_browsing,research_browsing_024,667.5,4.024,0.2139,0.2285,0.0,592.6,0.1468,0.5724,0.9004,3,0.185,True,0.2885,0.5122,0.3039,0.5757,focused_or_low_friction,synthetic_bootstrap
syn_01105,bootstrap_user_01,deep_work,deep_work_025,1382.4,1.154,0.0547,0.1035,0.1253,299.5,0.0445,0.9033,0.6909,0,0.4527,True,0.1,0.7478,0.3219,0.6003,focused_or_low_friction,synthetic_bootstrap
syn_01106,bootstrap_user_02,coding_debugging,coding_debugging_026,713.0,1.081,0.3503,0.3206,0.2213,1017.3,0.2027,0.7581,0.8391,3,0.3579,True,0.3627,0.5402,0.3246,0.6263,moderate_friction,synthetic_bootstrap
syn_01107,bootstrap_user_03,deep_work,deep_work_027,1086.1,0.906,0.0842,0.0978,0.131,262.0,0.0524,0.8824,0.7729,1,0.3778,True,0.1372,0.7807,0.3017,0.5942,focused_or_low_friction,synthetic_bootstrap
syn_01108,bootstrap_user_04,repetitive_admin,repetitive_admin_028,467.6,3.473,0.0553,0.7666,0.102,469.6,0.0284,0.8224,0.1483,6,0.838,True,0.1949,0.821,0.5969,0.8967,focused_or_low_friction,synthetic_bootstrap
syn_01109,bootstrap_user_05,research_browsing,research_browsing_029,1152.7,1.077,0.4037,0.197,0.1063,701.1,0.1402,0.6974,0.6749,3,0.4495,True,0.3081,0.572,0.3352,0.6689,moderate_friction,synthetic_bootstrap
syn_01110,bootstrap_user_06,repetitive_admin,repetitive_admin_030,497.8,4.401,0.1637,0.7109,0.157,510.7,0.0382,0.9364,0.1704,2,0.8263,True,0.2348,0.8028,0.5804,0.8011,focused_or_low_friction,synthetic_bootstrap
syn_01111,bootstrap_user_07,deep_work,deep_work_031,1795.9,0.826,0.0,0.0288,0.0707,298.3,0.0707,0.9323,0.6726,0,0.2548,True,0.1675,0.8074,0.1929,0.553,focused_or_low_friction,synthetic_bootstrap
syn_01112,bootstrap_user_08,support_lookup,support_lookup_032,290.7,4.76,0.182,0.5459,0.0919,404.9,0.0256,0.7966,0.4571,6,0.8252,True,0.3212,0.7364,0.5674,0.8565,moderate_friction,synthetic_bootstrap
syn_01113,bootstrap_user_09,coding_debugging,coding_debugging_033,1117.1,1.809,0.4321,0.3052,0.217,898.0,0.1419,0.3795,0.6278,3,0.1506,True,0.4189,0.5689,0.3588,0.5998,moderate_friction,synthetic_bootstrap
syn_01114,bootstrap_user_10,research_browsing,research_browsing_034,2141.2,3.09,0.1865,0.0754,0.0808,805.7,0.1476,0.6118,0.8438,3,0.309,True,0.3852,0.5532,0.2981,0.6135,moderate_friction,synthetic_bootstrap
syn_01115,bootstrap_user_11,research_browsing,research_browsing_035,1746.4,1.884,0.191,0.0312,0.1297,924.3,0.1555,0.6775,0.8672,3,0.3737,True,0.3543,0.584,0.304,0.6269,moderate_friction,synthetic_bootstrap
syn_01116,bootstrap_user_12,deep_work,deep_work_036,1632.1,0.095,0.0182,0.1684,0.1353,451.7,0.1906,0.7464,0.7245,3,0.4779,False,0.2308,0.657,0.3949,0.67,focused_or_low_friction,synthetic_bootstrap
syn_01117,bootstrap_user_01,deep_work,deep_work_037,2441.6,0.416,0.0961,0.0262,0.1661,490.4,0.134,0.8113,0.4944,4,0.3657,True,0.2537,0.7804,0.3265,0.6921,focused_or_low_friction,synthetic_bootstrap
syn_01118,bootstrap_user_02,coding_debugging,coding_debugging_038,1055.3,2.414,0.1578,0.1709,0.4782,745.6,0.0581,0.5603,0.8273,0,0.4557,True,0.4201,0.668,0.3725,0.5846,moderate_friction,synthetic_bootstrap
syn_01119,bootstrap_user_03,repetitive_admin,repetitive_admin_039,616.0,3.074,0.1755,0.9346,0.0294,455.0,0.0608,0.7493,0.2815,9,0.8852,True,0.2736,0.7461,0.7214,0.9375,automation_candidate,synthetic_bootstrap
syn_01120,bootstrap_user_04,research_browsing,research_browsing_040,1113.8,3.287,0.1565,0.2557,0.1215,901.6,0.0781,0.4803,0.8909,2,0.2757,True,0.3694,0.5643,0.3681,0.577,moderate_friction,synthetic_bootstrap
syn_01121,bootstrap_user_05,coding_debugging,coding_debugging_041,915.3,3.73,0.1333,0.2717,0.2814,266.4,0.1329,0.3984,0.6908,4,0.3458,True,0.3548,0.5367,0.4028,0.6635,moderate_friction,synthetic_bootstrap
syn_01122,bootstrap_user_06,deep_work,deep_work_042,2437.5,0.275,0.057,0.2193,0.0284,769.6,0.0713,0.89,0.7672,1,0.2925,True,0.2258,0.7623,0.2572,0.5736,focused_or_low_friction,synthetic_bootstrap
syn_01123,bootstrap_user_07,research_browsing,research_browsing_043,2092.1,2.192,0.2519,0.1638,0.0921,964.7,0.1057,0.5372,0.7784,1,0.2196,True,0.4508,0.6235,0.2708,0.554,high_friction,synthetic_bootstrap
syn_01124,bootstrap_user_08,deep_work,deep_work_044,2290.8,0.086,0.1488,0.2536,0.2018,632.1,0.0975,0.9233,0.6174,1,0.3423,True,0.2014,0.7609,0.3332,0.604,focused_or_low_friction,synthetic_bootstrap
syn_01125,bootstrap_user_09,support_lookup,support_lookup_045,331.8,3.456,0.2336,0.7979,0.17,583.6,0.0573,0.8336,0.3617,9,0.9858,True,0.2658,0.7146,0.6877,0.9531,automation_candidate,synthetic_bootstrap
syn_01126,bootstrap_user_10,support_lookup,support_lookup_046,330.9,4.834,0.3566,0.6766,0.0936,316.0,0.0954,0.6594,0.1943,7,0.6904,True,0.3248,0.6266,0.5801,0.8768,moderate_friction,synthetic_bootstrap
syn_01127,bootstrap_user_11,support_lookup,support_lookup_047,185.6,3.439,0.0994,0.5572,0.0653,625.6,0.066,0.7795,0.5675,9,0.835,True,0.2405,0.7065,0.557,0.8906,focused_or_low_friction,synthetic_bootstrap
syn_01128,bootstrap_user_12,coding_debugging,coding_debugging_048,640.2,2.955,0.2766,0.385,0.3915,617.3,0.1623,0.3283,0.913,0,0.4893,True,0.4409,0.4662,0.3027,0.5828,high_friction,synthetic_bootstrap
syn_01129,bootstrap_user_01,coding_debugging,coding_debugging_049,952.7,2.003,0.0546,0.2445,0.1924,948.8,0.0877,0.8257,0.6944,3,0.3902,True,0.2655,0.7333,0.393,0.6517,focused_or_low_friction,synthetic_bootstrap
syn_01130,bootstrap_user_02,research_browsing,research_browsing_050,1203.4,1.398,0.278,0.2136,0.1422,589.7,0.0258,0.6441,0.7993,3,0.3034,True,0.2851,0.71,0.3176,0.6174,focused_or_low_friction,synthetic_bootstrap
syn_01131,bootstrap_user_03,research_browsing,research_browsing_051,1301.1,1.988,0.1994,0.3352,0.1521,717.8,0.1876,0.481,0.9992,1,0.5405,True,0.3305,0.5272,0.3697,0.6077,moderate_friction,synthetic_bootstrap
syn_01132,bootstrap_user_04,support_lookup,support_lookup_052,203.2,4.93,0.0994,0.6853,0.063,551.9,0.1001,0.6987,0.3204,8,0.6494,True,0.2492,0.6697,0.5811,0.8739,focused_or_low_friction,synthetic_bootstrap
syn_01133,bootstrap_user_05,deep_work,deep_work_053,2067.6,0.788,0.0406,0.269,0.0551,525.4,0.0755,0.865,0.6195,3,0.5154,True,0.1791,0.7746,0.4678,0.692,focused_or_low_friction,synthetic_bootstrap
syn_01134,bootstrap_user_06,coding_debugging,coding_debugging_054,653.8,2.993,0.3166,0.2337,0.3185,647.3,0.1214,0.6449,0.9878,4,0.4922,False,0.4033,0.5335,0.3666,0.6645,moderate_friction,synthetic_bootstrap
syn_01135,bootstrap_user_07,research_browsing,research_browsing_055,396.4,3.615,0.2963,0.1004,0.1718,491.8,0.0929,0.5943,0.9275,1,0.3349,True,0.3485,0.577,0.2384,0.5649,moderate_friction,synthetic_bootstrap
syn_01136,bootstrap_user_08,repetitive_admin,repetitive_admin_056,534.2,2.645,0.2213,0.7067,0.0702,555.2,0.0311,0.7688,0.2077,18,1.0,True,0.2597,0.8001,0.7392,0.9751,automation_candidate,synthetic_bootstrap
syn_01137,bootstrap_user_09,support_lookup,support_lookup_057,272.0,4.251,0.0583,0.6542,0.1079,576.2,0.0577,0.624,0.4562,8,0.9296,True,0.2751,0.6969,0.5703,0.9277,focused_or_low_friction,synthetic_bootstrap
syn_01138,bootstrap_user_10,support_lookup,support_lookup_058,470.4,4.629,0.3548,0.507,0.0541,585.8,0.0709,0.6938,0.3804,5,0.6415,True,0.3441,0.6251,0.5004,0.7972,moderate_friction,synthetic_bootstrap
syn_01139,bootstrap_user_11,deep_work,deep_work_059,2015.3,1.694,0.129,0.2647,0.1227,516.0,0.1802,0.7142,0.6387,1,0.4572,True,0.2875,0.6285,0.3853,0.6302,focused_or_low_friction,synthetic_bootstrap
syn_01140,bootstrap_user_12,coding_debugging,coding_debugging_060,1457.9,3.584,0.2746,0.293,0.2263,529.2,0.1882,0.5207,0.7841,3,0.5845,True,0.4439,0.4833,0.4285,0.6895,high_friction,synthetic_bootstrap
syn_01141,bootstrap_user_01,repetitive_admin,repetitive_admin_001,382.4,4.237,0.1639,0.7046,0.0344,241.1,0.0726,0.625,0.2682,19,0.8968,True,0.2073,0.6627,0.7316,0.942,automation_candidate,synthetic_bootstrap
syn_01142,bootstrap_user_02,coding_debugging,coding_debugging_002,972.9,3.256,0.2957,0.5956,0.2528,881.2,0.0603,0.7345,0.7741,1,0.3896,True,0.3849,0.6292,0.4363,0.597,moderate_friction,synthetic_bootstrap
syn_01143,bootstrap_user_03,research_browsing,research_browsing_003,2310.7,2.926,0.2455,0.2702,0.0384,465.3,0.0988,0.7366,0.8896,3,0.2953,True,0.3429,0.6292,0.3732,0.6046,moderate_friction,synthetic_bootstrap
syn_01144,bootstrap_user_04,research_browsing,research_browsing_004,2248.4,3.048,0.1964,0.2916,0.1736,552.5,0.0597,0.7383,0.6767,0,0.2798,True,0.3171,0.6924,0.3379,0.5588,moderate_friction,synthetic_bootstrap
syn_01145,bootstrap_user_05,support_lookup,support_lookup_005,212.0,6.74,0.2144,0.7667,0.0372,256.3,0.0738,0.8455,0.2489,7,0.6665,True,0.2525,0.6444,0.571,0.8643,focused_or_low_friction,synthetic_bootstrap
syn_01146,bootstrap_user_06,repetitive_admin,repetitive_admin_006,220.8,1.314,0.1486,0.7917,0.1037,261.8,0.0802,0.8036,0.2807,7,0.8081,True,0.1872,0.8149,0.5831,0.8958,focused_or_low_friction,synthetic_bootstrap
syn_01147,bootstrap_user_07,coding_debugging,coding_debugging_007,1342.4,1.209,0.3603,0.1569,0.369,1552.0,0.0715,0.9315,0.7691,1,0.3086,True,0.4076,0.7187,0.2997,0.5774,moderate_friction,synthetic_bootstrap
syn_01148,bootstrap_user_08,coding_debugging,coding_debugging_008,1293.8,2.192,0.318,0.4174,0.1872,947.6,0.0964,0.5551,0.8272,0,0.0887,True,0.3953,0.5799,0.2581,0.4929,moderate_friction,synthetic_bootstrap
syn_01149,bootstrap_user_09,support_lookup,support_lookup_009,453.1,4.856,0.1816,0.9054,0.1611,838.5,0.0246,0.5383,0.4279,8,0.915,False,0.4218,0.6951,0.7405,0.9274,automation_candidate,synthetic_bootstrap
syn_01150,bootstrap_user_10,research_browsing,research_browsing_010,1146.7,3.57,0.1502,0.1566,0.0479,483.1,0.098,0.5211,0.7393,0,0.5353,True,0.304,0.5579,0.3803,0.6151,moderate_friction,synthetic_bootstrap
syn_01151,bootstrap_user_11,deep_work,deep_work_011,1883.6,0.6,0.0582,0.2196,0.0,301.6,0.0752,0.8096,0.9305,1,0.4688,True,0.1802,0.7167,0.2825,0.598,focused_or_low_friction,synthetic_bootstrap
syn_01152,bootstrap_user_12,research_browsing,research_browsing_012,1722.7,4.81,0.2691,0.2787,0.2296,834.2,0.055,0.5861,0.9096,2,0.4807,True,0.4373,0.5668,0.4085,0.626,moderate_friction,synthetic_bootstrap
syn_01153,bootstrap_user_01,deep_work,deep_work_013,1906.2,0.076,0.0579,0.0513,0.0696,306.9,0.1205,0.9019,0.736,0,0.3382,False,0.1505,0.7594,0.2681,0.5662,focused_or_low_friction,synthetic_bootstrap
syn_01154,bootstrap_user_02,deep_work,deep_work_014,2036.4,1.366,0.093,0.1313,0.1337,613.2,0.059,0.8503,0.6506,0,0.4028,True,0.2224,0.7396,0.2831,0.5926,focused_or_low_friction,synthetic_bootstrap
syn_01155,bootstrap_user_03,support_lookup,support_lookup_015,216.6,5.742,0.1373,0.4803,0.1282,480.9,0.0837,0.5588,0.3832,14,0.7661,True,0.2673,0.5917,0.6258,0.8955,focused_or_low_friction,synthetic_bootstrap
syn_01156,bootstrap_user_04,deep_work,deep_work_016,1635.1,1.076,0.1012,0.0446,0.1408,226.3,0.0494,0.8384,0.8367,0,0.3677,True,0.1836,0.7803,0.2442,0.5615,focused_or_low_friction,synthetic_bootstrap
syn_01157,bootstrap_user_05,deep_work,deep_work_017,2305.9,1.399,0.1692,0.1902,0.0979,364.6,0.0216,0.7978,0.6912,1,0.4217,False,0.2037,0.8217,0.3548,0.615,focused_or_low_friction,synthetic_bootstrap
syn_01158,bootstrap_user_06,deep_work,deep_work_018,2108.1,0.976,0.0617,0.0097,0.1129,80.0,0.067,0.8197,0.6353,4,0.5689,True,0.1377,0.812,0.3788,0.726,focused_or_low_friction,synthetic_bootstrap
syn_01159,bootstrap_user_07,support_lookup,support_lookup_019,165.8,4.339,0.2567,0.5421,0.117,577.0,0.027,0.633,0.2472,9,0.6992,True,0.2267,0.7004,0.5294,0.8951,focused_or_low_friction,synthetic_bootstrap
syn_01160,bootstrap_user_08,coding_debugging,coding_debugging_020,969.7,2.362,0.3201,0.0628,0.2831,584.9,0.1267,0.5806,0.7119,1,0.6615,True,0.3432,0.5966,0.3636,0.6724,moderate_friction,synthetic_bootstrap
syn_01161,bootstrap_user_09,deep_work,deep_work_021,1418.0,0.0,0.0454,0.0732,0.174,857.6,0.078,0.7076,0.7538,1,0.2841,True,0.2083,0.7465,0.2231,0.5731,focused_or_low_friction,synthetic_bootstrap
syn_01162,bootstrap_user_10,coding_debugging,coding_debugging_022,784.1,3.118,0.2763,0.2525,0.0768,1026.4,0.0657,0.7336,0.7354,2,0.1851,True,0.3359,0.679,0.3495,0.573,moderate_friction,synthetic_bootstrap
syn_01163,bootstrap_user_11,research_browsing,research_browsing_023,1462.0,4.488,0.1769,0.239,0.0685,539.2,0.1149,0.4279,0.8264,1,0.0615,True,0.3615,0.5357,0.2883,0.5087,moderate_friction,synthetic_bootstrap
syn_01164,bootstrap_user_12,deep_work,deep_work_024,2523.7,1.034,0.0523,0.1453,0.0726,537.8,0.0824,0.7697,0.6809,2,0.2292,True,0.1843,0.7643,0.3002,0.5906,focused_or_low_friction,synthetic_bootstrap
syn_01165,bootstrap_user_01,deep_work,deep_work_025,2614.6,0.298,0.1367,0.2249,0.0809,382.2,0.0366,0.7123,0.6049,0,0.5415,True,0.2102,0.8074,0.3537,0.6328,focused_or_low_friction,synthetic_bootstrap
syn_01166,bootstrap_user_02,research_browsing,research_browsing_026,1572.6,4.041,0.1799,0.187,0.0853,936.6,0.215,0.4367,0.6375,2,0.4284,True,0.447,0.4911,0.417,0.6456,high_friction,synthetic_bootstrap
syn_01167,bootstrap_user_03,research_browsing,research_browsing_027,2082.4,3.969,0.1046,0.1793,0.115,628.0,0.1081,0.7681,0.7395,3,0.338,True,0.3199,0.5876,0.3738,0.6333,moderate_friction,synthetic_bootstrap
syn_01168,bootstrap_user_04,support_lookup,support_lookup_028,253.7,3.309,0.0299,0.6763,0.1013,391.5,0.0311,0.6361,0.4117,6,0.6711,True,0.247,0.7491,0.5313,0.8234,focused_or_low_friction,synthetic_bootstrap
syn_01169,bootstrap_user_05,coding_debugging,coding_debugging_029,953.4,1.399,0.1785,0.0738,0.4181,900.2,0.1041,0.6425,0.754,1,0.3745,True,0.4122,0.6837,0.3088,0.5956,moderate_friction,synthetic_bootstrap
syn_01170,bootstrap_user_06,deep_work,deep_work_030,2483.0,1.358,0.011,0.1322,0.0892,560.1,0.071,0.8121,0.6339,3,0.1768,True,0.1668,0.7429,0.3031,0.6056,focused_or_low_friction,synthetic_bootstrap
syn_01171,bootstrap_user_07,repetitive_admin,repetitive_admin_031,470.4,2.887,0.1874,0.8825,0.0772,412.6,0.0364,0.7964,0.1606,15,0.9512,True,0.1938,0.8123,0.77,0.9685,automation_candidate,synthetic_bootstrap
syn_01172,bootstrap_user_08,coding_debugging,coding_debugging_032,1345.1,1.877,0.4477,0.2408,0.5421,936.7,0.0325,0.8395,0.8299,3,0.5105,True,0.3705,0.7133,0.4469,0.6655,moderate_friction,synthetic_bootstrap
syn_01173,bootstrap_user_09,repetitive_admin,repetitive_admin_033,479.4,4.909,0.1993,0.7225,0.1274,577.9,0.0476,0.7208,0.294,0,0.8824,True,0.3036,0.7094,0.5561,0.7553,moderate_friction,synthetic_bootstrap
syn_01174,bootstrap_user_10,coding_debugging,coding_debugging_034,201.3,3.696,0.2395,0.1782,0.4358,1034.5,0.1137,0.6946,0.6045,2,0.6013,False,0.3556,0.6175,0.3332,0.6928,moderate_friction,synthetic_bootstrap
syn_01175,bootstrap_user_11,support_lookup,support_lookup_035,324.8,2.646,0.0,0.7398,0.0559,410.2,0.0,0.7623,0.3985,7,0.8203,True,0.1685,0.8156,0.5765,0.8848,focused_or_low_friction,synthetic_bootstrap
syn_01176,bootstrap_user_12,coding_debugging,coding_debugging_036,977.8,2.422,0.3907,0.092,0.2991,965.0,0.0538,0.5888,0.7667,3,0.5144,True,0.3815,0.6257,0.3782,0.6741,moderate_friction,synthetic_bootstrap
syn_01177,bootstrap_user_01,support_lookup,support_lookup_037,270.0,3.109,0.2266,0.7848,0.077,389.0,0.0371,0.4921,0.5805,5,0.7042,True,0.2777,0.6612,0.5703,0.7889,focused_or_low_friction,synthetic_bootstrap
syn_01178,bootstrap_user_02,repetitive_admin,repetitive_admin_038,232.7,1.661,0.1531,0.7071,0.0711,452.8,0.0541,0.7358,0.1394,1,0.804,True,0.1685,0.7805,0.4808,0.7768,focused_or_low_friction,synthetic_bootstrap
syn_01179,bootstrap_user_03,repetitive_admin,repetitive_admin_039,394.0,3.16,0.1439,0.6808,0.0533,541.8,0.0404,0.8677,0.2475,8,0.8489,True,0.1895,0.799,0.6672,0.9325,focused_or_low_friction,synthetic_bootstrap
syn_01180,bootstrap_user_04,repetitive_admin,repetitive_admin_040,577.3,4.256,0.0395,0.5784,0.0887,480.2,0.0344,0.6772,0.4194,11,0.9446,True,0.2607,0.7432,0.6886,0.9358,automation_candidate,synthetic_bootstrap
syn_01181,bootstrap_user_05,coding_debugging,coding_debugging_041,825.1,1.378,0.2238,0.3275,0.149,943.6,0.0646,0.5869,0.7054,2,0.3798,True,0.2881,0.721,0.3615,0.6253,focused_or_low_friction,synthetic_bootstrap
syn_01182,bootstrap_user_06,deep_work,deep_work_042,1737.0,0.51,0.0596,0.0987,0.1283,314.4,0.0,0.8247,0.6521,1,0.4594,True,0.1769,0.8711,0.2957,0.6291,focused_or_low_friction,synthetic_bootstrap
syn_01183,bootstrap_user_07,deep_work,deep_work_043,1574.6,1.027,0.1066,0.0993,0.0092,830.5,0.1182,0.8325,0.6976,2,0.4389,True,0.2076,0.7013,0.3124,0.641,focused_or_low_friction,synthetic_bootstrap
syn_01184,bootstrap_user_08,deep_work,deep_work_044,2185.4,0.0,0.0125,0.0955,0.0977,599.8,0.1453,0.7971,0.763,2,0.415,True,0.204,0.6852,0.2717,0.6272,focused_or_low_friction,synthetic_bootstrap
syn_01185,bootstrap_user_09,deep_work,deep_work_045,1973.5,0.776,0.0592,0.2032,0.08,285.6,0.0693,0.8857,0.5776,2,0.3433,True,0.1398,0.7661,0.3354,0.6315,focused_or_low_friction,synthetic_bootstrap
syn_01186,bootstrap_user_10,research_browsing,research_browsing_046,667.6,4.18,0.2117,0.1343,0.158,423.0,0.0726,0.3605,0.9048,4,0.0992,True,0.3365,0.5301,0.2699,0.5762,moderate_friction,synthetic_bootstrap
syn_01187,bootstrap_user_11,repetitive_admin,repetitive_admin_047,402.4,3.608,0.0623,0.7431,0.0354,326.5,0.0,0.7036,0.2227,12,0.8553,True,0.1814,0.7646,0.6625,0.9371,focused_or_low_friction,synthetic_bootstrap
syn_01188,bootstrap_user_12,research_browsing,research_browsing_048,1190.7,3.306,0.1989,0.1109,0.088,578.0,0.149,0.6668,0.7557,2,0.3331,True,0.3537,0.5686,0.3481,0.6076,moderate_friction,synthetic_bootstrap
syn_01189,bootstrap_user_01,deep_work,deep_work_049,1220.0,0.513,0.0,0.1621,0.1224,80.0,0.0875,0.8683,0.7347,0,0.4428,True,0.1322,0.7644,0.3112,0.5925,focused_or_low_friction,synthetic_bootstrap
syn_01190,bootstrap_user_02,coding_debugging,coding_debugging_050,1599.2,2.016,0.3113,0.365,0.2867,487.4,0.1338,0.7678,0.8489,4,0.0918,True,0.3542,0.6121,0.3931,0.5811,moderate_friction,synthetic_bootstrap
syn_01191,bootstrap_user_03,support_lookup,support_lookup_051,151.9,6.991,0.1494,0.5203,0.1523,686.4,0.0795,0.5831,0.4152,3,0.7103,True,0.3169,0.5978,0.4647,0.7652,moderate_friction,synthetic_bootstrap
syn_01192,bootstrap_user_04,repetitive_admin,repetitive_admin_052,386.9,2.32,0.1823,0.6401,0.1257,518.9,0.0366,0.7427,0.2326,10,0.8444,True,0.218,0.7677,0.6419,0.9332,focused_or_low_friction,synthetic_bootstrap
syn_01193,bootstrap_user_05,research_browsing,research_browsing_053,1674.8,3.152,0.3056,0.1498,0.077,404.2,0.0897,0.8159,0.822,1,0.1793,True,0.2854,0.6513,0.2616,0.5387,focused_or_low_friction,synthetic_bootstrap
syn_01194,bootstrap_user_06,research_browsing,research_browsing_054,870.9,2.067,0.2785,0.1735,0.0686,582.2,0.2203,0.7264,0.9175,0,0.2819,False,0.3161,0.5328,0.2707,0.5304,moderate_friction,synthetic_bootstrap
syn_01195,bootstrap_user_07,research_browsing,research_browsing_055,913.8,2.273,0.2759,0.2376,0.107,678.6,0.1125,0.6123,0.8573,2,0.3028,True,0.3048,0.5839,0.3068,0.5878,moderate_friction,synthetic_bootstrap
syn_01196,bootstrap_user_08,repetitive_admin,repetitive_admin_056,501.6,2.487,0.1688,0.7138,0.1128,462.8,0.0753,0.6971,0.3209,11,0.7359,True,0.3124,0.7562,0.6839,0.8955,automation_candidate,synthetic_bootstrap
syn_01197,bootstrap_user_09,repetitive_admin,repetitive_admin_057,508.3,2.877,0.1134,0.8357,0.0411,242.1,0.0381,0.7991,0.1934,7,0.8515,True,0.1258,0.7857,0.677,0.9172,focused_or_low_friction,synthetic_bootstrap
syn_01198,bootstrap_user_10,coding_debugging,coding_debugging_058,1318.8,2.645,0.3471,0.1774,0.2159,877.5,0.0894,0.7098,0.7581,4,0.3548,True,0.433,0.6373,0.3836,0.6577,moderate_friction,synthetic_bootstrap
syn_01199,bootstrap_user_11,repetitive_admin,repetitive_admin_059,280.4,4.094,0.1877,0.6607,0.1034,416.5,0.0617,0.8131,0.3319,7,0.9267,True,0.2025,0.7233,0.5709,0.9193,focused_or_low_friction,synthetic_bootstrap
syn_01200,bootstrap_user_12,coding_debugging,coding_debugging_060,1362.6,3.301,0.2517,0.2533,0.278,680.2,0.1116,0.5237,0.6965,1,0.5025,True,0.3899,0.5837,0.3873,0.6345,moderate_friction,synthetic_bootstrap
syn_01201,bootstrap_user_01,support_lookup,support_lookup_001,374.4,3.771,0.2308,0.5283,0.1507,706.7,0.0925,0.8071,0.3922,10,0.9524,True,0.3197,0.6576,0.6676,0.941,moderate_friction,synthetic_bootstrap
syn_01202,bootstrap_user_02,support_lookup,support_lookup_002,109.1,2.164,0.0922,0.394,0.1236,324.8,0.0093,0.6558,0.3619,1,0.7186,True,0.1588,0.7985,0.397,0.7287,focused_or_low_friction,synthetic_bootstrap
syn_01203,bootstrap_user_03,research_browsing,research_browsing_003,2423.3,2.655,0.101,0.1612,0.1097,638.3,0.1405,0.8454,0.663,1,0.4849,True,0.3439,0.6647,0.383,0.6342,moderate_friction,synthetic_bootstrap
syn_01204,bootstrap_user_04,coding_debugging,coding_debugging_004,1961.0,2.5,0.088,0.17,0.5186,412.3,0.1248,0.3334,0.5849,4,0.425,True,0.4092,0.5527,0.4327,0.6961,moderate_friction,synthetic_bootstrap
syn_01205,bootstrap_user_05,deep_work,deep_work_005,1658.4,0.115,0.0815,0.1965,0.08,470.9,0.0815,0.7635,0.6854,2,0.4742,True,0.1569,0.776,0.3562,0.6513,focused_or_low_friction,synthetic_bootstrap
syn_01206,bootstrap_user_06,deep_work,deep_work_006,1445.1,0.591,0.114,0.2602,0.0,745.2,0.1266,0.8359,0.6559,2,0.2731,True,0.1574,0.6855,0.3769,0.6046,focused_or_low_friction,synthetic_bootstrap
syn_01207,bootstrap_user_07,coding_debugging,coding_debugging_007,1128.4,2.383,0.2766,0.1572,0.2693,803.7,0.0902,0.5273,0.7679,3,0.475,True,0.3747,0.6128,0.4144,0.6641,moderate_friction,synthetic_bootstrap
syn_01208,bootstrap_user_08,support_lookup,support_lookup_008,165.6,2.052,0.2244,0.5382,0.0561,679.3,0.0557,0.5336,0.5728,2,0.7813,True,0.2654,0.6821,0.4389,0.7416,focused_or_low_friction,synthetic_bootstrap
syn_01209,bootstrap_user_09,repetitive_admin,repetitive_admin_009,417.4,4.551,0.0942,0.5275,0.0895,347.2,0.0,0.645,0.2063,14,0.9166,True,0.2375,0.7289,0.6741,0.9544,focused_or_low_friction,synthetic_bootstrap
syn_01210,bootstrap_user_10,support_lookup,support_lookup_010,300.1,4.498,0.1369,0.615,0.1269,518.3,0.0858,0.6919,0.4162,12,0.8728,True,0.2836,0.6281,0.6649,0.9182,focused_or_low_friction,synthetic_bootstrap
syn_01211,bootstrap_user_11,coding_debugging,coding_debugging_011,998.5,3.513,0.1557,0.2321,0.3405,806.0,0.0914,0.6494,0.8279,5,0.4246,True,0.4022,0.5886,0.4705,0.6893,moderate_friction,synthetic_bootstrap
syn_01212,bootstrap_user_12,research_browsing,research_browsing_012,2022.1,4.638,0.2817,0.011,0.048,717.5,0.0762,0.5422,0.849,2,0.1537,True,0.4289,0.5527,0.2757,0.5515,moderate_friction,synthetic_bootstrap
syn_01213,bootstrap_user_01,support_lookup,support_lookup_013,269.5,5.898,0.1921,0.7921,0.0163,602.7,0.0481,0.5741,0.4874,9,0.5894,True,0.3416,0.6058,0.5817,0.8388,moderate_friction,synthetic_bootstrap
syn_01214,bootstrap_user_02,repetitive_admin,repetitive_admin_014,181.4,2.862,0.1094,0.8156,0.0908,242.2,0.0572,0.7171,0.1865,2,0.91,True,0.1774,0.7603,0.5637,0.8201,focused_or_low_friction,synthetic_bootstrap
syn_01215,bootstrap_user_03,repetitive_admin,repetitive_admin_015,213.7,2.213,0.122,0.7515,0.0148,242.5,0.039,0.8263,0.1987,9,0.8796,True,0.1282,0.7998,0.618,0.9461,focused_or_low_friction,synthetic_bootstrap
syn_01216,bootstrap_user_04,support_lookup,support_lookup_016,403.4,6.106,0.2474,0.7631,0.0187,349.2,0.0507,0.9016,0.3256,9,0.8278,True,0.3005,0.6651,0.6148,0.9179,moderate_friction,synthetic_bootstrap
syn_01217,bootstrap_user_05,repetitive_admin,repetitive_admin_017,612.3,2.584,0.008,0.7726,0.0968,479.8,0.0835,0.6573,0.1925,7,0.9257,True,0.2536,0.7751,0.7088,0.9358,automation_candidate,synthetic_bootstrap
syn_01218,bootstrap_user_06,support_lookup,support_lookup_018,330.9,5.576,0.0,0.8298,0.1265,760.2,0.0248,0.4846,0.5565,4,0.7589,True,0.3702,0.6679,0.5866,0.7829,moderate_friction,synthetic_bootstrap
syn_01219,bootstrap_user_07,coding_debugging,coding_debugging_019,625.6,2.836,0.3595,0.0585,0.4419,133.4,0.1517,0.5402,0.7906,3,0.4148,True,0.3426,0.548,0.3675,0.6463,moderate_friction,synthetic_bootstrap
syn_01220,bootstrap_user_08,deep_work,deep_work_020,1129.4,0.0,0.0592,0.1113,0.0711,283.2,0.1149,0.7095,0.7251,2,0.388,True,0.179,0.7219,0.2908,0.625,focused_or_low_friction,synthetic_bootstrap
syn_01221,bootstrap_user_09,deep_work,deep_work_021,2043.2,1.07,0.1245,0.013,0.0808,258.2,0.1024,0.8781,0.6526,1,0.4216,True,0.215,0.773,0.3094,0.6196,focused_or_low_friction,synthetic_bootstrap
syn_01222,bootstrap_user_10,repetitive_admin,repetitive_admin_022,454.9,5.026,0.1344,0.6625,0.053,288.5,0.0498,0.7817,0.1385,6,0.877,True,0.2261,0.7434,0.6057,0.9076,focused_or_low_friction,synthetic_bootstrap
syn_01223,bootstrap_user_11,research_browsing,research_browsing_023,894.1,2.933,0.2659,0.1985,0.0576,598.0,0.1856,0.6453,0.787,1,0.2144,True,0.3181,0.5392,0.3005,0.5517,moderate_friction,synthetic_bootstrap
syn_01224,bootstrap_user_12,coding_debugging,coding_debugging_024,933.4,1.74,0.5052,0.1844,0.1708,353.9,0.0823,0.7134,0.6624,5,0.419,True,0.2771,0.6508,0.4002,0.7078,focused_or_low_friction,synthetic_bootstrap
syn_01225,bootstrap_user_01,deep_work,deep_work_025,2041.3,0.719,0.0946,0.1971,0.019,388.6,0.0593,0.7824,0.7207,1,0.1094,True,0.1504,0.7749,0.2692,0.5334,focused_or_low_friction,synthetic_bootstrap
syn_01226,bootstrap_user_02,research_browsing,research_browsing_026,262.6,2.148,0.2518,0.0673,0.1391,880.8,0.1019,0.4871,0.6152,3,0.5403,True,0.3163,0.6078,0.3002,0.6988,moderate_friction,synthetic_bootstrap
syn_01227,bootstrap_user_03,support_lookup,support_lookup_027,247.3,4.874,0.2042,0.6321,0.1614,711.8,0.0443,0.5677,0.0851,5,0.6807,True,0.3052,0.7053,0.5704,0.8425,moderate_friction,synthetic_bootstrap
syn_01228,bootstrap_user_04,support_lookup,support_lookup_028,299.7,4.16,0.3149,0.716,0.0892,453.2,0.0837,0.6803,0.2367,9,0.9157,True,0.3428,0.718,0.71,0.9505,automation_candidate,synthetic_bootstrap
syn_01229,bootstrap_user_05,research_browsing,research_browsing_029,1520.3,2.771,0.0553,0.1809,0.126,659.6,0.0156,0.5456,0.8516,1,0.3199,True,0.3267,0.7273,0.2983,0.5703,moderate_friction,synthetic_bootstrap
syn_01230,bootstrap_user_06,deep_work,deep_work_030,1891.9,0.897,0.1125,0.193,0.1613,80.0,0.0967,0.859,0.6565,0,0.3427,True,0.2135,0.7527,0.2799,0.5769,focused_or_low_friction,synthetic_bootstrap
syn_01231,bootstrap_user_07,repetitive_admin,repetitive_admin_031,112.1,3.791,0.1618,0.6941,0.1041,334.7,0.082,0.8293,0.1161,2,1.0,True,0.155,0.7187,0.5598,0.8511,focused_or_low_friction,synthetic_bootstrap
syn_01232,bootstrap_user_08,support_lookup,support_lookup_032,145.8,3.92,0.1762,0.6082,0.1663,850.3,0.0456,0.5469,0.4028,11,0.7497,True,0.2812,0.6869,0.571,0.8891,focused_or_low_friction,synthetic_bootstrap
syn_01233,bootstrap_user_09,repetitive_admin,repetitive_admin_033,421.6,3.084,0.1565,0.9334,0.0644,120.0,0.0439,0.7669,0.3002,7,0.979,True,0.1857,0.7528,0.6616,0.9362,focused_or_low_friction,synthetic_bootstrap
syn_01234,bootstrap_user_10,coding_debugging,coding_debugging_034,1248.2,2.421,0.1635,0.2356,0.2856,617.6,0.0603,0.6546,0.6974,2,0.2994,True,0.3441,0.6942,0.3444,0.6062,moderate_friction,synthetic_bootstrap
syn_01235,bootstrap_user_11,repetitive_admin,repetitive_admin_035,466.3,4.564,0.1494,0.7512,0.1055,359.5,0.0555,0.696,0.1249,9,0.8877,True,0.2787,0.7162,0.6632,0.9569,focused_or_low_friction,synthetic_bootstrap
syn_01236,bootstrap_user_12,deep_work,deep_work_036,1451.4,0.107,0.0969,0.0898,0.1392,623.5,0.043,0.7554,0.7334,2,0.1085,True,0.131,0.7796,0.2644,0.5541,focused_or_low_friction,synthetic_bootstrap
syn_01237,bootstrap_user_01,repetitive_admin,repetitive_admin_037,871.5,2.961,0.0452,0.6584,0.0826,292.9,0.0223,0.7016,0.3196,7,0.7895,True,0.2374,0.7703,0.6405,0.8865,focused_or_low_friction,synthetic_bootstrap
syn_01238,bootstrap_user_02,support_lookup,support_lookup_038,324.4,4.024,0.0397,0.7532,0.1308,271.0,0.049,0.5808,0.4345,5,0.7827,True,0.2287,0.7248,0.5923,0.826,focused_or_low_friction,synthetic_bootstrap
syn_01239,bootstrap_user_03,deep_work,deep_work_039,1426.3,0.886,0.1287,0.1545,0.1678,975.2,0.075,0.7734,0.5811,0,0.4998,True,0.2633,0.7822,0.304,0.6252,focused_or_low_friction,synthetic_bootstrap
syn_01240,bootstrap_user_04,deep_work,deep_work_040,1334.6,1.585,0.0765,0.0972,0.0377,424.5,0.1403,0.8748,0.6982,3,0.5175,True,0.2452,0.6795,0.3829,0.6831,focused_or_low_friction,synthetic_bootstrap
syn_01241,bootstrap_user_05,research_browsing,research_browsing_041,1153.5,3.993,0.1976,0.2169,0.2195,859.4,0.1338,0.487,0.8151,1,0.4064,True,0.3926,0.5571,0.3946,0.5963,moderate_friction,synthetic_bootstrap
syn_01242,bootstrap_user_06,repetitive_admin,repetitive_admin_042,442.4,3.766,0.0847,0.6873,0.0369,317.8,0.0469,0.5906,0.3377,12,0.8594,True,0.2271,0.6894,0.6824,0.9243,automation_candidate,synthetic_bootstrap
syn_01243,bootstrap_user_07,repetitive_admin,repetitive_admin_043,637.8,0.766,0.071,0.8195,0.0519,278.8,0.111,0.7741,0.3734,10,0.8729,True,0.2566,0.733,0.6991,0.9234,automation_candidate,synthetic_bootstrap
syn_01244,bootstrap_user_08,deep_work,deep_work_044,1778.4,0.607,0.1291,0.1706,0.1863,648.0,0.1346,0.7241,0.5994,1,0.5088,False,0.223,0.6764,0.4177,0.6478,focused_or_low_friction,synthetic_bootstrap
syn_01245,bootstrap_user_09,repetitive_admin,repetitive_admin_045,398.7,3.73,0.0516,0.8351,0.0091,252.7,0.0281,0.7597,0.2007,14,0.9003,True,0.1931,0.7833,0.7314,0.951,automation_candidate,synthetic_bootstrap
syn_01246,bootstrap_user_10,repetitive_admin,repetitive_admin_046,554.4,0.747,0.1641,0.6344,0.0514,634.6,0.0341,0.826,0.3079,10,0.84,True,0.2487,0.8694,0.6269,0.923,focused_or_low_friction,synthetic_bootstrap
syn_01247,bootstrap_user_11,coding_debugging,coding_debugging_047,629.4,1.674,0.388,0.3579,0.3555,359.6,0.1377,0.7534,0.7374,5,0.2351,True,0.272,0.6437,0.3815,0.6528,focused_or_low_friction,synthetic_bootstrap
syn_01248,bootstrap_user_12,repetitive_admin,repetitive_admin_048,690.2,3.7,0.0958,0.6611,0.07,313.6,0.0904,0.8548,0.1303,8,0.865,True,0.26,0.7834,0.7083,0.9506,automation_candidate,synthetic_bootstrap
syn_01249,bootstrap_user_01,research_browsing,research_browsing_049,2023.5,2.21,0.2233,0.1187,0.112,722.5,0.158,0.7376,0.8551,1,0.1377,True,0.4058,0.5852,0.2072,0.5243,moderate_friction,synthetic_bootstrap
syn_01250,bootstrap_user_02,research_browsing,research_browsing_050,2392.4,3.538,0.2354,0.0866,0.1008,801.1,0.1352,0.4984,0.7954,1,0.4997,True,0.424,0.5125,0.3413,0.622,moderate_friction,synthetic_bootstrap
syn_01251,bootstrap_user_03,deep_work,deep_work_051,1553.6,0.612,0.0232,0.0691,0.0981,402.0,0.1799,0.8675,0.5648,0,0.3978,True,0.2024,0.703,0.232,0.6017,focused_or_low_friction,synthetic_bootstrap
syn_01252,bootstrap_user_04,deep_work,deep_work_052,1290.3,0.496,0.1021,0.0658,0.0976,209.5,0.0802,0.8496,0.8262,2,0.252,True,0.1391,0.7616,0.2413,0.5789,focused_or_low_friction,synthetic_bootstrap
syn_01253,bootstrap_user_05,deep_work,deep_work_053,1845.4,0.439,0.0961,0.2143,0.0653,350.8,0.0943,0.754,0.5282,2,0.3371,True,0.1839,0.7755,0.3298,0.6359,focused_or_low_friction,synthetic_bootstrap
syn_01254,bootstrap_user_06,coding_debugging,coding_debugging_054,594.8,1.625,0.3443,0.2536,0.245,576.1,0.1309,0.5856,0.7953,4,0.3762,False,0.323,0.6018,0.2847,0.6586,moderate_friction,synthetic_bootstrap
syn_01255,bootstrap_user_07,deep_work,deep_work_055,1314.5,0.387,0.0641,0.1591,0.0978,501.4,0.0526,0.8753,0.8609,1,0.2704,True,0.1566,0.7691,0.2219,0.5568,focused_or_low_friction,synthetic_bootstrap
syn_01256,bootstrap_user_08,research_browsing,research_browsing_056,621.6,4.122,0.3354,0.308,0.1113,432.0,0.0881,0.401,0.6776,2,0.3647,True,0.3321,0.5276,0.3477,0.6249,moderate_friction,synthetic_bootstrap
syn_01257,bootstrap_user_09,coding_debugging,coding_debugging_057,972.9,1.758,0.3178,0.1186,0.3131,949.4,0.171,0.6441,0.8243,2,0.3774,True,0.3592,0.5548,0.3513,0.6104,moderate_friction,synthetic_bootstrap
syn_01258,bootstrap_user_10,coding_debugging,coding_debugging_058,1005.0,1.943,0.2508,0.2517,0.4086,1020.3,0.1006,0.7302,0.7542,4,0.276,True,0.3779,0.6046,0.4188,0.6385,moderate_friction,synthetic_bootstrap
syn_01259,bootstrap_user_11,support_lookup,support_lookup_059,260.5,3.825,0.1315,0.6771,0.0656,416.2,0.0434,0.6308,0.3033,9,0.8171,True,0.2602,0.7243,0.5941,0.9179,focused_or_low_friction,synthetic_bootstrap
syn_01260,bootstrap_user_12,research_browsing,research_browsing_060,2252.6,4.02,0.3652,0.2628,0.077,133.4,0.0485,0.6564,0.7919,1,0.0005,True,0.3243,0.607,0.2935,0.4976,moderate_friction,synthetic_bootstrap
syn_01261,bootstrap_user_01,deep_work,deep_work_001,1285.4,0.38,0.0893,0.2198,0.0699,714.1,0.0289,0.7037,0.5261,0,0.3904,True,0.1393,0.8271,0.3373,0.6045,focused_or_low_friction,synthetic_bootstrap
syn_01262,bootstrap_user_02,support_lookup,support_lookup_002,365.1,5.35,0.1066,0.6559,0.1348,434.5,0.0649,0.5348,0.291,8,0.9408,True,0.3506,0.6523,0.6601,0.9503,moderate_friction,synthetic_bootstrap
syn_01263,bootstrap_user_03,repetitive_admin,repetitive_admin_003,202.9,2.364,0.0718,0.789,0.1178,475.8,0.0855,0.7465,0.1817,8,0.802,True,0.1701,0.7692,0.6365,0.9287,focused_or_low_friction,synthetic_bootstrap
syn_01264,bootstrap_user_04,research_browsing,research_browsing_004,979.5,4.06,0.0987,0.2045,0.0955,832.0,0.0413,0.3963,0.86,1,0.2891,True,0.3592,0.6057,0.3233,0.5616,moderate_friction,synthetic_bootstrap
syn_01265,bootstrap_user_05,support_lookup,support_lookup_005,143.0,4.902,0.1006,0.5344,0.0417,491.8,0.0919,0.6827,0.3114,7,0.8004,True,0.2417,0.6402,0.5446,0.8902,focused_or_low_friction,synthetic_bootstrap
syn_01266,bootstrap_user_06,coding_debugging,coding_debugging_006,310.1,2.718,0.1587,0.3578,0.0555,1215.4,0.018,0.478,0.7499,3,0.3803,True,0.3001,0.6758,0.3059,0.6426,moderate_friction,synthetic_bootstrap
syn_01267,bootstrap_user_07,deep_work,deep_work_007,1530.8,0.0,0.0788,0.1408,0.1439,218.5,0.0544,0.9163,0.7093,2,0.4044,True,0.1675,0.8188,0.2908,0.631,focused_or_low_friction,synthetic_bootstrap
syn_01268,bootstrap_user_08,research_browsing,research_browsing_008,1669.4,2.377,0.2101,0.2096,0.0589,537.7,0.1338,0.5142,0.8779,1,0.1813,True,0.3084,0.5619,0.3206,0.5325,moderate_friction,synthetic_bootstrap
syn_01269,bootstrap_user_09,support_lookup,support_lookup_009,257.1,5.916,0.2322,0.6191,0.1035,138.5,0.0504,0.6832,0.3855,14,0.8181,True,0.3062,0.6587,0.6643,0.9083,moderate_friction,synthetic_bootstrap
syn_01270,bootstrap_user_10,support_lookup,support_lookup_010,251.9,3.879,0.2155,0.5979,0.1412,338.4,0.0644,0.8152,0.3353,12,0.8064,True,0.2457,0.7173,0.5942,0.9114,focused_or_low_friction,synthetic_bootstrap
syn_01271,bootstrap_user_11,research_browsing,research_browsing_011,1790.1,5.412,0.2632,0.2233,0.0909,904.7,0.108,0.6121,0.6748,1,0.3441,True,0.4482,0.5146,0.3252,0.5975,high_friction,synthetic_bootstrap
syn_01272,bootstrap_user_12,repetitive_admin,repetitive_admin_012,507.6,2.453,0.1737,0.5244,0.0761,375.5,0.0644,0.6472,0.0833,9,0.9021,True,0.2238,0.7904,0.6525,0.9655,focused_or_low_friction,synthetic_bootstrap
syn_01273,bootstrap_user_01,repetitive_admin,repetitive_admin_013,618.4,3.145,0.0162,0.7119,0.0835,447.4,0.004,0.7119,0.3668,8,0.8355,True,0.2103,0.8256,0.6838,0.9149,automation_candidate,synthetic_bootstrap
syn_01274,bootstrap_user_02,support_lookup,support_lookup_014,237.5,4.261,0.1771,0.6437,0.0803,442.9,0.0493,0.6277,0.3258,0,0.7998,True,0.2151,0.6925,0.463,0.7308,focused_or_low_friction,synthetic_bootstrap
syn_01275,bootstrap_user_03,deep_work,deep_work_015,2437.6,0.557,0.1134,0.2606,0.0586,441.5,0.1491,0.8383,0.7174,1,0.4324,True,0.1763,0.6835,0.3074,0.6145,focused_or_low_friction,synthetic_bootstrap
syn_01276,bootstrap_user_04,repetitive_admin,repetitive_admin_016,436.8,2.283,0.1487,0.7254,0.0301,316.0,0.0686,0.8433,0.1898,4,1.0,True,0.1783,0.7827,0.6193,0.8872,focused_or_low_friction,synthetic_bootstrap
syn_01277,bootstrap_user_05,repetitive_admin,repetitive_admin_017,677.3,3.454,0.1839,0.7235,0.039,291.2,0.0165,0.7596,0.4024,9,0.8354,True,0.2692,0.7404,0.6538,0.9106,focused_or_low_friction,synthetic_bootstrap
syn_01278,bootstrap_user_06,deep_work,deep_work_018,2250.1,0.675,0.0651,0.1365,0.1263,479.8,0.0503,0.7634,0.6605,2,0.3457,True,0.2034,0.7831,0.2922,0.6222,focused_or_low_friction,synthetic_bootstrap
syn_01279,bootstrap_user_07,research_browsing,research_browsing_019,1903.5,2.469,0.2316,0.0152,0.0892,408.1,0.061,0.8707,0.82,3,0.4026,True,0.2767,0.7332,0.333,0.6398,focused_or_low_friction,synthetic_bootstrap
syn_01280,bootstrap_user_08,support_lookup,support_lookup_020,264.1,4.616,0.1691,0.6268,0.1078,588.7,0.1122,0.5395,0.4857,5,0.917,True,0.3454,0.5866,0.5221,0.8535,moderate_friction,synthetic_bootstrap
syn_01281,bootstrap_user_09,repetitive_admin,repetitive_admin_021,680.8,2.257,0.125,0.5937,0.0265,353.4,0.0322,0.6348,0.2765,2,0.87,True,0.1873,0.7752,0.5619,0.7993,focused_or_low_friction,synthetic_bootstrap
syn_01282,bootstrap_user_10,support_lookup,support_lookup_022,153.6,4.914,0.2146,0.4877,0.1094,668.5,0.0337,0.6394,0.4865,4,0.8359,True,0.2829,0.6796,0.4247,0.8106,focused_or_low_friction,synthetic_bootstrap
syn_01283,bootstrap_user_11,support_lookup,support_lookup_023,206.6,4.815,0.1981,0.5521,0.0548,633.1,0.0503,0.7145,0.4018,5,0.8973,True,0.3017,0.7117,0.5658,0.8586,moderate_friction,synthetic_bootstrap
syn_01284,bootstrap_user_12,coding_debugging,coding_debugging_024,1018.7,4.492,0.2967,0.2641,0.2978,486.3,0.1648,0.547,0.812,4,0.5045,True,0.396,0.4269,0.4419,0.6887,moderate_friction,synthetic_bootstrap
syn_01285,bootstrap_user_01,research_browsing,research_browsing_025,1751.4,2.739,0.1669,0.1562,0.1608,638.0,0.2029,0.5115,0.8174,1,0.5489,True,0.4466,0.4903,0.3946,0.6316,high_friction,synthetic_bootstrap
syn_01286,bootstrap_user_02,research_browsing,research_browsing_026,1409.0,3.92,0.1102,0.2079,0.0465,706.6,0.0341,0.5687,0.8876,2,0.1519,False,0.3299,0.6678,0.2723,0.5465,moderate_friction,synthetic_bootstrap
syn_01287,bootstrap_user_03,repetitive_admin,repetitive_admin_027,734.6,3.194,0.0025,0.5327,0.1108,396.8,0.0945,0.6322,0.2918,8,0.8486,True,0.2794,0.7136,0.6488,0.9271,focused_or_low_friction,synthetic_bootstrap
syn_01288,bootstrap_user_04,repetitive_admin,repetitive_admin_028,457.9,4.406,0.0479,0.5026,0.1207,257.3,0.0386,0.6849,0.2166,2,0.8144,True,0.2245,0.7569,0.5025,0.7926,focused_or_low_friction,synthetic_bootstrap
syn_01289,bootstrap_user_05,support_lookup,support_lookup_029,350.3,3.69,0.0113,0.6612,0.1484,419.3,0.096,0.5749,0.4338,12,0.7937,True,0.2925,0.695,0.6717,0.8964,focused_or_low_friction,synthetic_bootstrap
syn_01290,bootstrap_user_06,support_lookup,support_lookup_030,474.4,4.635,0.1277,0.5441,0.1131,152.6,0.0458,0.6147,0.3864,12,0.7955,True,0.2836,0.692,0.6641,0.9025,focused_or_low_friction,synthetic_bootstrap
syn_01291,bootstrap_user_07,support_lookup,support_lookup_031,422.4,5.452,0.2544,0.5918,0.165,358.7,0.089,0.6318,0.2007,8,0.9298,True,0.4045,0.6061,0.6319,0.9584,moderate_friction,synthetic_bootstrap
syn_01292,bootstrap_user_08,coding_debugging,coding_debugging_032,1034.0,1.866,0.2066,0.2534,0.2471,686.7,0.1139,0.5366,0.7094,2,0.2512,True,0.3791,0.6467,0.3436,0.5927,moderate_friction,synthetic_bootstrap
syn_01293,bootstrap_user_09,support_lookup,support_lookup_033,195.8,3.956,0.2646,0.3234,0.0918,652.1,0.0259,0.7023,0.4015,2,0.7987,False,0.2784,0.7366,0.4178,0.7665,focused_or_low_friction,synthetic_bootstrap
syn_01294,bootstrap_user_10,repetitive_admin,repetitive_admin_034,430.9,3.489,0.0494,0.7163,0.0481,514.1,0.0705,0.8012,0.4513,7,0.8161,True,0.1832,0.6962,0.6231,0.8774,focused_or_low_friction,synthetic_bootstrap
syn_01295,bootstrap_user_11,repetitive_admin,repetitive_admin_035,210.7,2.125,0.1139,0.6705,0.1154,387.9,0.026,0.8274,0.3529,2,0.8802,True,0.1359,0.8571,0.5048,0.7927,focused_or_low_friction,synthetic_bootstrap
syn_01296,bootstrap_user_12,repetitive_admin,repetitive_admin_036,387.4,3.285,0.1725,0.6358,0.0588,465.4,0.0045,0.8292,0.1195,7,0.7321,True,0.2195,0.8585,0.6166,0.8962,focused_or_low_friction,synthetic_bootstrap
syn_01297,bootstrap_user_01,deep_work,deep_work_037,1075.5,0.327,0.097,0.2072,0.05,345.8,0.0347,0.9527,0.6325,2,0.36,True,0.0819,0.8666,0.2947,0.6291,focused_or_low_friction,synthetic_bootstrap
syn_01298,bootstrap_user_02,deep_work,deep_work_038,2382.9,0.028,0.0748,0.28,0.1249,525.8,0.0381,0.7612,0.8144,2,0.4568,True,0.2013,0.8042,0.3596,0.6315,focused_or_low_friction,synthetic_bootstrap
syn_01299,bootstrap_user_03,coding_debugging,coding_debugging_039,1023.5,0.927,0.3849,0.284,0.2394,1086.6,0.1122,0.639,0.8084,4,0.4611,True,0.4297,0.6223,0.4201,0.6783,moderate_friction,synthetic_bootstrap
syn_01300,bootstrap_user_04,repetitive_admin,repetitive_admin_040,407.4,3.655,0.194,0.6826,0.1041,414.5,0.0308,0.8532,0.3511,6,0.9483,True,0.2206,0.7606,0.6416,0.8999,focused_or_low_friction,synthetic_bootstrap
syn_01301,bootstrap_user_05,repetitive_admin,repetitive_admin_041,348.0,3.958,0.1557,0.675,0.1532,283.1,0.0077,0.817,0.0651,14,0.8681,True,0.1606,0.7911,0.7232,0.9592,automation_candidate,synthetic_bootstrap
syn_01302,bootstrap_user_06,support_lookup,support_lookup_042,127.3,4.903,0.1556,0.5582,0.1355,632.2,0.0944,0.5966,0.3567,5,0.8063,True,0.282,0.6219,0.5263,0.8413,focused_or_low_friction,synthetic_bootstrap
syn_01303,bootstrap_user_07,coding_debugging,coding_debugging_043,1101.3,2.656,0.2682,0.182,0.3191,541.5,0.1285,0.5786,0.7405,3,0.6442,False,0.3652,0.5719,0.4488,0.7097,moderate_friction,synthetic_bootstrap
syn_01304,bootstrap_user_08,repetitive_admin,repetitive_admin_044,379.5,1.675,0.1083,0.743,0.0473,364.6,0.0479,0.735,0.4035,3,1.0,True,0.1919,0.7899,0.5297,0.8391,focused_or_low_friction,synthetic_bootstrap
syn_01305,bootstrap_user_09,research_browsing,research_browsing_045,821.7,2.423,0.3094,0.0693,0.0572,686.3,0.1336,0.6331,0.7213,0,0.3647,True,0.2887,0.5724,0.2555,0.5746,focused_or_low_friction,synthetic_bootstrap
syn_01306,bootstrap_user_10,research_browsing,research_browsing_046,1547.0,2.744,0.3466,0.254,0.1092,220.0,0.0754,0.5142,0.7403,2,0.3254,False,0.3411,0.615,0.3588,0.6075,moderate_friction,synthetic_bootstrap
syn_01307,bootstrap_user_11,support_lookup,support_lookup_047,334.5,3.38,0.2807,0.6016,0.1856,359.1,0.1031,0.5696,0.6404,4,0.8957,True,0.3661,0.6016,0.5022,0.8071,moderate_friction,synthetic_bootstrap
syn_01308,bootstrap_user_12,coding_debugging,coding_debugging_048,45.0,4.457,0.288,0.0,0.3303,959.3,0.0642,0.5321,0.718,4,0.434,True,0.4235,0.5868,0.2097,0.6823,moderate_friction,synthetic_bootstrap
syn_01309,bootstrap_user_01,deep_work,deep_work_049,1686.7,1.037,0.083,0.2008,0.1332,545.6,0.069,0.8616,0.9035,0,0.4085,True,0.1727,0.7549,0.3245,0.5637,focused_or_low_friction,synthetic_bootstrap
syn_01310,bootstrap_user_02,research_browsing,research_browsing_050,611.6,3.784,0.1956,0.1752,0.0838,938.8,0.1044,0.5244,0.7643,1,0.1705,True,0.3437,0.5809,0.2764,0.5434,moderate_friction,synthetic_bootstrap
syn_01311,bootstrap_user_03,repetitive_admin,repetitive_admin_051,456.1,2.726,0.0593,0.7553,0.0753,369.0,0.0579,0.7867,0.307,7,0.7959,True,0.2177,0.7694,0.5884,0.8896,focused_or_low_friction,synthetic_bootstrap
syn_01312,bootstrap_user_04,research_browsing,research_browsing_052,1929.8,1.963,0.2232,0.2193,0.1002,104.8,0.1295,0.7392,0.8629,0,0.5553,True,0.2638,0.6349,0.3549,0.6053,focused_or_low_friction,synthetic_bootstrap
syn_01313,bootstrap_user_05,support_lookup,support_lookup_053,268.0,3.617,0.2865,0.6149,0.0317,741.8,0.0666,0.7715,0.423,14,0.759,True,0.3095,0.6937,0.6437,0.889,moderate_friction,synthetic_bootstrap
syn_01314,bootstrap_user_06,deep_work,deep_work_054,326.3,0.767,0.0749,0.1389,0.0462,613.1,0.0598,0.836,0.6763,2,0.5217,True,0.1839,0.7845,0.2503,0.6643,focused_or_low_friction,synthetic_bootstrap
syn_01315,bootstrap_user_07,deep_work,deep_work_055,1729.2,0.672,0.1084,0.1585,0.0503,410.0,0.019,0.8052,0.6801,3,0.5118,True,0.161,0.8185,0.3568,0.6838,focused_or_low_friction,synthetic_bootstrap
syn_01316,bootstrap_user_08,coding_debugging,coding_debugging_056,1025.0,1.881,0.486,0.1984,0.3341,122.5,0.1412,0.7403,0.6148,2,0.4832,True,0.3297,0.6129,0.4322,0.662,moderate_friction,synthetic_bootstrap
syn_01317,bootstrap_user_09,support_lookup,support_lookup_057,193.0,7.53,0.2794,0.7282,0.058,683.7,0.0781,0.448,0.2055,8,0.7767,True,0.3983,0.5385,0.6317,0.9195,moderate_friction,synthetic_bootstrap
syn_01318,bootstrap_user_10,deep_work,deep_work_058,1476.5,1.03,0.0,0.1102,0.0039,393.7,0.1089,0.8793,0.6072,2,0.3278,False,0.1305,0.6936,0.324,0.6241,focused_or_low_friction,synthetic_bootstrap
syn_01319,bootstrap_user_11,coding_debugging,coding_debugging_059,893.4,1.953,0.317,0.0975,0.3075,919.0,0.1182,0.5441,0.8192,1,0.3324,True,0.3935,0.5852,0.3247,0.5773,moderate_friction,synthetic_bootstrap
syn_01320,bootstrap_user_12,research_browsing,research_browsing_060,1497.6,3.083,0.2434,0.2386,0.112,251.9,0.1645,0.5944,0.8548,1,0.0808,True,0.3054,0.5378,0.3041,0.5101,moderate_friction,synthetic_bootstrap
syn_01321,bootstrap_user_01,support_lookup,support_lookup_001,290.2,3.037,0.1173,0.7969,0.0445,898.3,0.1163,0.8735,0.4019,5,0.8256,True,0.2572,0.6855,0.5716,0.8407,focused_or_low_friction,synthetic_bootstrap
syn_01322,bootstrap_user_02,support_lookup,support_lookup_002,182.8,5.789,0.1307,0.6324,0.1592,750.4,0.0663,0.6984,0.2481,10,0.9164,True,0.3393,0.6565,0.6786,0.9493,moderate_friction,synthetic_bootstrap
syn_01323,bootstrap_user_03,deep_work,deep_work_003,1838.8,0.773,0.0697,0.0706,0.1162,398.5,0.0276,0.7372,0.5508,1,0.4082,True,0.1938,0.8119,0.2959,0.6285,focused_or_low_friction,synthetic_bootstrap
syn_01324,bootstrap_user_04,coding_debugging,coding_debugging_004,1107.5,3.456,0.1292,0.4056,0.396,774.4,0.1592,0.5745,0.7486,2,0.5553,False,0.397,0.5609,0.4882,0.664,moderate_friction,synthetic_bootstrap
syn_01325,bootstrap_user_05,repetitive_admin,repetitive_admin_005,296.8,3.953,0.0611,0.462,0.0501,488.5,0.0496,0.6919,0.2855,8,0.9098,True,0.2024,0.7405,0.5441,0.9432,focused_or_low_friction,synthetic_bootstrap
syn_01326,bootstrap_user_06,research_browsing,research_browsing_006,660.5,2.599,0.2208,0.181,0.0722,518.6,0.0902,0.6158,0.8996,0,0.3748,True,0.2842,0.6362,0.2426,0.5557,focused_or_low_friction,synthetic_bootstrap
syn_01327,bootstrap_user_07,repetitive_admin,repetitive_admin_007,561.6,1.946,0.1277,0.6909,0.0819,251.4,0.0631,0.8828,0.1828,9,0.9285,True,0.2192,0.814,0.68,0.9602,automation_candidate,synthetic_bootstrap
syn_01328,bootstrap_user_08,support_lookup,support_lookup_008,160.7,4.452,0.1802,0.7027,0.0782,397.2,0.0739,0.7997,0.4292,12,0.8455,True,0.2415,0.7153,0.6907,0.9099,automation_candidate,synthetic_bootstrap
syn_01329,bootstrap_user_09,repetitive_admin,repetitive_admin_009,257.3,4.001,0.1359,0.6967,0.0091,179.8,0.0391,0.6082,0.2456,11,0.8135,True,0.1568,0.7357,0.6689,0.9239,focused_or_low_friction,synthetic_bootstrap
syn_01330,bootstrap_user_10,deep_work,deep_work_010,1088.5,0.462,0.0166,0.1907,0.0982,441.1,0.0749,0.8458,0.7143,1,0.2737,True,0.1385,0.8191,0.2767,0.5752,focused_or_low_friction,synthetic_bootstrap
syn_01331,bootstrap_user_11,coding_debugging,coding_debugging_011,1230.3,2.619,0.4341,0.1589,0.434,741.7,0.2251,0.6499,0.5971,2,0.6071,True,0.4482,0.5234,0.4091,0.6951,high_friction,synthetic_bootstrap
syn_01332,bootstrap_user_12,support_lookup,support_lookup_012,238.9,3.166,0.3183,0.4611,0.1185,606.4,0.0596,0.5346,0.2501,8,0.712,True,0.313,0.6813,0.541,0.898,moderate_friction,synthetic_bootstrap
syn_01333,bootstrap_user_01,support_lookup,support_lookup_013,239.8,4.0,0.1842,0.472,0.0687,473.2,0.0257,0.7314,0.3262,2,0.7341,True,0.227,0.7555,0.4565,0.7594,focused_or_low_friction,synthetic_bootstrap
syn_01334,bootstrap_user_02,research_browsing,research_browsing_014,2550.9,4.266,0.0727,0.1512,0.0867,776.5,0.0633,0.5162,0.7004,1,0.2322,True,0.3573,0.6407,0.3175,0.5665,moderate_friction,synthetic_bootstrap
syn_01335,bootstrap_user_03,research_browsing,research_browsing_015,625.6,3.029,0.0791,0.2874,0.1807,637.7,0.0674,0.5003,0.7637,2,0.4645,True,0.3092,0.6415,0.3256,0.6395,moderate_friction,synthetic_bootstrap
syn_01336,bootstrap_user_04,research_browsing,research_browsing_016,965.0,3.067,0.1119,0.2043,0.1403,770.0,0.1353,0.356,0.9067,0,0.2817,True,0.366,0.4945,0.2621,0.5316,moderate_friction,synthetic_bootstrap
syn_01337,bootstrap_user_05,repetitive_admin,repetitive_admin_017,463.1,3.711,0.0536,0.7671,0.0194,461.2,0.0235,0.7472,0.2713,13,0.8794,True,0.2173,0.8259,0.7472,0.9373,automation_candidate,synthetic_bootstrap
syn_01338,bootstrap_user_06,support_lookup,support_lookup_018,254.1,3.3,0.1307,0.7084,0.0657,520.5,0.1031,0.675,0.2413,13,0.9662,True,0.2826,0.6947,0.7221,0.9626,automation_candidate,synthetic_bootstrap
syn_01339,bootstrap_user_07,research_browsing,research_browsing_019,1138.2,1.509,0.4533,0.0675,0.1149,712.9,0.1358,0.5692,0.7937,2,0.3576,True,0.3525,0.5537,0.3444,0.6092,moderate_friction,synthetic_bootstrap
syn_01340,bootstrap_user_08,repetitive_admin,repetitive_admin_020,500.4,3.409,0.0825,0.5996,0.1144,359.2,0.0686,0.6183,0.4347,12,0.8535,True,0.2813,0.6699,0.7181,0.9112,automation_candidate,synthetic_bootstrap
syn_01341,bootstrap_user_09,deep_work,deep_work_021,2041.6,0.483,0.0252,0.229,0.1006,536.9,0.0811,0.7398,0.7309,1,0.3474,True,0.2232,0.7673,0.3791,0.5916,focused_or_low_friction,synthetic_bootstrap
syn_01342,bootstrap_user_10,coding_debugging,coding_debugging_022,1273.1,2.308,0.2053,0.1947,0.0953,985.5,0.0367,0.7093,0.7157,3,0.4141,True,0.3512,0.7181,0.3438,0.6551,moderate_friction,synthetic_bootstrap
syn_01343,bootstrap_user_11,support_lookup,support_lookup_023,352.4,3.131,0.0556,0.6848,0.1709,447.1,0.0721,0.6184,0.4394,10,0.7637,True,0.251,0.7216,0.5981,0.8882,focused_or_low_friction,synthetic_bootstrap
syn_01344,bootstrap_user_12,support_lookup,support_lookup_024,297.2,5.233,0.1399,0.5984,0.16,374.5,0.0327,0.6366,0.5006,11,0.7801,True,0.3286,0.635,0.6372,0.885,moderate_friction,synthetic_bootstrap
syn_01345,bootstrap_user_01,research_browsing,research_browsing_025,1328.0,4.423,0.3456,0.1046,0.1084,524.5,0.0953,0.6541,0.7732,2,0.4149,True,0.3601,0.5719,0.3186,0.6259,moderate_friction,synthetic_bootstrap
syn_01346,bootstrap_user_02,coding_debugging,coding_debugging_026,1813.6,2.646,0.295,0.2485,0.3361,980.7,0.1448,0.7872,0.7443,5,0.5681,True,0.4025,0.6059,0.4981,0.7352,moderate_friction,synthetic_bootstrap
syn_01347,bootstrap_user_03,support_lookup,support_lookup_027,182.5,4.399,0.1932,0.7425,0.0906,363.5,0.0771,0.5857,0.1581,12,0.8827,True,0.2688,0.6982,0.7122,0.9517,automation_candidate,synthetic_bootstrap
syn_01348,bootstrap_user_04,repetitive_admin,repetitive_admin_028,392.1,3.712,0.0868,0.5917,0.0667,547.9,0.013,0.6305,0.3391,6,0.8988,True,0.2465,0.7457,0.6184,0.889,focused_or_low_friction,synthetic_bootstrap
syn_01349,bootstrap_user_05,support_lookup,support_lookup_029,334.2,4.332,0.1783,0.6686,0.0944,226.4,0.0825,0.7291,0.1069,8,0.9656,True,0.2548,0.7127,0.7098,0.9786,automation_candidate,synthetic_bootstrap
syn_01350,bootstrap_user_06,deep_work,deep_work_030,2360.5,0.405,0.0971,0.3342,0.0588,448.0,0.1005,0.7712,0.8563,1,0.1833,True,0.2349,0.6949,0.2955,0.5356,focused_or_low_friction,synthetic_bootstrap
syn_01351,bootstrap_user_07,coding_debugging,coding_debugging_031,1353.1,1.112,0.218,0.2749,0.3702,639.9,0.1076,0.5788,0.7928,3,0.3677,True,0.3524,0.6553,0.3863,0.6343,moderate_friction,synthetic_bootstrap
syn_01352,bootstrap_user_08,research_browsing,research_browsing_032,2535.5,2.63,0.2073,0.1282,0.0484,549.6,0.1433,0.6685,0.8237,1,0.2408,True,0.3472,0.5566,0.3073,0.5539,moderate_friction,synthetic_bootstrap
syn_01353,bootstrap_user_09,repetitive_admin,repetitive_admin_033,695.6,1.264,0.1374,0.7527,0.0884,302.9,0.0807,0.7769,0.3834,5,0.7493,True,0.2168,0.7952,0.5426,0.8238,focused_or_low_friction,synthetic_bootstrap
syn_01354,bootstrap_user_10,repetitive_admin,repetitive_admin_034,349.7,2.584,0.1001,0.7513,0.0958,463.2,0.0726,0.7246,0.4909,14,0.835,True,0.209,0.7314,0.6501,0.8999,focused_or_low_friction,synthetic_bootstrap
syn_01355,bootstrap_user_11,research_browsing,research_browsing_035,955.2,0.616,0.1841,0.2652,0.0924,628.8,0.1239,0.4597,0.802,3,0.3368,True,0.3113,0.6381,0.3251,0.6255,moderate_friction,synthetic_bootstrap
syn_01356,bootstrap_user_12,deep_work,deep_work_036,1627.9,1.669,0.0957,0.1645,0.047,433.5,0.1087,0.8212,0.6281,1,0.493,True,0.2023,0.7204,0.3143,0.6404,focused_or_low_friction,synthetic_bootstrap
syn_01357,bootstrap_user_01,support_lookup,support_lookup_037,287.2,5.582,0.1591,0.7471,0.1373,669.0,0.0615,0.7487,0.1989,7,0.8613,True,0.3348,0.691,0.6372,0.919,moderate_friction,synthetic_bootstrap
syn_01358,bootstrap_user_02,support_lookup,support_lookup_038,96.1,3.972,0.2213,0.7189,0.04,731.6,0.0308,0.6479,0.2974,8,0.7994,True,0.2995,0.7365,0.5734,0.9142,focused_or_low_friction,synthetic_bootstrap
syn_01359,bootstrap_user_03,coding_debugging,coding_debugging_039,1307.5,3.951,0.3522,0.3346,0.1406,880.6,0.0866,0.5352,0.7178,3,0.3326,True,0.4119,0.5912,0.408,0.6345,moderate_friction,synthetic_bootstrap
syn_01360,bootstrap_user_04,deep_work,deep_work_040,1988.0,1.241,0.1077,0.1495,0.0,542.5,0.0435,0.8131,0.7171,3,0.5711,True,0.1565,0.7771,0.3791,0.6942,focused_or_low_friction,synthetic_bootstrap
syn_01361,bootstrap_user_05,coding_debugging,coding_debugging_041,559.2,2.185,0.3457,0.117,0.2005,612.5,0.0894,0.6863,0.6874,3,0.7345,True,0.2763,0.669,0.4002,0.7386,focused_or_low_friction,synthetic_bootstrap
syn_01362,bootstrap_user_06,repetitive_admin,repetitive_admin_042,482.2,5.009,0.139,0.4829,0.0839,305.8,0.0915,0.8268,0.121,13,0.9351,True,0.2416,0.7366,0.6523,0.9693,focused_or_low_friction,synthetic_bootstrap
syn_01363,bootstrap_user_07,coding_debugging,coding_debugging_043,1300.4,3.184,0.2702,0.3048,0.3103,576.1,0.0595,0.6883,0.6564,0,0.4371,False,0.3198,0.6717,0.3995,0.6005,moderate_friction,synthetic_bootstrap
syn_01364,bootstrap_user_08,deep_work,deep_work_044,1810.1,0.32,0.1041,0.2328,0.2007,709.5,0.0398,0.8886,0.7057,0,0.3841,True,0.2311,0.7949,0.3118,0.5813,focused_or_low_friction,synthetic_bootstrap
syn_01365,bootstrap_user_09,support_lookup,support_lookup_045,309.2,2.224,0.0444,0.6401,0.1184,189.0,0.0716,0.7687,0.336,7,0.8471,True,0.1505,0.7542,0.5686,0.899,focused_or_low_friction,synthetic_bootstrap
syn_01366,bootstrap_user_10,support_lookup,support_lookup_046,173.9,6.06,0.2308,0.4757,0.0993,723.5,0.0406,0.7452,0.5121,10,0.808,True,0.2912,0.6955,0.5834,0.8906,focused_or_low_friction,synthetic_bootstrap
syn_01367,bootstrap_user_11,repetitive_admin,repetitive_admin_047,592.0,2.838,0.15,0.7852,0.0428,255.4,0.0439,0.8395,0.0969,7,0.9648,True,0.2322,0.7969,0.6794,0.9571,focused_or_low_friction,synthetic_bootstrap
syn_01368,bootstrap_user_12,deep_work,deep_work_048,1726.4,1.643,0.048,0.0114,0.0199,617.8,0.0258,0.915,0.687,1,0.3857,True,0.1672,0.7823,0.3091,0.6065,focused_or_low_friction,synthetic_bootstrap
syn_01369,bootstrap_user_01,repetitive_admin,repetitive_admin_049,265.9,3.639,0.0579,0.656,0.065,767.6,0.0496,0.6661,0.2355,2,0.847,True,0.2331,0.768,0.4974,0.7985,focused_or_low_friction,synthetic_bootstrap
syn_01370,bootstrap_user_02,repetitive_admin,repetitive_admin_050,389.5,3.404,0.0765,0.768,0.1046,450.6,0.0455,0.8382,0.2542,7,0.9753,True,0.154,0.7692,0.6775,0.9408,focused_or_low_friction,synthetic_bootstrap
syn_01371,bootstrap_user_03,deep_work,deep_work_051,2441.8,0.503,0.1707,0.1522,0.0842,297.0,0.1581,0.808,0.5468,4,0.3972,True,0.2602,0.7096,0.3861,0.6937,focused_or_low_friction,synthetic_bootstrap
syn_01372,bootstrap_user_04,research_browsing,research_browsing_052,1377.2,3.807,0.2169,0.1784,0.106,562.7,0.1352,0.6402,0.8655,3,0.54,True,0.3394,0.5546,0.4289,0.6686,moderate_friction,synthetic_bootstrap
syn_01373,bootstrap_user_05,support_lookup,support_lookup_053,165.0,6.717,0.118,0.737,0.1103,510.8,0.0209,0.7508,0.2183,2,0.906,True,0.2323,0.7244,0.5936,0.8153,focused_or_low_friction,synthetic_bootstrap
syn_01374,bootstrap_user_06,coding_debugging,coding_debugging_054,1058.8,3.402,0.262,0.2918,0.1746,465.1,0.1585,0.6706,0.7058,5,0.6856,True,0.2975,0.5563,0.476,0.7692,focused_or_low_friction,synthetic_bootstrap
syn_01375,bootstrap_user_07,research_browsing,research_browsing_055,1394.8,1.97,0.1123,0.0,0.1084,144.3,0.094,0.6633,0.7422,1,0.2919,True,0.2359,0.6496,0.2534,0.5764,focused_or_low_friction,synthetic_bootstrap
syn_01376,bootstrap_user_08,deep_work,deep_work_056,1626.8,0.795,0.1618,0.166,0.1152,337.5,0.0889,0.798,0.683,2,0.29,True,0.1758,0.725,0.3098,0.6055,focused_or_low_friction,synthetic_bootstrap
syn_01377,bootstrap_user_09,coding_debugging,coding_debugging_057,936.2,3.548,0.5747,0.1832,0.3294,1049.9,0.0867,0.5006,0.8938,4,0.4646,True,0.5017,0.5301,0.3773,0.6689,high_friction,synthetic_bootstrap
syn_01378,bootstrap_user_10,research_browsing,research_browsing_058,1103.3,4.325,0.2814,0.1651,0.1883,615.4,0.1594,0.6064,0.9546,3,0.3055,True,0.3827,0.4667,0.3075,0.5993,moderate_friction,synthetic_bootstrap
syn_01379,bootstrap_user_11,coding_debugging,coding_debugging_059,1238.9,1.72,0.221,0.2311,0.3052,781.9,0.1869,0.6829,0.9308,2,0.5297,True,0.3698,0.593,0.3562,0.6357,moderate_friction,synthetic_bootstrap
syn_01380,bootstrap_user_12,support_lookup,support_lookup_060,45.0,3.45,0.0193,0.4963,0.0671,526.4,0.0,0.7796,0.1537,6,0.7576,True,0.1633,0.864,0.4844,0.876,focused_or_low_friction,synthetic_bootstrap
syn_01381,bootstrap_user_01,support_lookup,support_lookup_001,213.5,4.795,0.2623,0.7273,0.1261,561.9,0.0589,0.701,0.5838,6,0.7536,True,0.3148,0.5982,0.5539,0.8233,moderate_friction,synthetic_bootstrap
syn_01382,bootstrap_user_02,deep_work,deep_work_002,2240.3,0.563,0.0893,0.3187,0.1066,80.0,0.0236,0.7999,0.5996,2,0.3147,True,0.1241,0.8216,0.3584,0.6217,focused_or_low_friction,synthetic_bootstrap
syn_01383,bootstrap_user_03,support_lookup,support_lookup_003,294.1,4.476,0.0,0.6308,0.1025,675.5,0.0817,0.6841,0.3944,11,0.905,True,0.3376,0.669,0.634,0.9289,moderate_friction,synthetic_bootstrap
syn_01384,bootstrap_user_04,research_browsing,research_browsing_004,1344.6,2.589,0.0,0.1278,0.1172,637.2,0.0712,0.5851,0.8098,3,0.223,True,0.2507,0.6534,0.3466,0.5961,focused_or_low_friction,synthetic_bootstrap
syn_01385,bootstrap_user_05,research_browsing,research_browsing_005,838.1,2.275,0.1072,0.1138,0.1069,805.4,0.1091,0.541,0.7006,1,0.1145,False,0.3048,0.6312,0.2539,0.537,moderate_friction,synthetic_bootstrap
syn_01386,bootstrap_user_06,deep_work,deep_work_006,2238.1,0.846,0.1497,0.0681,0.0726,365.8,0.1059,0.7053,0.8248,2,0.56,True,0.2206,0.6938,0.3528,0.656,focused_or_low_friction,synthetic_bootstrap
syn_01387,bootstrap_user_07,coding_debugging,coding_debugging_007,778.5,0.402,0.0791,0.2661,0.454,441.8,0.0864,0.5717,0.9121,6,0.4794,True,0.2968,0.6568,0.4302,0.7154,focused_or_low_friction,synthetic_bootstrap
syn_01388,bootstrap_user_08,repetitive_admin,repetitive_admin_008,267.1,3.028,0.1884,0.7297,0.1241,548.9,0.0,0.544,0.3962,13,0.8805,True,0.2612,0.772,0.6731,0.9226,focused_or_low_friction,synthetic_bootstrap
syn_01389,bootstrap_user_09,research_browsing,research_browsing_009,1827.9,2.619,0.2419,0.196,0.057,486.5,0.2217,0.473,0.8296,2,0.2935,True,0.3982,0.4493,0.3302,0.5888,moderate_friction,synthetic_bootstrap
syn_01390,bootstrap_user_10,deep_work,deep_work_010,1527.6,1.583,0.1015,0.094,0.1071,283.5,0.0903,0.8019,0.5973,1,0.6422,True,0.1641,0.7202,0.376,0.6814,focused_or_low_friction,synthetic_bootstrap
syn_01391,bootstrap_user_11,research_browsing,research_browsing_011,1030.8,1.796,0.2171,0.1768,0.0791,453.9,0.0905,0.5236,0.7513,2,0.5671,True,0.318,0.6291,0.4134,0.6666,moderate_friction,synthetic_bootstrap
syn_01392,bootstrap_user_12,research_browsing,research_browsing_012,1463.6,4.085,0.2612,0.1525,0.136,756.7,0.0216,0.5651,0.8698,2,0.3563,False,0.3727,0.6273,0.3309,0.5997,moderate_friction,synthetic_bootstrap
syn_01393,bootstrap_user_01,deep_work,deep_work_013,1460.4,1.212,0.0973,0.1696,0.1925,535.3,0.128,0.8418,0.6447,0,0.379,True,0.2183,0.7128,0.3024,0.5874,focused_or_low_friction,synthetic_bootstrap
syn_01394,bootstrap_user_02,deep_work,deep_work_014,1753.8,0.237,0.1493,0.123,0.0414,548.0,0.0844,0.7913,0.6336,1,0.5115,True,0.1862,0.7795,0.3231,0.6443,focused_or_low_friction,synthetic_bootstrap
syn_01395,bootstrap_user_03,research_browsing,research_browsing_015,1550.8,3.166,0.2731,0.1445,0.043,849.5,0.1852,0.449,0.8143,1,0.406,True,0.4965,0.4756,0.358,0.5963,high_friction,synthetic_bootstrap
syn_01396,bootstrap_user_04,deep_work,deep_work_016,2617.3,1.04,0.0819,0.1576,0.0905,654.0,0.0451,0.8071,0.6518,0,0.4531,True,0.2136,0.8067,0.2732,0.6051,focused_or_low_friction,synthetic_bootstrap
syn_01397,bootstrap_user_05,support_lookup,support_lookup_017,262.4,4.148,0.187,0.6307,0.1061,450.2,0.0567,0.7963,0.2963,13,0.7265,True,0.264,0.7233,0.6741,0.8961,focused_or_low_friction,synthetic_bootstrap
syn_01398,bootstrap_user_06,research_browsing,research_browsing_018,1622.6,2.775,0.3434,0.0988,0.0717,773.8,0.1501,0.6187,0.7898,2,0.4358,True,0.3621,0.5344,0.3673,0.6292,moderate_friction,synthetic_bootstrap
syn_01399,bootstrap_user_07,support_lookup,support_lookup_019,188.1,4.627,0.2881,0.6905,0.0721,337.2,0.1161,0.5559,0.2991,8,0.7681,True,0.2517,0.5993,0.6124,0.9061,focused_or_low_friction,synthetic_bootstrap
syn_01400,bootstrap_user_08,repetitive_admin,repetitive_admin_020,522.2,2.628,0.0587,0.7456,0.0275,547.0,0.0547,0.6773,0.1745,5,0.735,True,0.2055,0.7918,0.6059,0.8453,focused_or_low_friction,synthetic_bootstrap
syn_01401,bootstrap_user_09,support_lookup,support_lookup_021,356.6,4.602,0.27,0.8002,0.1229,577.3,0.0433,0.5612,0.501,8,0.8587,True,0.4031,0.643,0.6337,0.9045,moderate_friction,synthetic_bootstrap
syn_01402,bootstrap_user_10,deep_work,deep_work_022,1513.2,1.507,0.0244,0.0899,0.2349,619.4,0.0507,0.7335,0.5127,2,0.4374,True,0.1597,0.7552,0.3439,0.6628,focused_or_low_friction,synthetic_bootstrap
syn_01403,bootstrap_user_11,research_browsing,research_browsing_023,2743.8,3.974,0.2536,0.082,0.0,658.5,0.105,0.5479,0.7696,1,0.1827,True,0.3779,0.5584,0.2629,0.5458,moderate_friction,synthetic_bootstrap
syn_01404,bootstrap_user_12,repetitive_admin,repetitive_admin_024,525.9,2.348,0.1787,0.6504,0.0735,593.6,0.0209,0.8049,0.3805,9,0.8506,True,0.2383,0.8073,0.6298,0.917,focused_or_low_friction,synthetic_bootstrap
syn_01405,bootstrap_user_01,repetitive_admin,repetitive_admin_025,442.7,4.164,0.1035,0.467,0.1005,239.8,0.0723,0.7399,0.3743,4,0.8172,True,0.1962,0.7232,0.4776,0.8194,focused_or_low_friction,synthetic_bootstrap
syn_01406,bootstrap_user_02,repetitive_admin,repetitive_admin_026,584.6,3.624,0.1081,0.7614,0.0927,327.9,0.0589,0.8058,0.1855,9,0.6499,True,0.2496,0.76,0.6384,0.8902,focused_or_low_friction,synthetic_bootstrap
syn_01407,bootstrap_user_03,research_browsing,research_browsing_027,1323.5,2.564,0.131,0.0489,0.0016,812.5,0.0889,0.6963,0.7654,2,0.285,True,0.2868,0.6503,0.2487,0.5944,focused_or_low_friction,synthetic_bootstrap
syn_01408,bootstrap_user_04,deep_work,deep_work_028,2183.1,1.517,0.163,0.1057,0.0533,350.2,0.073,0.8158,0.5802,0,0.356,False,0.1923,0.7473,0.2631,0.5894,focused_or_low_friction,synthetic_bootstrap
syn_01409,bootstrap_user_05,research_browsing,research_browsing_029,1740.1,4.152,0.3164,0.1523,0.0432,470.8,0.1244,0.3825,0.9115,1,0.36,True,0.3882,0.4442,0.339,0.5731,moderate_friction,synthetic_bootstrap
syn_01410,bootstrap_user_06,coding_debugging,coding_debugging_030,1027.9,2.714,0.287,0.2868,0.2663,727.1,0.0954,0.6546,0.7632,7,0.6554,True,0.349,0.6163,0.545,0.7998,moderate_friction,synthetic_bootstrap
syn_01411,bootstrap_user_07,research_browsing,research_browsing_031,1192.1,3.511,0.0097,0.0589,0.2046,661.1,0.0601,0.6091,0.7158,1,0.1257,True,0.2794,0.6887,0.2691,0.538,focused_or_low_friction,synthetic_bootstrap
syn_01412,bootstrap_user_08,research_browsing,research_browsing_032,1669.3,2.972,0.2941,0.1101,0.0634,739.7,0.096,0.5783,0.7869,3,0.4567,True,0.3232,0.5845,0.3311,0.6572,moderate_friction,synthetic_bootstrap
syn_01413,bootstrap_user_09,research_browsing,research_browsing_033,1765.9,4.013,0.1272,0.1196,0.026,679.6,0.1078,0.6747,0.8398,2,0.115,True,0.3655,0.5757,0.229,0.543,moderate_friction,synthetic_bootstrap
syn_01414,bootstrap_user_10,research_browsing,research_browsing_034,1754.0,2.365,0.3156,0.1785,0.0861,949.9,0.0449,0.7521,0.7489,2,0.3206,True,0.3287,0.6923,0.2987,0.6053,moderate_friction,synthetic_bootstrap
syn_01415,bootstrap_user_11,deep_work,deep_work_035,2781.0,0.583,0.1379,0.2322,0.1081,425.6,0.0878,0.8658,0.69,0,0.1318,True,0.1579,0.7598,0.2483,0.5201,focused_or_low_friction,synthetic_bootstrap
syn_01416,bootstrap_user_12,coding_debugging,coding_debugging_036,1172.4,1.174,0.3186,0.2606,0.5761,813.8,0.1674,0.4451,0.822,3,0.4578,True,0.4993,0.552,0.3818,0.6533,high_friction,synthetic_bootstrap
syn_01417,bootstrap_user_01,support_lookup,support_lookup_037,198.4,5.281,0.2158,0.421,0.1357,325.2,0.0731,0.5794,0.329,5,0.9419,True,0.3167,0.6928,0.5319,0.8785,moderate_friction,synthetic_bootstrap
syn_01418,bootstrap_user_02,support_lookup,support_lookup_038,410.2,3.461,0.2804,0.515,0.1091,616.6,0.0808,0.5327,0.2646,8,0.7532,True,0.3627,0.6693,0.5781,0.9066,moderate_friction,synthetic_bootstrap
syn_01419,bootstrap_user_03,research_browsing,research_browsing_039,1614.6,3.512,0.1509,0.1471,0.1464,530.5,0.0902,0.3995,0.7977,2,0.0629,True,0.33,0.5872,0.2229,0.535,moderate_friction,synthetic_bootstrap
syn_01420,bootstrap_user_04,research_browsing,research_browsing_040,1310.7,3.79,0.2369,0.1448,0.1173,878.1,0.1046,0.3113,0.8918,2,0.296,False,0.4116,0.4929,0.2845,0.582,moderate_friction,synthetic_bootstrap
syn_01421,bootstrap_user_05,coding_debugging,coding_debugging_041,1038.6,1.718,0.2283,0.314,0.3256,651.2,0.0689,0.56,0.6953,3,0.274,True,0.3445,0.6225,0.377,0.6226,moderate_friction,synthetic_bootstrap
syn_01422,bootstrap_user_06,support_lookup,support_lookup_042,364.1,4.766,0.147,0.6121,0.1189,658.5,0.0175,0.5995,0.5402,7,0.9428,True,0.3301,0.6586,0.603,0.8984,moderate_friction,synthetic_bootstrap
syn_01423,bootstrap_user_07,support_lookup,support_lookup_043,369.9,5.787,0.3618,0.6152,0.1344,391.9,0.0,0.656,0.2331,8,0.6019,False,0.3514,0.7116,0.5857,0.8725,moderate_friction,synthetic_bootstrap
syn_01424,bootstrap_user_08,repetitive_admin,repetitive_admin_044,700.1,4.769,0.0789,0.9131,0.1505,363.9,0.0514,0.7354,0.2155,6,0.9655,True,0.2826,0.7118,0.7324,0.9205,automation_candidate,synthetic_bootstrap
syn_01425,bootstrap_user_09,repetitive_admin,repetitive_admin_045,395.4,4.113,0.0684,0.8282,0.0879,398.6,0.0808,0.8159,0.1395,4,0.8416,True,0.2415,0.7481,0.6672,0.8537,focused_or_low_friction,synthetic_bootstrap
syn_01426,bootstrap_user_10,repetitive_admin,repetitive_admin_046,314.0,2.662,0.1017,0.6219,0.1264,80.0,0.0349,0.8433,0.2488,12,1.0,True,0.1715,0.8646,0.7052,0.9701,automation_candidate,synthetic_bootstrap
syn_01427,bootstrap_user_11,deep_work,deep_work_047,1776.0,1.206,0.1392,0.1469,0.0658,759.1,0.0692,0.9155,0.7063,3,0.2481,True,0.2308,0.7406,0.3087,0.6148,focused_or_low_friction,synthetic_bootstrap
syn_01428,bootstrap_user_12,deep_work,deep_work_048,2574.2,0.0,0.1001,0.2469,0.0887,283.1,0.0695,0.7529,0.6869,1,0.2884,True,0.2321,0.7805,0.3341,0.5822,focused_or_low_friction,synthetic_bootstrap
syn_01429,bootstrap_user_01,coding_debugging,coding_debugging_049,1810.5,1.672,0.3102,0.1975,0.1518,872.5,0.0474,0.6633,0.5644,3,0.2001,True,0.3597,0.7188,0.3572,0.6198,moderate_friction,synthetic_bootstrap
syn_01430,bootstrap_user_02,support_lookup,support_lookup_050,227.8,4.433,0.1641,0.686,0.1621,670.4,0.046,0.7809,0.2592,4,0.7772,True,0.238,0.7549,0.5473,0.8232,focused_or_low_friction,synthetic_bootstrap
syn_01431,bootstrap_user_03,research_browsing,research_browsing_051,1133.1,4.208,0.1478,0.3629,0.0912,683.0,0.1871,0.6011,0.8951,0,0.2469,True,0.3823,0.4956,0.3479,0.5243,moderate_friction,synthetic_bootstrap
syn_01432,bootstrap_user_04,coding_debugging,coding_debugging_052,1577.5,2.628,0.0442,0.3842,0.2162,861.5,0.1091,0.6152,0.6094,0,0.2797,True,0.3212,0.6387,0.3685,0.5668,moderate_friction,synthetic_bootstrap
syn_01433,bootstrap_user_05,deep_work,deep_work_053,1286.3,0.556,0.0841,0.1726,0.0376,475.4,0.096,0.7181,0.7015,1,0.3649,True,0.1708,0.7446,0.3199,0.5995,focused_or_low_friction,synthetic_bootstrap
syn_01434,bootstrap_user_06,deep_work,deep_work_054,2253.9,0.981,0.135,0.1808,0.0066,307.4,0.0715,0.813,0.7158,1,0.591,True,0.1857,0.7342,0.3281,0.6544,focused_or_low_friction,synthetic_bootstrap
syn_01435,bootstrap_user_07,repetitive_admin,repetitive_admin_055,401.1,3.228,0.1148,0.9186,0.0749,368.8,0.0745,0.7246,0.3339,3,0.7583,True,0.2141,0.7104,0.5925,0.787,focused_or_low_friction,synthetic_bootstrap
syn_01436,bootstrap_user_08,research_browsing,research_browsing_056,1454.6,2.219,0.1733,0.1973,0.0489,517.1,0.1367,0.5771,0.7618,1,0.1784,True,0.3546,0.608,0.2444,0.5457,moderate_friction,synthetic_bootstrap
syn_01437,bootstrap_user_09,repetitive_admin,repetitive_admin_057,526.1,2.441,0.1197,0.6493,0.1609,232.6,0.0594,0.6783,0.3539,9,0.9604,True,0.2186,0.8093,0.6842,0.9476,automation_candidate,synthetic_bootstrap
syn_01438,bootstrap_user_10,support_lookup,support_lookup_058,204.9,4.547,0.2305,0.6971,0.1348,694.0,0.086,0.5752,0.5919,12,0.8701,True,0.3353,0.5943,0.6566,0.8965,moderate_friction,synthetic_bootstrap
syn_01439,bootstrap_user_11,research_browsing,research_browsing_059,256.6,4.683,0.326,0.0459,0.1445,648.3,0.1,0.6391,0.6606,2,0.3095,True,0.3017,0.5831,0.2558,0.6131,moderate_friction,synthetic_bootstrap
syn_01440,bootstrap_user_12,research_browsing,research_browsing_060,1553.7,2.748,0.462,0.106,0.1387,703.5,0.2106,0.6264,0.8481,2,0.173,True,0.4167,0.4937,0.2783,0.5565,moderate_friction,synthetic_bootstrap
syn_01441,bootstrap_user_01,repetitive_admin,repetitive_admin_001,389.0,4.572,0.0011,0.5645,0.0,537.1,0.0471,0.827,0.2691,12,0.8499,True,0.2049,0.7636,0.7106,0.9302,automation_candidate,synthetic_bootstrap
syn_01442,bootstrap_user_02,deep_work,deep_work_002,987.8,0.769,0.0899,0.1539,0.0701,353.8,0.1412,0.8143,0.9238,2,0.3152,True,0.1876,0.6866,0.2566,0.583,focused_or_low_friction,synthetic_bootstrap
syn_01443,bootstrap_user_03,deep_work,deep_work_003,899.4,0.962,0.1218,0.1729,0.1236,544.6,0.0208,0.8425,0.8117,2,0.1928,True,0.1902,0.8258,0.2287,0.5658,focused_or_low_friction,synthetic_bootstrap
syn_01444,bootstrap_user_04,deep_work,deep_work_004,1980.6,0.381,0.1054,0.197,0.0783,563.7,0.1256,0.8068,0.5463,3,0.4494,False,0.1851,0.7589,0.419,0.6843,focused_or_low_friction,synthetic_bootstrap
syn_01445,bootstrap_user_05,repetitive_admin,repetitive_admin_005,401.8,3.294,0.0561,0.6337,0.037,397.0,0.0398,0.7736,0.1908,7,0.7837,True,0.1407,0.7982,0.5868,0.9005,focused_or_low_friction,synthetic_bootstrap
syn_01446,bootstrap_user_06,support_lookup,support_lookup_006,278.1,2.317,0.2324,0.5812,0.1209,183.4,0.0227,0.621,0.5113,8,0.803,True,0.2084,0.7493,0.5692,0.8894,focused_or_low_friction,synthetic_bootstrap
syn_01447,bootstrap_user_07,research_browsing,research_browsing_007,1454.5,4.881,0.1586,0.1943,0.0153,696.4,0.1835,0.455,0.8674,3,0.2172,True,0.438,0.4465,0.3514,0.5877,moderate_friction,synthetic_bootstrap
syn_01448,bootstrap_user_08,support_lookup,support_lookup_008,82.6,5.017,0.2214,0.4476,0.0618,628.7,0.0509,0.7712,0.3942,7,0.773,True,0.278,0.6986,0.4906,0.8734,focused_or_low_friction,synthetic_bootstrap
syn_01449,bootstrap_user_09,coding_debugging,coding_debugging_009,1657.7,2.792,0.3224,0.2492,0.35,303.8,0.1121,0.7904,0.742,3,0.3366,False,0.36,0.6561,0.3593,0.6326,moderate_friction,synthetic_bootstrap
syn_01450,bootstrap_user_10,repetitive_admin,repetitive_admin_010,352.2,2.599,0.2301,0.6972,0.0581,108.2,0.0227,0.7875,0.3324,5,0.8123,True,0.2383,0.8161,0.6008,0.8457,focused_or_low_friction,synthetic_bootstrap
syn_01451,bootstrap_user_11,coding_debugging,coding_debugging_011,1897.1,4.193,0.2468,0.1522,0.4833,529.3,0.0486,0.4994,0.7069,0,0.2194,True,0.4245,0.6355,0.3109,0.54,moderate_friction,synthetic_bootstrap
syn_01452,bootstrap_user_12,coding_debugging,coding_debugging_012,1359.7,2.621,0.2573,0.3388,0.3452,697.2,0.0158,0.6673,0.5939,3,0.431,True,0.3534,0.7391,0.4388,0.674,moderate_friction,synthetic_bootstrap
syn_01453,bootstrap_user_01,research_browsing,research_browsing_013,1423.5,2.282,0.2732,0.125,0.0463,798.4,0.1568,0.6527,0.7834,0,0.4778,True,0.3591,0.617,0.313,0.5954,moderate_friction,synthetic_bootstrap
syn_01454,bootstrap_user_02,research_browsing,research_browsing_014,1495.6,3.417,0.2378,0.368,0.0578,436.9,0.0936,0.7889,0.7538,2,0.4285,True,0.3135,0.6662,0.4113,0.6317,moderate_friction,synthetic_bootstrap
syn_01455,bootstrap_user_03,repetitive_admin,repetitive_admin_015,351.4,3.347,0.0997,1.0,0.0587,442.8,0.005,0.752,0.2513,11,0.9161,True,0.2186,0.8085,0.7406,0.9489,automation_candidate,synthetic_bootstrap
syn_01456,bootstrap_user_04,deep_work,deep_work_016,1386.4,0.936,0.0879,0.1706,0.0632,708.7,0.0211,0.7728,0.5723,1,0.4996,True,0.1766,0.8306,0.3366,0.6487,focused_or_low_friction,synthetic_bootstrap
syn_01457,bootstrap_user_05,repetitive_admin,repetitive_admin_017,477.4,3.451,0.0522,0.6643,0.0942,546.7,0.0884,0.9286,0.3285,6,0.8549,True,0.2115,0.759,0.6177,0.8793,focused_or_low_friction,synthetic_bootstrap
syn_01458,bootstrap_user_06,support_lookup,support_lookup_018,142.6,5.606,0.0331,0.5911,0.1675,629.3,0.0493,0.8569,0.3116,0,0.8353,True,0.2122,0.7343,0.4618,0.7414,focused_or_low_friction,synthetic_bootstrap
syn_01459,bootstrap_user_07,research_browsing,research_browsing_019,1640.3,1.726,0.2973,0.0447,0.1659,545.4,0.1866,0.4791,0.954,1,0.0847,True,0.4227,0.5176,0.2348,0.4992,moderate_friction,synthetic_bootstrap
syn_01460,bootstrap_user_08,repetitive_admin,repetitive_admin_020,541.6,2.38,0.166,0.7311,0.0516,403.3,0.0483,0.8674,0.2285,6,0.8041,True,0.1908,0.8372,0.5907,0.8786,focused_or_low_friction,synthetic_bootstrap
syn_01461,bootstrap_user_09,coding_debugging,coding_debugging_021,1328.0,2.436,0.4157,0.3488,0.3082,640.4,0.1812,0.5399,0.4932,0,0.1939,True,0.4738,0.5136,0.3237,0.5593,high_friction,synthetic_bootstrap
syn_01462,bootstrap_user_10,support_lookup,support_lookup_022,268.9,6.155,0.117,0.6968,0.0975,989.3,0.0643,0.6956,0.3693,5,0.885,True,0.2984,0.6422,0.621,0.8594,focused_or_low_friction,synthetic_bootstrap
syn_01463,bootstrap_user_11,repetitive_admin,repetitive_admin_023,332.9,3.386,0.0468,0.8475,0.1061,382.6,0.0551,0.6146,0.1451,8,0.9011,True,0.1937,0.772,0.7223,0.9579,automation_candidate,synthetic_bootstrap
syn_01464,bootstrap_user_12,repetitive_admin,repetitive_admin_024,406.7,3.51,0.1075,0.7048,0.0868,601.4,0.0775,0.8143,0.2346,4,0.8912,True,0.2743,0.6987,0.6537,0.8546,focused_or_low_friction,synthetic_bootstrap
syn_01465,bootstrap_user_01,coding_debugging,coding_debugging_025,1287.6,3.018,0.0886,0.2163,0.3823,474.6,0.0,0.6469,0.715,5,0.3976,True,0.3247,0.7571,0.4047,0.6961,moderate_friction,synthetic_bootstrap
syn_01466,bootstrap_user_02,coding_debugging,coding_debugging_026,1525.0,1.73,0.2818,0.3071,0.3845,862.8,0.046,0.4043,0.7012,4,0.483,False,0.4262,0.6705,0.4124,0.6966,moderate_friction,synthetic_bootstrap
syn_01467,bootstrap_user_03,support_lookup,support_lookup_027,338.0,5.316,0.1516,0.6768,0.0242,552.4,0.056,0.7859,0.3381,9,0.7509,True,0.2838,0.6974,0.6295,0.8971,focused_or_low_friction,synthetic_bootstrap
syn_01468,bootstrap_user_04,repetitive_admin,repetitive_admin_028,444.9,2.694,0.1006,0.5848,0.0001,366.2,0.0276,0.8372,0.0618,9,1.0,True,0.1578,0.858,0.6801,0.99,automation_candidate,synthetic_bootstrap
syn_01469,bootstrap_user_05,coding_debugging,coding_debugging_029,916.2,1.293,0.3518,0.0492,0.3832,678.1,0.1002,0.5522,0.8631,3,0.375,True,0.3632,0.6663,0.2837,0.6277,moderate_friction,synthetic_bootstrap
syn_01470,bootstrap_user_06,deep_work,deep_work_030,2341.4,1.056,0.157,0.2003,0.0902,633.6,0.0892,0.8804,0.8228,2,0.2991,True,0.2532,0.7045,0.2973,0.591,focused_or_low_friction,synthetic_bootstrap
syn_01471,bootstrap_user_07,research_browsing,research_browsing_031,866.2,3.559,0.1523,0.0771,0.0445,524.4,0.086,0.6102,0.7871,2,0.3541,True,0.2195,0.5911,0.3214,0.6091,focused_or_low_friction,synthetic_bootstrap
syn_01472,bootstrap_user_08,repetitive_admin,repetitive_admin_032,451.7,4.177,0.0274,0.663,0.0681,401.7,0.0511,0.7822,0.2685,13,0.9953,True,0.2149,0.769,0.749,0.9666,automation_candidate,synthetic_bootstrap
syn_01473,bootstrap_user_09,deep_work,deep_work_033,1596.1,0.915,0.0008,0.1485,0.017,541.4,0.0354,0.833,0.7119,2,0.2742,True,0.1752,0.7951,0.2912,0.5981,focused_or_low_friction,synthetic_bootstrap
syn_01474,bootstrap_user_10,support_lookup,support_lookup_034,204.3,5.525,0.1862,0.5207,0.1104,476.6,0.1018,0.6555,0.2079,8,0.9686,True,0.259,0.6302,0.6172,0.9672,focused_or_low_friction,synthetic_bootstrap
syn_01475,bootstrap_user_11,support_lookup,support_lookup_035,258.1,4.757,0.1525,0.501,0.1576,317.8,0.0359,0.547,0.4273,7,0.8784,True,0.2557,0.663,0.559,0.8958,focused_or_low_friction,synthetic_bootstrap
syn_01476,bootstrap_user_12,support_lookup,support_lookup_036,280.9,2.281,0.2183,0.5037,0.0776,731.3,0.0,0.6923,0.3951,4,0.7453,True,0.3066,0.8199,0.5135,0.7989,moderate_friction,synthetic_bootstrap
syn_01477,bootstrap_user_01,support_lookup,support_lookup_037,190.9,2.404,0.1758,0.7246,0.0173,353.2,0.0355,0.6957,0.385,4,0.808,True,0.1735,0.7422,0.517,0.8158,focused_or_low_friction,synthetic_bootstrap
syn_01478,bootstrap_user_02,research_browsing,research_browsing_038,949.8,3.759,0.2176,0.1619,0.1884,734.3,0.0916,0.51,0.7055,2,0.3369,True,0.3096,0.5793,0.3196,0.6146,moderate_friction,synthetic_bootstrap
syn_01479,bootstrap_user_03,support_lookup,support_lookup_039,264.3,4.519,0.1702,0.6915,0.0808,511.7,0.0299,0.6885,0.3683,3,0.7745,True,0.2757,0.723,0.509,0.7869,focused_or_low_friction,synthetic_bootstrap
syn_01480,bootstrap_user_04,support_lookup,support_lookup_040,336.4,4.928,0.122,0.4714,0.0776,255.1,0.0662,0.7784,0.5164,3,0.8687,True,0.2105,0.6627,0.4841,0.7927,focused_or_low_friction,synthetic_bootstrap
syn_01481,bootstrap_user_05,support_lookup,support_lookup_041,381.1,3.255,0.225,0.6061,0.0377,420.6,0.1059,0.6427,0.4596,9,0.7452,False,0.2839,0.6786,0.5873,0.8811,focused_or_low_friction,synthetic_bootstrap
syn_01482,bootstrap_user_06,deep_work,deep_work_042,933.1,1.175,0.0,0.0839,0.0941,903.7,0.1126,0.7814,0.6828,2,0.5206,True,0.2115,0.6999,0.3549,0.6632,focused_or_low_friction,synthetic_bootstrap
syn_01483,bootstrap_user_07,support_lookup,support_lookup_043,362.6,1.974,0.1483,0.4623,0.1175,297.2,0.0204,0.7724,0.3418,6,0.8332,True,0.2094,0.8094,0.5109,0.8723,focused_or_low_friction,synthetic_bootstrap
syn_01484,bootstrap_user_08,repetitive_admin,repetitive_admin_044,582.2,3.132,0.1025,0.7669,0.1533,389.7,0.0419,0.9149,0.413,13,0.8199,True,0.1879,0.8039,0.7256,0.9054,automation_candidate,synthetic_bootstrap
syn_01485,bootstrap_user_09,coding_debugging,coding_debugging_045,289.6,3.282,0.2429,0.2186,0.1487,908.0,0.1251,0.6047,0.6782,6,0.2515,True,0.3542,0.5684,0.2821,0.6865,moderate_friction,synthetic_bootstrap
syn_01486,bootstrap_user_10,deep_work,deep_work_046,2365.8,1.072,0.1042,0.1645,0.0554,404.5,0.0768,0.8877,0.7226,1,0.4447,False,0.1866,0.733,0.2988,0.617,focused_or_low_friction,synthetic_bootstrap
syn_01487,bootstrap_user_11,research_browsing,research_browsing_047,2313.3,1.382,0.1463,0.2208,0.0765,684.2,0.1815,0.6586,0.7625,2,0.3637,False,0.394,0.5942,0.3416,0.6144,moderate_friction,synthetic_bootstrap
syn_01488,bootstrap_user_12,support_lookup,support_lookup_048,296.2,4.189,0.1316,0.7165,0.1246,145.4,0.0352,0.6119,0.3379,10,1.0,False,0.256,0.717,0.6897,0.9595,automation_candidate,synthetic_bootstrap
syn_01489,bootstrap_user_01,research_browsing,research_browsing_049,1621.5,3.165,0.1875,0.1823,0.1278,751.5,0.1194,0.51,1.0,2,0.3915,True,0.3942,0.5418,0.2832,0.5929,moderate_friction,synthetic_bootstrap
syn_01490,bootstrap_user_02,support_lookup,support_lookup_050,188.3,3.418,0.132,0.4809,0.1122,771.5,0.0639,0.5419,0.2466,5,0.6484,False,0.3069,0.6984,0.4682,0.815,moderate_friction,synthetic_bootstrap
syn_01491,bootstrap_user_03,deep_work,deep_work_051,1585.5,0.517,0.0895,0.0969,0.0496,158.5,0.0826,0.9054,0.7507,3,0.2691,True,0.0986,0.7803,0.3276,0.6147,focused_or_low_friction,synthetic_bootstrap
syn_01492,bootstrap_user_04,research_browsing,research_browsing_052,1599.2,4.828,0.1661,0.1693,0.0542,657.7,0.1235,0.5831,0.7621,1,0.3414,True,0.3392,0.5017,0.3181,0.5864,moderate_friction,synthetic_bootstrap
syn_01493,bootstrap_user_05,coding_debugging,coding_debugging_053,478.0,1.448,0.2334,0.2254,0.2334,1349.7,0.0369,0.743,0.7037,2,0.5023,True,0.2958,0.7826,0.2632,0.6561,focused_or_low_friction,synthetic_bootstrap
syn_01494,bootstrap_user_06,coding_debugging,coding_debugging_054,989.8,2.371,0.4349,0.2002,0.5661,977.4,0.0,0.4501,0.7437,1,0.4967,False,0.4155,0.6571,0.4038,0.6274,moderate_friction,synthetic_bootstrap
syn_01495,bootstrap_user_07,support_lookup,support_lookup_055,57.7,5.554,0.266,0.5769,0.0398,620.1,0.0454,0.5085,0.57,4,0.6428,True,0.3176,0.6296,0.4368,0.7523,moderate_friction,synthetic_bootstrap
syn_01496,bootstrap_user_08,coding_debugging,coding_debugging_056,933.5,2.502,0.3019,0.263,0.3272,822.8,0.0792,0.7016,0.684,4,0.6143,True,0.407,0.6505,0.4432,0.7315,moderate_friction,synthetic_bootstrap
syn_01497,bootstrap_user_09,research_browsing,research_browsing_057,1620.0,3.486,0.2265,0.2455,0.1126,1104.5,0.1073,0.4775,0.7559,2,0.3583,True,0.4004,0.5897,0.4098,0.6139,moderate_friction,synthetic_bootstrap
syn_01498,bootstrap_user_10,coding_debugging,coding_debugging_058,1113.2,3.83,0.3753,0.4619,0.3473,815.5,0.1421,0.5623,0.7607,4,0.5347,True,0.4486,0.5376,0.5195,0.7024,high_friction,synthetic_bootstrap
syn_01499,bootstrap_user_11,repetitive_admin,repetitive_admin_059,532.5,3.539,0.0705,0.6402,0.0984,488.1,0.0711,0.6792,0.2649,3,0.7487,True,0.295,0.7304,0.5945,0.7929,focused_or_low_friction,synthetic_bootstrap
syn_01500,bootstrap_user_12,coding_debugging,coding_debugging_060,1026.2,2.228,0.171,0.2053,0.181,378.2,0.0414,0.6194,0.6463,2,0.4774,True,0.2594,0.7312,0.4011,0.6568,focused_or_low_friction,synthetic_bootstrap
syn_01501,bootstrap_user_01,coding_debugging,coding_debugging_001,1332.5,2.153,0.2114,0.2318,0.4653,851.0,0.0947,0.672,0.725,3,0.3855,True,0.4175,0.6188,0.4012,0.6469,moderate_friction,synthetic_bootstrap
syn_01502,bootstrap_user_02,research_browsing,research_browsing_002,1111.6,0.904,0.1323,0.1771,0.1051,812.8,0.1504,0.3944,0.8302,3,0.3263,True,0.2768,0.5611,0.3541,0.6194,focused_or_low_friction,synthetic_bootstrap
syn_01503,bootstrap_user_03,repetitive_admin,repetitive_admin_003,378.0,5.423,0.0433,0.9077,0.0556,492.1,0.0411,0.7504,0.3396,6,0.9241,True,0.2414,0.6574,0.6768,0.8953,focused_or_low_friction,synthetic_bootstrap
syn_01504,bootstrap_user_04,support_lookup,support_lookup_004,386.4,5.134,0.2509,0.6269,0.1938,571.9,0.0402,0.7455,0.4615,8,0.7497,True,0.3928,0.6867,0.5666,0.882,moderate_friction,synthetic_bootstrap
syn_01505,bootstrap_user_05,coding_debugging,coding_debugging_005,817.1,1.592,0.197,0.0289,0.4891,552.2,0.0598,0.3964,0.8066,2,0.3709,True,0.3639,0.6372,0.2478,0.6109,moderate_friction,synthetic_bootstrap
syn_01506,bootstrap_user_06,support_lookup,support_lookup_006,130.8,2.688,0.202,0.7409,0.1833,225.7,0.0786,0.5985,0.6816,11,0.9602,True,0.2534,0.6449,0.6287,0.9083,focused_or_low_friction,synthetic_bootstrap
syn_01507,bootstrap_user_07,coding_debugging,coding_debugging_007,740.0,2.756,0.4516,0.2043,0.2278,394.3,0.1122,0.7452,0.8479,5,0.4782,True,0.3488,0.5703,0.3805,0.7003,moderate_friction,synthetic_bootstrap
syn_01508,bootstrap_user_08,support_lookup,support_lookup_008,431.1,3.01,0.1772,0.7021,0.1141,726.9,0.1058,0.708,0.5129,4,0.7742,True,0.3644,0.7043,0.5121,0.792,moderate_friction,synthetic_bootstrap
syn_01509,bootstrap_user_09,repetitive_admin,repetitive_admin_009,418.1,3.336,0.145,0.8729,0.1536,384.9,0.0837,0.7983,0.2779,1,0.9415,True,0.2427,0.7134,0.6501,0.7945,focused_or_low_friction,synthetic_bootstrap
syn_01510,bootstrap_user_10,coding_debugging,coding_debugging_010,1168.6,1.173,0.1367,0.3077,0.3707,659.6,0.1231,0.6834,0.734,1,0.5546,False,0.3358,0.6493,0.3659,0.6431,moderate_friction,synthetic_bootstrap
syn_01511,bootstrap_user_11,deep_work,deep_work_011,1838.3,1.218,0.132,0.1968,0.0675,305.2,0.0793,0.8194,0.7907,1,0.3024,True,0.2269,0.7061,0.3304,0.5732,focused_or_low_friction,synthetic_bootstrap
syn_01512,bootstrap_user_12,repetitive_admin,repetitive_admin_012,251.7,2.766,0.1008,0.7107,0.1048,393.8,0.0684,0.7038,0.3174,8,0.7489,True,0.1931,0.7312,0.5767,0.8991,focused_or_low_friction,synthetic_bootstrap
syn_01513,bootstrap_user_01,coding_debugging,coding_debugging_013,919.9,1.98,0.4735,0.449,0.0274,906.9,0.1477,0.5862,0.8128,5,0.2279,True,0.4215,0.5288,0.4009,0.6419,moderate_friction,synthetic_bootstrap
syn_01514,bootstrap_user_02,coding_debugging,coding_debugging_014,898.2,3.147,0.411,0.2562,0.3032,333.0,0.1712,0.5712,0.7058,4,0.4477,True,0.3844,0.523,0.4332,0.6872,moderate_friction,synthetic_bootstrap
syn_01515,bootstrap_user_03,research_browsing,research_browsing_015,788.6,2.836,0.3176,0.1081,0.0642,456.5,0.1177,0.7483,0.8438,0,0.3778,True,0.2825,0.5979,0.2473,0.5632,focused_or_low_friction,synthetic_bootstrap
syn_01516,bootstrap_user_04,repetitive_admin,repetitive_admin_016,409.3,2.759,0.1385,0.6137,0.035,475.2,0.0833,0.7922,0.2151,5,0.8054,True,0.1864,0.776,0.5731,0.858,focused_or_low_friction,synthetic_bootstrap
syn_01517,bootstrap_user_05,deep_work,deep_work_017,2418.9,1.278,0.1071,0.0325,0.1205,470.8,0.0651,0.929,0.6649,1,0.4849,True,0.1904,0.7548,0.2861,0.6339,focused_or_low_friction,synthetic_bootstrap
syn_01518,bootstrap_user_06,research_browsing,research_browsing_018,982.8,3.683,0.1283,0.0314,0.1152,510.5,0.1092,0.7339,0.8057,3,0.2918,True,0.2581,0.6119,0.283,0.6138,focused_or_low_friction,synthetic_bootstrap
syn_01519,bootstrap_user_07,deep_work,deep_work_019,1392.9,0.699,0.0136,0.1627,0.0749,492.2,0.0275,0.8761,0.8498,3,0.5785,True,0.1312,0.8126,0.3605,0.6801,focused_or_low_friction,synthetic_bootstrap
syn_01520,bootstrap_user_08,repetitive_admin,repetitive_admin_020,158.9,4.019,0.1059,0.5439,0.0597,352.5,0.0504,0.7421,0.4169,3,0.8478,True,0.2287,0.7087,0.4723,0.7994,focused_or_low_friction,synthetic_bootstrap
syn_01521,bootstrap_user_09,repetitive_admin,repetitive_admin_021,577.5,4.525,0.2084,0.5228,0.0993,415.1,0.0485,0.746,0.4086,12,0.9318,True,0.3538,0.6906,0.6572,0.9339,moderate_friction,synthetic_bootstrap
syn_01522,bootstrap_user_10,support_lookup,support_lookup_022,233.5,4.369,0.2843,0.5536,0.1346,254.1,0.0924,0.6668,0.3291,13,0.897,True,0.2754,0.7042,0.7044,0.9348,automation_candidate,synthetic_bootstrap
syn_01523,bootstrap_user_11,research_browsing,research_browsing_023,1811.5,0.968,0.3399,0.1292,0.1662,491.0,0.1344,0.5032,0.7709,2,0.1417,True,0.3369,0.5787,0.2771,0.5579,moderate_friction,synthetic_bootstrap
syn_01524,bootstrap_user_12,coding_debugging,coding_debugging_024,1681.4,1.909,0.1621,0.1478,0.197,860.1,0.0965,0.6568,0.7565,4,0.3626,True,0.374,0.6596,0.3634,0.6599,moderate_friction,synthetic_bootstrap
syn_01525,bootstrap_user_01,coding_debugging,coding_debugging_025,779.7,2.778,0.1504,0.196,0.4129,485.9,0.1525,0.455,0.5615,0,0.4364,True,0.375,0.6008,0.3668,0.6117,moderate_friction,synthetic_bootstrap
syn_01526,bootstrap_user_02,deep_work,deep_work_026,1384.1,0.422,0.1194,0.2637,0.0384,682.9,0.0032,0.8512,0.6696,1,0.3538,True,0.1642,0.8462,0.3451,0.6006,focused_or_low_friction,synthetic_bootstrap
syn_01527,bootstrap_user_03,repetitive_admin,repetitive_admin_027,658.6,3.327,0.0709,0.5835,0.1479,584.1,0.0766,0.7454,0.3615,13,0.8106,True,0.2699,0.7236,0.7311,0.9093,automation_candidate,synthetic_bootstrap
syn_01528,bootstrap_user_04,support_lookup,support_lookup_028,367.9,4.462,0.0,0.5347,0.1151,481.1,0.061,0.6843,0.3013,6,0.7751,True,0.325,0.7065,0.4984,0.8626,moderate_friction,synthetic_bootstrap
syn_01529,bootstrap_user_05,deep_work,deep_work_029,2691.6,0.419,0.125,0.0955,0.1185,441.3,0.12,0.8029,0.6145,2,0.3041,True,0.2173,0.7879,0.2474,0.6173,focused_or_low_friction,synthetic_bootstrap
syn_01530,bootstrap_user_06,repetitive_admin,repetitive_admin_030,456.2,2.957,0.2302,0.5867,0.0841,469.2,0.0446,0.6709,0.2778,7,0.835,True,0.2748,0.7677,0.6037,0.9029,focused_or_low_friction,synthetic_bootstrap
syn_01531,bootstrap_user_07,repetitive_admin,repetitive_admin_031,502.8,3.53,0.1776,0.8765,0.0685,486.5,0.0111,0.5372,0.4626,7,0.8802,True,0.2535,0.7056,0.6889,0.892,automation_candidate,synthetic_bootstrap
syn_01532,bootstrap_user_08,deep_work,deep_work_032,1541.7,0.649,0.0428,0.2433,0.1334,362.9,0.1074,0.8004,0.6462,1,0.4272,False,0.1813,0.7902,0.3472,0.6217,focused_or_low_friction,synthetic_bootstrap
syn_01533,bootstrap_user_09,support_lookup,support_lookup_033,263.6,4.199,0.2183,0.4106,0.1951,696.6,0.0407,0.6632,0.2987,7,0.7961,True,0.2853,0.7059,0.5593,0.8907,focused_or_low_friction,synthetic_bootstrap
syn_01534,bootstrap_user_10,coding_debugging,coding_debugging_034,859.8,0.0,0.2634,0.4811,0.3849,628.1,0.0975,0.6848,0.5444,1,0.4758,False,0.2684,0.7693,0.4048,0.6461,focused_or_low_friction,synthetic_bootstrap
syn_01535,bootstrap_user_11,deep_work,deep_work_035,107.2,1.135,0.107,0.2089,0.1249,484.5,0.0696,0.8023,0.634,1,0.1327,True,0.176,0.7139,0.1098,0.5496,focused_or_low_friction,synthetic_bootstrap
syn_01536,bootstrap_user_12,support_lookup,support_lookup_036,226.6,4.146,0.1549,0.3106,0.1876,261.5,0.0355,0.5338,0.5029,8,0.7427,True,0.2765,0.6502,0.4958,0.8753,focused_or_low_friction,synthetic_bootstrap
syn_01537,bootstrap_user_01,coding_debugging,coding_debugging_037,853.1,2.668,0.3334,0.1806,0.0947,715.8,0.0275,0.6186,0.6943,2,0.2386,True,0.2881,0.7375,0.3086,0.5913,focused_or_low_friction,synthetic_bootstrap
syn_01538,bootstrap_user_02,coding_debugging,coding_debugging_038,1258.2,2.235,0.3176,0.3493,0.4104,320.7,0.1428,0.6647,0.7236,5,0.6654,True,0.3466,0.5722,0.5267,0.762,moderate_friction,synthetic_bootstrap
syn_01539,bootstrap_user_03,coding_debugging,coding_debugging_039,1711.8,0.374,0.3995,0.2145,0.1191,902.0,0.1455,0.5714,0.6143,5,0.3264,True,0.3606,0.6435,0.3819,0.6904,moderate_friction,synthetic_bootstrap
syn_01540,bootstrap_user_04,support_lookup,support_lookup_040,347.3,6.092,0.1149,0.6877,0.0417,272.0,0.0426,0.7009,0.5445,12,0.7545,True,0.3191,0.6582,0.6637,0.8733,moderate_friction,synthetic_bootstrap
syn_01541,bootstrap_user_05,research_browsing,research_browsing_041,1388.1,2.879,0.2012,0.1527,0.094,560.7,0.0532,0.6835,0.8413,4,0.3443,True,0.2771,0.6648,0.3649,0.6451,focused_or_low_friction,synthetic_bootstrap
syn_01542,bootstrap_user_06,repetitive_admin,repetitive_admin_042,383.3,1.73,0.0757,0.7222,0.1096,186.8,0.058,0.7599,0.2348,6,0.8011,True,0.1826,0.8333,0.5591,0.8771,focused_or_low_friction,synthetic_bootstrap
syn_01543,bootstrap_user_07,repetitive_admin,repetitive_admin_043,392.0,1.006,0.1266,0.7917,0.1428,147.8,0.0174,0.753,0.1182,9,0.9098,True,0.1401,0.8551,0.7133,0.9633,automation_candidate,synthetic_bootstrap
syn_01544,bootstrap_user_08,deep_work,deep_work_044,1903.3,0.512,0.0181,0.1811,0.1579,311.1,0.0624,0.7598,0.8355,0,0.5043,True,0.1779,0.7479,0.32,0.5958,focused_or_low_friction,synthetic_bootstrap
syn_01545,bootstrap_user_09,support_lookup,support_lookup_045,187.0,5.57,0.2679,0.4922,0.1434,455.8,0.0615,0.8125,0.2859,9,0.8357,True,0.2785,0.6859,0.5614,0.9246,focused_or_low_friction,synthetic_bootstrap
syn_01546,bootstrap_user_10,repetitive_admin,repetitive_admin_046,329.0,2.155,0.1034,0.8814,0.1032,193.8,0.0418,0.761,0.3544,5,0.761,True,0.1723,0.7973,0.5676,0.8302,focused_or_low_friction,synthetic_bootstrap
syn_01547,bootstrap_user_11,repetitive_admin,repetitive_admin_047,683.2,3.101,0.1316,0.6406,0.1243,454.3,0.0594,0.6364,0.3894,11,0.9412,True,0.3039,0.715,0.7752,0.9386,automation_candidate,synthetic_bootstrap
syn_01548,bootstrap_user_12,coding_debugging,coding_debugging_048,855.9,1.132,0.2389,0.1867,0.426,427.4,0.0719,0.631,0.8468,4,0.6467,True,0.2948,0.6964,0.3875,0.72,focused_or_low_friction,synthetic_bootstrap
syn_01549,bootstrap_user_01,repetitive_admin,repetitive_admin_049,163.5,4.176,0.1326,0.8357,0.0459,547.0,0.0701,0.7372,0.3007,9,0.7915,True,0.2298,0.7015,0.6054,0.9118,focused_or_low_friction,synthetic_bootstrap
syn_01550,bootstrap_user_02,repetitive_admin,repetitive_admin_050,464.2,4.036,0.1841,0.7839,0.1127,508.4,0.0524,0.5493,0.396,4,0.7695,True,0.3649,0.6862,0.5617,0.8049,moderate_friction,synthetic_bootstrap
syn_01551,bootstrap_user_03,deep_work,deep_work_051,1458.3,0.8,0.1071,0.1723,0.0436,507.1,0.0556,0.9038,0.6856,1,0.4327,True,0.1399,0.8067,0.3348,0.6184,focused_or_low_friction,synthetic_bootstrap
syn_01552,bootstrap_user_04,support_lookup,support_lookup_052,380.2,5.152,0.1629,0.4002,0.1193,581.5,0.0615,0.3589,0.4347,4,0.8586,True,0.3857,0.6088,0.5086,0.8225,moderate_friction,synthetic_bootstrap
syn_01553,bootstrap_user_05,repetitive_admin,repetitive_admin_053,498.8,3.303,0.089,0.6114,0.1436,437.0,0.0749,0.7759,0.3776,4,0.8667,True,0.2813,0.7831,0.5772,0.8314,focused_or_low_friction,synthetic_bootstrap
syn_01554,bootstrap_user_06,repetitive_admin,repetitive_admin_054,320.8,2.004,0.0657,0.6271,0.0,292.2,0.0715,0.7468,0.2541,2,0.944,True,0.1446,0.7404,0.5082,0.8205,focused_or_low_friction,synthetic_bootstrap
syn_01555,bootstrap_user_07,repetitive_admin,repetitive_admin_055,485.1,3.171,0.1315,0.8023,0.0862,464.5,0.0247,0.63,0.3277,11,0.9015,True,0.2415,0.7628,0.7341,0.9361,automation_candidate,synthetic_bootstrap
syn_01556,bootstrap_user_08,coding_debugging,coding_debugging_056,1297.7,4.546,0.1787,0.5626,0.1743,880.3,0.0403,0.6437,0.8182,3,0.5562,False,0.3253,0.6419,0.5093,0.6784,moderate_friction,synthetic_bootstrap
syn_01557,bootstrap_user_09,research_browsing,research_browsing_057,1110.2,2.548,0.2566,0.1148,0.1188,911.5,0.213,0.7485,0.8129,2,0.252,True,0.3738,0.5214,0.3009,0.5804,moderate_friction,synthetic_bootstrap
syn_01558,bootstrap_user_10,support_lookup,support_lookup_058,163.7,5.944,0.1542,0.7614,0.0748,383.8,0.0998,0.5974,0.1875,3,0.8757,True,0.2482,0.6093,0.5974,0.8339,focused_or_low_friction,synthetic_bootstrap
syn_01559,bootstrap_user_11,coding_debugging,coding_debugging_059,1692.2,2.138,0.341,0.3273,0.5153,479.5,0.0666,0.5543,0.8028,2,0.4637,True,0.4296,0.6405,0.4377,0.6346,moderate_friction,synthetic_bootstrap
syn_01560,bootstrap_user_12,research_browsing,research_browsing_060,864.7,2.837,0.1106,0.1981,0.0902,885.2,0.1098,0.5267,0.7803,4,0.1116,True,0.3102,0.5882,0.3226,0.5943,moderate_friction,synthetic_bootstrap
syn_01561,bootstrap_user_01,research_browsing,research_browsing_001,1321.8,3.282,0.2306,0.1718,0.0355,688.7,0.0218,0.4994,0.8391,3,0.5819,True,0.3011,0.6576,0.4405,0.6823,moderate_friction,synthetic_bootstrap
syn_01562,bootstrap_user_02,coding_debugging,coding_debugging_002,1789.7,1.268,0.2645,0.325,0.392,933.9,0.0776,0.6741,0.8129,1,0.6062,True,0.4014,0.6986,0.4311,0.6465,moderate_friction,synthetic_bootstrap
syn_01563,bootstrap_user_03,research_browsing,research_browsing_003,1775.6,4.734,0.2191,0.2065,0.0,895.5,0.161,0.7427,0.7251,3,0.4222,True,0.4135,0.5435,0.3464,0.6561,moderate_friction,synthetic_bootstrap
syn_01564,bootstrap_user_04,research_browsing,research_browsing_004,1642.2,2.156,0.0692,0.2093,0.0967,958.8,0.1191,0.6734,0.8407,3,0.1936,True,0.33,0.6456,0.3164,0.585,moderate_friction,synthetic_bootstrap
syn_01565,bootstrap_user_05,coding_debugging,coding_debugging_005,823.7,1.896,0.4613,0.0706,0.3709,1102.8,0.1289,0.8268,0.8139,3,0.3547,True,0.4114,0.6187,0.2972,0.6285,moderate_friction,synthetic_bootstrap
syn_01566,bootstrap_user_06,support_lookup,support_lookup_006,139.6,4.522,0.0616,0.5587,0.0,669.9,0.0946,0.6679,0.5615,11,0.838,True,0.244,0.6442,0.586,0.8921,focused_or_low_friction,synthetic_bootstrap
syn_01567,bootstrap_user_07,deep_work,deep_work_007,2074.1,1.08,0.0685,0.2377,0.0786,453.8,0.0409,0.7984,0.8958,1,0.4025,True,0.1435,0.7635,0.3029,0.5856,focused_or_low_friction,synthetic_bootstrap
syn_01568,bootstrap_user_08,deep_work,deep_work_008,1959.5,1.245,0.0917,0.1763,0.0466,577.2,0.0724,0.6601,0.7627,3,0.5277,True,0.2496,0.72,0.3967,0.6779,focused_or_low_friction,synthetic_bootstrap
syn_01569,bootstrap_user_09,support_lookup,support_lookup_009,171.3,2.294,0.1418,0.786,0.0769,603.8,0.0772,0.6844,0.2195,8,0.7478,True,0.2364,0.7489,0.6399,0.9106,focused_or_low_friction,synthetic_bootstrap
syn_01570,bootstrap_user_10,support_lookup,support_lookup_010,294.4,2.294,0.1737,0.8326,0.069,507.7,0.0192,0.5399,0.2682,3,0.7282,True,0.2503,0.7918,0.5688,0.7874,focused_or_low_friction,synthetic_bootstrap
syn_01571,bootstrap_user_11,support_lookup,support_lookup_011,149.2,3.302,0.2413,0.5375,0.145,821.9,0.0163,0.6243,0.3382,5,0.7292,True,0.2725,0.7517,0.5099,0.8242,focused_or_low_friction,synthetic_bootstrap
syn_01572,bootstrap_user_12,support_lookup,support_lookup_012,257.5,5.642,0.1327,0.4638,0.0948,603.2,0.0858,0.806,0.3919,9,0.9269,False,0.2852,0.7086,0.6242,0.9347,focused_or_low_friction,synthetic_bootstrap
syn_01573,bootstrap_user_01,support_lookup,support_lookup_013,311.1,5.372,0.0731,0.5359,0.0594,595.3,0.0489,0.6695,0.3258,2,0.8785,True,0.2739,0.662,0.4914,0.7955,focused_or_low_friction,synthetic_bootstrap
syn_01574,bootstrap_user_02,research_browsing,research_browsing_014,1450.9,4.359,0.0795,0.1354,0.0125,516.8,0.1136,0.672,0.6305,2,0.1833,True,0.2914,0.62,0.3056,0.5852,focused_or_low_friction,synthetic_bootstrap
syn_01575,bootstrap_user_03,deep_work,deep_work_015,1253.4,0.755,0.0437,0.1983,0.1438,632.1,0.0792,0.9098,0.5779,3,0.2268,True,0.1973,0.7804,0.3273,0.6249,focused_or_low_friction,synthetic_bootstrap
syn_01576,bootstrap_user_04,repetitive_admin,repetitive_admin_016,265.4,5.564,0.2293,0.9056,0.0835,507.5,0.0484,0.841,0.2389,14,0.8231,True,0.2281,0.7141,0.7376,0.9271,automation_candidate,synthetic_bootstrap
syn_01577,bootstrap_user_05,coding_debugging,coding_debugging_017,1319.3,1.767,0.367,0.3918,0.3078,1356.8,0.1564,0.8452,0.7139,0,0.3211,True,0.4047,0.5803,0.3833,0.5646,moderate_friction,synthetic_bootstrap
syn_01578,bootstrap_user_06,research_browsing,research_browsing_018,420.0,4.022,0.4167,0.1177,0.1194,562.3,0.1514,0.4367,0.7895,3,0.2941,True,0.4119,0.4508,0.266,0.6163,moderate_friction,synthetic_bootstrap
syn_01579,bootstrap_user_07,research_browsing,research_browsing_019,1641.3,3.132,0.4484,0.2387,0.0899,782.6,0.1205,0.5853,0.8195,1,0.3255,True,0.365,0.5727,0.3133,0.5755,moderate_friction,synthetic_bootstrap
syn_01580,bootstrap_user_08,research_browsing,research_browsing_020,1420.7,2.164,0.1543,0.0969,0.1474,911.7,0.1113,0.5156,0.6646,3,0.2188,True,0.3494,0.6219,0.2667,0.6125,moderate_friction,synthetic_bootstrap
syn_01581,bootstrap_user_09,research_browsing,research_browsing_021,659.6,3.37,0.161,0.2208,0.1073,880.5,0.0684,0.6079,0.8511,1,0.4353,True,0.2868,0.5909,0.2949,0.5992,focused_or_low_friction,synthetic_bootstrap
syn_01582,bootstrap_user_10,repetitive_admin,repetitive_admin_022,396.8,4.032,0.1107,0.6486,0.018,222.2,0.0593,0.8193,0.2381,13,0.784,True,0.1542,0.745,0.7125,0.9174,automation_candidate,synthetic_bootstrap
syn_01583,bootstrap_user_11,support_lookup,support_lookup_023,273.4,2.142,0.2561,0.86,0.0975,358.5,0.0859,0.8564,0.4534,2,0.8655,True,0.2049,0.7614,0.5568,0.777,focused_or_low_friction,synthetic_bootstrap
syn_01584,bootstrap_user_12,repetitive_admin,repetitive_admin_024,617.2,2.139,0.1439,0.6126,0.0899,572.0,0.0072,0.6168,0.3755,8,0.9537,True,0.2727,0.8068,0.6541,0.9434,focused_or_low_friction,synthetic_bootstrap
syn_01585,bootstrap_user_01,coding_debugging,coding_debugging_025,295.1,4.74,0.3034,0.106,0.3314,891.6,0.1497,0.712,0.6986,0,0.4846,True,0.423,0.5196,0.283,0.6073,moderate_friction,synthetic_bootstrap
syn_01586,bootstrap_user_02,research_browsing,research_browsing_026,1021.9,2.459,0.1479,0.2373,0.0689,819.1,0.0802,0.5522,0.8028,2,0.1891,True,0.292,0.648,0.305,0.5659,focused_or_low_friction,synthetic_bootstrap
syn_01587,bootstrap_user_03,repetitive_admin,repetitive_admin_027,508.0,2.789,0.0726,0.7712,0.0603,569.6,0.052,0.6164,0.2215,4,0.9458,True,0.2452,0.7683,0.6259,0.8699,focused_or_low_friction,synthetic_bootstrap
syn_01588,bootstrap_user_04,support_lookup,support_lookup_028,346.0,4.924,0.236,0.5951,0.0784,639.7,0.1065,0.7706,0.534,7,0.693,True,0.3808,0.5765,0.5851,0.8367,moderate_friction,synthetic_bootstrap
syn_01589,bootstrap_user_05,repetitive_admin,repetitive_admin_029,301.9,5.123,0.1158,0.8067,0.1754,337.1,0.0396,0.6775,0.1798,7,0.8156,True,0.2289,0.7319,0.6347,0.9098,focused_or_low_friction,synthetic_bootstrap
syn_01590,bootstrap_user_06,deep_work,deep_work_030,1718.8,1.433,0.009,0.3045,0.0563,486.2,0.1312,0.9467,0.727,1,0.2561,False,0.2204,0.7059,0.3251,0.5693,focused_or_low_friction,synthetic_bootstrap
syn_01591,bootstrap_user_07,repetitive_admin,repetitive_admin_031,263.4,2.044,0.1216,0.681,0.0699,187.7,0.0478,0.8794,0.1947,12,0.5829,True,0.0683,0.8578,0.6276,0.8723,focused_or_low_friction,synthetic_bootstrap
syn_01592,bootstrap_user_08,deep_work,deep_work_032,1282.8,0.93,0.1401,0.2586,0.0697,80.0,0.0441,0.8813,0.8899,1,0.2772,True,0.1466,0.7368,0.2899,0.555,focused_or_low_friction,synthetic_bootstrap
syn_01593,bootstrap_user_09,research_browsing,research_browsing_033,1850.0,2.923,0.2915,0.0516,0.0283,488.3,0.0959,0.6201,0.8509,5,0.2114,True,0.3267,0.62,0.3356,0.6332,moderate_friction,synthetic_bootstrap
syn_01594,bootstrap_user_10,support_lookup,support_lookup_034,215.2,6.779,0.1233,0.7539,0.1827,274.9,0.0773,0.3875,0.4507,3,0.8467,True,0.368,0.5649,0.5749,0.7951,moderate_friction,synthetic_bootstrap
syn_01595,bootstrap_user_11,research_browsing,research_browsing_035,1159.8,2.918,0.1196,0.1631,0.0855,476.6,0.0229,0.4268,0.548,1,0.3433,True,0.2722,0.6965,0.3023,0.6126,focused_or_low_friction,synthetic_bootstrap
syn_01596,bootstrap_user_12,coding_debugging,coding_debugging_036,906.0,3.146,0.1728,0.2479,0.3347,566.2,0.1504,0.6544,0.6948,6,0.5618,True,0.3266,0.6313,0.457,0.7621,moderate_friction,synthetic_bootstrap
syn_01597,bootstrap_user_01,repetitive_admin,repetitive_admin_037,430.0,4.431,0.1591,0.8156,0.1095,383.3,0.0262,0.7791,0.2397,6,0.9786,True,0.2767,0.7646,0.679,0.9209,focused_or_low_friction,synthetic_bootstrap
syn_01598,bootstrap_user_02,deep_work,deep_work_038,891.2,1.754,0.0797,0.0,0.1394,441.0,0.0427,0.8945,0.4251,1,0.3141,True,0.206,0.8138,0.2962,0.62,focused_or_low_friction,synthetic_bootstrap
syn_01599,bootstrap_user_03,coding_debugging,coding_debugging_039,2336.8,2.204,0.3315,0.1163,0.4959,594.6,0.1134,0.6364,0.7285,2,0.4538,True,0.4997,0.6145,0.3512,0.641,high_friction,synthetic_bootstrap
syn_01600,bootstrap_user_04,repetitive_admin,repetitive_admin_040,298.7,5.886,0.1277,0.8538,0.1079,667.1,0.0426,0.6404,0.4659,12,0.8965,True,0.3076,0.6795,0.748,0.9182,automation_candidate,synthetic_bootstrap
syn_01601,bootstrap_user_05,research_browsing,research_browsing_041,1801.0,3.579,0.1907,0.1636,0.0804,708.4,0.0872,0.6323,0.8322,2,0.3267,True,0.3525,0.5715,0.3238,0.5968,moderate_friction,synthetic_bootstrap
syn_01602,bootstrap_user_06,deep_work,deep_work_042,1307.1,0.845,0.0443,0.0,0.2026,408.3,0.1379,0.7778,0.8498,0,0.3711,True,0.2697,0.6655,0.265,0.5608,focused_or_low_friction,synthetic_bootstrap
syn_01603,bootstrap_user_07,coding_debugging,coding_debugging_043,1302.8,2.177,0.3369,0.3759,0.3668,822.2,0.126,0.8207,0.6783,0,0.2665,True,0.3564,0.6297,0.3515,0.5552,moderate_friction,synthetic_bootstrap
syn_01604,bootstrap_user_08,coding_debugging,coding_debugging_044,1211.3,2.413,0.1997,0.3394,0.3534,1191.1,0.1423,0.5716,0.8505,3,0.5317,True,0.4179,0.5831,0.431,0.6684,moderate_friction,synthetic_bootstrap
syn_01605,bootstrap_user_09,repetitive_admin,repetitive_admin_045,435.5,3.069,0.0688,0.4626,0.0522,405.9,0.0826,0.8116,0.252,5,0.8456,True,0.1472,0.7252,0.5676,0.8637,focused_or_low_friction,synthetic_bootstrap
syn_01606,bootstrap_user_10,repetitive_admin,repetitive_admin_046,698.6,3.954,0.1165,0.5528,0.0736,459.5,0.0749,0.802,0.401,16,0.8276,True,0.2433,0.6943,0.6981,0.9088,automation_candidate,synthetic_bootstrap
syn_01607,bootstrap_user_11,research_browsing,research_browsing_047,1624.5,2.8,0.1754,0.3562,0.0728,425.7,0.1945,0.6819,0.8876,2,0.1349,True,0.2908,0.5292,0.3364,0.5422,focused_or_low_friction,synthetic_bootstrap
syn_01608,bootstrap_user_12,repetitive_admin,repetitive_admin_048,581.3,3.108,0.1649,0.6115,0.1187,467.7,0.026,0.7877,0.389,8,0.7942,True,0.2735,0.758,0.5935,0.9019,focused_or_low_friction,synthetic_bootstrap
syn_01609,bootstrap_user_01,support_lookup,support_lookup_049,312.2,5.288,0.352,0.7065,0.0495,887.2,0.0916,0.4595,0.2467,5,0.8738,True,0.4048,0.6082,0.5342,0.8714,moderate_friction,synthetic_bootstrap
syn_01610,bootstrap_user_02,support_lookup,support_lookup_050,334.7,5.34,0.1123,0.4701,0.0669,80.0,0.0502,0.682,0.2259,9,0.8003,True,0.2455,0.7157,0.6285,0.923,focused_or_low_friction,synthetic_bootstrap
syn_01611,bootstrap_user_03,repetitive_admin,repetitive_admin_051,358.9,3.961,0.1663,0.7701,0.1471,285.6,0.0374,0.6701,0.3525,7,0.8043,True,0.2807,0.7177,0.5924,0.8863,focused_or_low_friction,synthetic_bootstrap
syn_01612,bootstrap_user_04,coding_debugging,coding_debugging_052,1938.6,2.624,0.3263,0.2505,0.22,672.5,0.1339,0.5608,0.7633,3,0.272,True,0.4469,0.575,0.3697,0.6139,high_friction,synthetic_bootstrap
syn_01613,bootstrap_user_05,coding_debugging,coding_debugging_053,293.2,1.756,0.112,0.2525,0.3326,816.7,0.1589,0.4453,0.6401,3,0.457,True,0.3677,0.62,0.3279,0.6749,moderate_friction,synthetic_bootstrap
syn_01614,bootstrap_user_06,repetitive_admin,repetitive_admin_054,193.6,3.36,0.1404,0.6874,0.1339,364.9,0.1131,0.8105,0.3076,12,0.9825,True,0.2043,0.6888,0.6649,0.9587,focused_or_low_friction,synthetic_bootstrap
syn_01615,bootstrap_user_07,research_browsing,research_browsing_055,129.6,3.192,0.1851,0.1533,0.1514,625.3,0.2048,0.5112,0.7223,0,0.3867,True,0.3212,0.4754,0.2436,0.58,moderate_friction,synthetic_bootstrap
syn_01616,bootstrap_user_08,repetitive_admin,repetitive_admin_056,202.4,4.21,0.0857,0.7677,0.1231,441.9,0.0411,0.8656,0.3089,23,0.7236,True,0.2133,0.7637,0.6849,0.8938,automation_candidate,synthetic_bootstrap
syn_01617,bootstrap_user_09,deep_work,deep_work_057,1250.8,0.824,0.1029,0.1065,0.1016,204.9,0.0958,0.9356,0.5562,0,0.4928,True,0.1461,0.779,0.3044,0.6264,focused_or_low_friction,synthetic_bootstrap
syn_01618,bootstrap_user_10,support_lookup,support_lookup_058,406.7,5.414,0.2024,0.3402,0.1456,327.2,0.0534,0.6607,0.5687,6,0.6477,True,0.3697,0.6459,0.5109,0.7987,moderate_friction,synthetic_bootstrap
syn_01619,bootstrap_user_11,research_browsing,research_browsing_059,2211.6,2.019,0.0948,0.2474,0.0869,612.2,0.0539,0.6501,0.8322,2,0.1334,True,0.3267,0.7162,0.2375,0.5485,moderate_friction,synthetic_bootstrap
syn_01620,bootstrap_user_12,deep_work,deep_work_060,1828.4,0.477,0.0818,0.2255,0.1085,453.3,0.0805,0.6952,0.5893,3,0.2893,True,0.2146,0.774,0.3475,0.6391,focused_or_low_friction,synthetic_bootstrap
syn_01621,bootstrap_user_01,repetitive_admin,repetitive_admin_001,354.6,3.049,0.1584,0.4649,0.1298,315.0,0.0474,0.733,0.276,3,0.8721,False,0.1551,0.7372,0.5229,0.8224,focused_or_low_friction,synthetic_bootstrap
syn_01622,bootstrap_user_02,support_lookup,support_lookup_002,331.0,4.658,0.1254,0.713,0.0499,495.3,0.0208,0.6438,0.2467,9,0.8333,False,0.3024,0.7176,0.6534,0.9287,moderate_friction,synthetic_bootstrap
syn_01623,bootstrap_user_03,coding_debugging,coding_debugging_003,823.3,2.868,0.3508,0.3702,0.3083,80.0,0.0785,0.7822,0.6875,0,0.4829,True,0.2527,0.6591,0.3687,0.6082,focused_or_low_friction,synthetic_bootstrap
syn_01624,bootstrap_user_04,deep_work,deep_work_004,2061.3,0.825,0.0217,0.1492,0.0533,713.0,0.1157,0.8102,0.6881,3,0.3292,True,0.2514,0.7153,0.3623,0.6372,focused_or_low_friction,synthetic_bootstrap
syn_01625,bootstrap_user_05,repetitive_admin,repetitive_admin_005,623.3,3.449,0.0934,0.7483,0.0702,276.9,0.066,0.6479,0.2461,7,0.7508,True,0.2525,0.7565,0.6402,0.8857,focused_or_low_friction,synthetic_bootstrap
syn_01626,bootstrap_user_06,coding_debugging,coding_debugging_006,917.0,1.386,0.2843,0.2445,0.3742,797.4,0.2047,0.6602,0.6213,1,0.4949,True,0.381,0.5953,0.4046,0.6417,moderate_friction,synthetic_bootstrap
syn_01627,bootstrap_user_07,repetitive_admin,repetitive_admin_007,289.6,4.121,0.1394,0.6471,0.0736,441.3,0.0298,0.7672,0.4246,12,0.8666,True,0.1975,0.7266,0.6275,0.9157,focused_or_low_friction,synthetic_bootstrap
syn_01628,bootstrap_user_08,repetitive_admin,repetitive_admin_008,457.7,3.882,0.1157,0.6147,0.0826,554.4,0.0769,0.7373,0.4847,19,0.8216,True,0.2878,0.6675,0.6868,0.8972,automation_candidate,synthetic_bootstrap
syn_01629,bootstrap_user_09,repetitive_admin,repetitive_admin_009,435.2,3.572,0.0855,0.6255,0.0006,573.0,0.0782,0.8006,0.3148,0,0.7999,True,0.1974,0.6994,0.4613,0.7322,focused_or_low_friction,synthetic_bootstrap
syn_01630,bootstrap_user_10,support_lookup,support_lookup_010,264.9,4.359,0.2526,0.8882,0.1443,488.4,0.114,0.5018,0.1313,4,0.8712,True,0.2984,0.6177,0.6027,0.862,focused_or_low_friction,synthetic_bootstrap
syn_01631,bootstrap_user_11,support_lookup,support_lookup_011,135.8,6.161,0.1685,0.85,0.0655,608.4,0.0668,0.748,0.388,9,0.8454,True,0.293,0.6415,0.6482,0.9148,focused_or_low_friction,synthetic_bootstrap
syn_01632,bootstrap_user_12,research_browsing,research_browsing_012,1697.0,4.014,0.1765,0.152,0.0306,253.0,0.0979,0.675,0.7541,3,0.2754,True,0.289,0.6231,0.3112,0.6159,focused_or_low_friction,synthetic_bootstrap
syn_01633,bootstrap_user_01,coding_debugging,coding_debugging_013,1042.0,1.707,0.2182,0.2435,0.2887,1053.4,0.0995,0.6711,0.7373,5,0.3777,True,0.3757,0.6563,0.4168,0.6884,moderate_friction,synthetic_bootstrap
syn_01634,bootstrap_user_02,coding_debugging,coding_debugging_014,2152.1,1.319,0.4485,0.1908,0.4338,958.4,0.13,0.5934,0.6949,1,0.4209,True,0.4887,0.5824,0.3495,0.6143,high_friction,synthetic_bootstrap
syn_01635,bootstrap_user_03,research_browsing,research_browsing_015,1981.3,4.038,0.2221,0.385,0.0711,630.9,0.0375,0.5316,0.943,1,0.1167,True,0.3931,0.619,0.3087,0.5085,moderate_friction,synthetic_bootstrap
syn_01636,bootstrap_user_04,support_lookup,support_lookup_016,159.3,4.08,0.2244,0.6106,0.1294,423.4,0.0728,0.6597,0.2824,7,0.7513,True,0.2704,0.6989,0.511,0.8815,focused_or_low_friction,synthetic_bootstrap
syn_01637,bootstrap_user_05,support_lookup,support_lookup_017,163.5,3.536,0.1163,0.5494,0.1563,645.8,0.0473,0.7192,0.3962,6,0.9048,True,0.2381,0.713,0.518,0.8837,focused_or_low_friction,synthetic_bootstrap
syn_01638,bootstrap_user_06,research_browsing,research_browsing_018,669.6,1.916,0.2275,0.1558,0.0865,584.2,0.1986,0.4435,0.7005,1,0.2914,True,0.3294,0.543,0.2604,0.5813,moderate_friction,synthetic_bootstrap
syn_01639,bootstrap_user_07,repetitive_admin,repetitive_admin_019,360.6,4.833,0.0,0.7275,0.0972,623.6,0.0002,0.7022,0.1442,1,0.8436,True,0.2491,0.781,0.5739,0.7861,focused_or_low_friction,synthetic_bootstrap
syn_01640,bootstrap_user_08,coding_debugging,coding_debugging_020,1011.0,2.701,0.407,0.2206,0.4077,464.6,0.1328,0.7237,0.813,1,0.3912,True,0.3834,0.5826,0.3884,0.5927,moderate_friction,synthetic_bootstrap
syn_01641,bootstrap_user_09,coding_debugging,coding_debugging_021,517.0,1.984,0.0943,0.3021,0.3555,1650.6,0.1513,0.6465,0.7455,2,0.4383,True,0.3204,0.6165,0.3407,0.6351,moderate_friction,synthetic_bootstrap
syn_01642,bootstrap_user_10,deep_work,deep_work_022,2677.0,0.741,0.0417,0.1715,0.0937,426.5,0.0288,0.8075,0.6221,1,0.4379,True,0.1851,0.8299,0.3207,0.6273,focused_or_low_friction,synthetic_bootstrap
syn_01643,bootstrap_user_11,support_lookup,support_lookup_023,520.9,4.599,0.0806,0.5109,0.063,371.5,0.0761,0.5493,0.3236,10,0.738,True,0.2839,0.6537,0.5971,0.8957,focused_or_low_friction,synthetic_bootstrap
syn_01644,bootstrap_user_12,repetitive_admin,repetitive_admin_024,465.0,2.165,0.2442,0.5233,0.1254,494.2,0.0593,0.7449,0.4655,18,0.8434,True,0.2446,0.7169,0.647,0.905,focused_or_low_friction,synthetic_bootstrap
syn_01645,bootstrap_user_01,repetitive_admin,repetitive_admin_025,457.4,1.59,0.1474,0.754,0.056,293.4,0.0627,0.8848,0.3198,11,0.7934,True,0.1847,0.7833,0.673,0.91,focused_or_low_friction,synthetic_bootstrap
syn_01646,bootstrap_user_02,support_lookup,support_lookup_026,309.3,4.254,0.2055,0.6275,0.0789,307.9,0.0573,0.7905,0.4727,5,0.7534,True,0.2523,0.7019,0.5582,0.8141,focused_or_low_friction,synthetic_bootstrap
syn_01647,bootstrap_user_03,repetitive_admin,repetitive_admin_027,759.4,2.37,0.1591,0.7851,0.0668,246.6,0.0583,0.9308,0.3069,5,0.8474,True,0.2264,0.8159,0.6332,0.8575,focused_or_low_friction,synthetic_bootstrap
syn_01648,bootstrap_user_04,coding_debugging,coding_debugging_028,45.0,2.449,0.2248,0.1649,0.2241,884.1,0.0796,0.7123,0.8152,2,0.3471,True,0.3038,0.6215,0.2547,0.6039,moderate_friction,synthetic_bootstrap
syn_01649,bootstrap_user_05,research_browsing,research_browsing_029,1707.2,2.49,0.0475,0.1656,0.0706,636.7,0.0018,0.5233,0.7671,2,0.2717,True,0.3259,0.7134,0.2861,0.5909,moderate_friction,synthetic_bootstrap
syn_01650,bootstrap_user_06,coding_debugging,coding_debugging_030,322.7,1.74,0.1259,0.336,0.2904,1024.3,0.1733,0.5148,0.6853,4,0.4465,True,0.3762,0.5978,0.3591,0.6894,moderate_friction,synthetic_bootstrap
syn_01651,bootstrap_user_07,repetitive_admin,repetitive_admin_031,629.5,3.132,0.1512,0.6988,0.1208,288.9,0.0,0.7989,0.178,4,0.9612,True,0.2194,0.7735,0.6547,0.8789,focused_or_low_friction,synthetic_bootstrap
syn_01652,bootstrap_user_08,repetitive_admin,repetitive_admin_032,519.4,3.717,0.1483,0.6982,0.0636,236.2,0.0291,0.7689,0.3138,11,0.7475,True,0.2127,0.7442,0.6796,0.8992,focused_or_low_friction,synthetic_bootstrap
syn_01653,bootstrap_user_09,repetitive_admin,repetitive_admin_033,223.5,4.38,0.0707,0.9111,0.101,242.8,0.1128,0.7639,0.2966,8,0.8973,True,0.1786,0.6709,0.6865,0.9387,automation_candidate,synthetic_bootstrap
syn_01654,bootstrap_user_10,deep_work,deep_work_034,2091.4,1.07,0.0882,0.106,0.0599,235.5,0.1037,0.7707,0.6608,2,0.3505,True,0.1634,0.7251,0.2972,0.6233,focused_or_low_friction,synthetic_bootstrap
syn_01655,bootstrap_user_11,research_browsing,research_browsing_035,1306.8,4.274,0.2655,0.1343,0.0926,1001.9,0.0946,0.5848,0.8531,2,0.2553,True,0.3944,0.5718,0.3428,0.5764,moderate_friction,synthetic_bootstrap
syn_01656,bootstrap_user_12,support_lookup,support_lookup_036,113.5,6.415,0.1569,0.7402,0.0731,230.0,0.0206,0.6269,0.4177,7,0.765,True,0.2472,0.6621,0.6676,0.8686,focused_or_low_friction,synthetic_bootstrap
syn_01657,bootstrap_user_01,repetitive_admin,repetitive_admin_037,418.8,2.504,0.1489,0.8081,0.092,400.4,0.0945,0.8622,0.2683,5,0.8943,True,0.226,0.7664,0.6901,0.8739,automation_candidate,synthetic_bootstrap
syn_01658,bootstrap_user_02,research_browsing,research_browsing_038,2086.6,1.813,0.1733,0.0269,0.0,675.0,0.0504,0.7769,0.8926,2,0.2606,True,0.3423,0.6894,0.2242,0.573,moderate_friction,synthetic_bootstrap
syn_01659,bootstrap_user_03,repetitive_admin,repetitive_admin_039,374.8,3.631,0.0892,0.7743,0.158,197.2,0.0366,0.6152,0.1963,7,0.8018,True,0.2143,0.762,0.6315,0.9044,focused_or_low_friction,synthetic_bootstrap
syn_01660,bootstrap_user_04,deep_work,deep_work_040,1692.7,0.642,0.0676,0.1835,0.0,501.8,0.0453,0.7929,0.5238,1,0.3833,True,0.1181,0.8233,0.3482,0.6255,focused_or_low_friction,synthetic_bootstrap
syn_01661,bootstrap_user_05,deep_work,deep_work_041,1553.2,0.8,0.0,0.0782,0.1035,622.0,0.056,1.0,0.7114,0,0.5045,True,0.1528,0.7983,0.2639,0.6107,focused_or_low_friction,synthetic_bootstrap
syn_01662,bootstrap_user_06,coding_debugging,coding_debugging_042,1533.0,1.966,0.4698,0.1382,0.144,655.3,0.2445,0.7017,0.7754,3,0.3521,True,0.4338,0.494,0.3579,0.6325,moderate_friction,synthetic_bootstrap
syn_01663,bootstrap_user_07,coding_debugging,coding_debugging_043,527.0,1.409,0.253,0.3391,0.1702,762.5,0.0896,0.4368,0.6691,3,0.2123,True,0.3206,0.6516,0.3036,0.6103,moderate_friction,synthetic_bootstrap
syn_01664,bootstrap_user_08,repetitive_admin,repetitive_admin_044,256.2,2.55,0.1417,0.6418,0.0875,263.1,0.0635,0.7873,0.1172,8,0.7383,True,0.1377,0.8526,0.6006,0.9205,focused_or_low_friction,synthetic_bootstrap
syn_01665,bootstrap_user_09,research_browsing,research_browsing_045,2046.1,3.669,0.2385,0.2516,0.068,753.5,0.1689,0.6639,0.8994,2,0.503,True,0.4639,0.5249,0.3728,0.6328,high_friction,synthetic_bootstrap
syn_01666,bootstrap_user_10,research_browsing,research_browsing_046,760.4,2.111,0.1337,0.1729,0.0363,934.4,0.1155,0.5884,0.7068,1,0.0336,True,0.247,0.6081,0.2575,0.5161,focused_or_low_friction,synthetic_bootstrap
syn_01667,bootstrap_user_11,research_browsing,research_browsing_047,1543.8,3.133,0.2506,0.2563,0.105,310.4,0.1467,0.6307,0.8937,0,0.2125,True,0.3071,0.4962,0.2919,0.5159,moderate_friction,synthetic_bootstrap
syn_01668,bootstrap_user_12,repetitive_admin,repetitive_admin_048,554.3,3.071,0.1529,0.7684,0.0804,397.7,0.0905,0.6532,0.3573,3,0.7964,False,0.2448,0.69,0.6384,0.7937,focused_or_low_friction,synthetic_bootstrap
syn_01669,bootstrap_user_01,deep_work,deep_work_049,2312.8,0.468,0.0517,0.1364,0.1556,269.7,0.0375,0.8771,0.5119,1,0.3398,True,0.1186,0.8532,0.3208,0.616,focused_or_low_friction,synthetic_bootstrap
syn_01670,bootstrap_user_02,research_browsing,research_browsing_050,1018.8,4.827,0.2506,0.0996,0.181,534.9,0.1189,0.5216,0.8499,1,0.2495,True,0.3539,0.532,0.2645,0.5529,moderate_friction,synthetic_bootstrap
syn_01671,bootstrap_user_03,repetitive_admin,repetitive_admin_051,414.4,3.289,0.1125,0.8362,0.0198,453.8,0.0127,0.6942,0.1452,7,0.8137,True,0.2045,0.8168,0.6277,0.9135,focused_or_low_friction,synthetic_bootstrap
syn_01672,bootstrap_user_04,coding_debugging,coding_debugging_052,1433.0,3.674,0.3757,0.1088,0.2536,808.2,0.0711,0.8886,0.6718,2,0.336,True,0.4109,0.67,0.3339,0.6184,moderate_friction,synthetic_bootstrap
syn_01673,bootstrap_user_05,coding_debugging,coding_debugging_053,616.7,3.288,0.2642,0.2213,0.0661,746.9,0.0799,0.4091,0.819,2,0.6854,True,0.318,0.601,0.4168,0.6881,moderate_friction,synthetic_bootstrap
syn_01674,bootstrap_user_06,deep_work,deep_work_054,1520.5,0.335,0.0,0.1804,0.0413,523.9,0.0573,0.7576,0.6239,0,0.2826,True,0.1465,0.8,0.2464,0.5658,focused_or_low_friction,synthetic_bootstrap
syn_01675,bootstrap_user_07,coding_debugging,coding_debugging_055,1595.4,2.056,0.4453,0.2641,0.3069,652.3,0.1307,0.6137,0.8058,5,0.3182,True,0.4474,0.5862,0.3847,0.6654,high_friction,synthetic_bootstrap
syn_01676,bootstrap_user_08,research_browsing,research_browsing_056,1143.5,2.358,0.1657,0.1128,0.0948,483.3,0.1318,0.5868,0.8135,1,0.3083,True,0.3083,0.5837,0.2946,0.5719,moderate_friction,synthetic_bootstrap
syn_01677,bootstrap_user_09,coding_debugging,coding_debugging_057,512.1,2.841,0.2185,0.1488,0.1861,463.3,0.0759,0.7748,0.6557,0,0.4712,True,0.2653,0.6768,0.2751,0.6091,focused_or_low_friction,synthetic_bootstrap
syn_01678,bootstrap_user_10,support_lookup,support_lookup_058,379.7,5.041,0.0803,0.4771,0.0208,988.6,0.0341,0.777,0.3014,3,0.7922,True,0.3334,0.7501,0.5213,0.7994,moderate_friction,synthetic_bootstrap
syn_01679,bootstrap_user_11,research_browsing,research_browsing_059,1054.9,1.416,0.1123,0.0,0.0863,647.4,0.0529,0.4284,0.7987,1,0.2744,True,0.2786,0.6634,0.2286,0.5653,focused_or_low_friction,synthetic_bootstrap
syn_01680,bootstrap_user_12,support_lookup,support_lookup_060,71.8,4.24,0.1871,0.5969,0.2056,549.3,0.0553,0.7099,0.5924,7,0.5677,True,0.2536,0.6296,0.5193,0.7983,focused_or_low_friction,synthetic_bootstrap
syn_01681,bootstrap_user_01,coding_debugging,coding_debugging_001,1766.7,1.385,0.1812,0.256,0.2115,744.9,0.0643,0.566,0.5796,4,0.5885,True,0.3549,0.727,0.4437,0.7376,moderate_friction,synthetic_bootstrap
syn_01682,bootstrap_user_02,research_browsing,research_browsing_002,2214.8,1.552,0.2975,0.1709,0.0439,1144.4,0.2293,0.5551,0.8356,1,0.2628,True,0.4275,0.5333,0.2759,0.5579,moderate_friction,synthetic_bootstrap
syn_01683,bootstrap_user_03,coding_debugging,coding_debugging_003,1122.8,1.471,0.3009,0.0896,0.2226,468.1,0.1646,0.4283,0.6021,0,0.2954,True,0.3765,0.5689,0.267,0.5716,moderate_friction,synthetic_bootstrap
syn_01684,bootstrap_user_04,repetitive_admin,repetitive_admin_004,465.0,2.757,0.2646,0.6491,0.0965,487.4,0.0314,0.7549,0.2299,9,0.8681,True,0.2147,0.8232,0.665,0.9394,focused_or_low_friction,synthetic_bootstrap
syn_01685,bootstrap_user_05,deep_work,deep_work_005,1005.7,0.611,0.0015,0.211,0.0889,450.7,0.0463,0.7948,0.7587,3,0.4516,True,0.1402,0.7924,0.3395,0.6593,focused_or_low_friction,synthetic_bootstrap
syn_01686,bootstrap_user_06,repetitive_admin,repetitive_admin_006,171.1,1.913,0.21,0.577,0.0819,359.7,0.0454,0.7112,0.3589,8,0.8099,True,0.1738,0.7754,0.5106,0.9094,focused_or_low_friction,synthetic_bootstrap
syn_01687,bootstrap_user_07,support_lookup,support_lookup_007,307.6,3.483,0.1301,0.6867,0.0896,456.8,0.095,0.5627,0.4148,9,0.9067,True,0.2776,0.6393,0.658,0.9269,focused_or_low_friction,synthetic_bootstrap
syn_01688,bootstrap_user_08,support_lookup,support_lookup_008,354.0,3.351,0.2188,0.9741,0.1152,686.2,0.1073,0.9104,0.387,10,0.7112,True,0.2881,0.6676,0.6505,0.8813,focused_or_low_friction,synthetic_bootstrap
syn_01689,bootstrap_user_09,support_lookup,support_lookup_009,303.0,4.84,0.0967,0.8225,0.0545,566.3,0.0475,0.6707,0.4588,9,0.8608,True,0.2563,0.7047,0.6422,0.9101,focused_or_low_friction,synthetic_bootstrap
syn_01690,bootstrap_user_10,repetitive_admin,repetitive_admin_010,404.1,2.849,0.141,0.6618,0.0737,590.5,0.0111,0.7398,0.1686,11,0.8019,True,0.1771,0.849,0.6665,0.9302,focused_or_low_friction,synthetic_bootstrap
syn_01691,bootstrap_user_11,coding_debugging,coding_debugging_011,1162.0,2.946,0.1423,0.1785,0.317,321.9,0.0173,0.5197,0.6059,2,0.4931,True,0.3426,0.7087,0.397,0.6656,moderate_friction,synthetic_bootstrap
syn_01692,bootstrap_user_12,research_browsing,research_browsing_012,1337.6,3.352,0.2559,0.2538,0.1459,764.3,0.1855,0.5832,0.7511,1,0.2873,True,0.3683,0.489,0.3424,0.5742,moderate_friction,synthetic_bootstrap
syn_01693,bootstrap_user_01,repetitive_admin,repetitive_admin_013,473.1,1.431,0.0808,0.939,0.1052,439.1,0.0301,0.7659,0.2785,5,0.8205,True,0.1491,0.8121,0.6319,0.8542,focused_or_low_friction,synthetic_bootstrap
syn_01694,bootstrap_user_02,coding_debugging,coding_debugging_014,718.4,1.929,0.1034,0.3201,0.508,1047.1,0.1565,0.6789,0.7466,3,0.292,True,0.3803,0.6045,0.3762,0.6209,moderate_friction,synthetic_bootstrap
syn_01695,bootstrap_user_03,coding_debugging,coding_debugging_015,787.7,1.633,0.3653,0.2831,0.2768,689.6,0.1087,0.4081,0.6442,1,0.4217,True,0.372,0.5959,0.336,0.6206,moderate_friction,synthetic_bootstrap
syn_01696,bootstrap_user_04,support_lookup,support_lookup_016,184.6,6.7,0.1854,0.646,0.0044,307.4,0.0587,0.6102,0.3746,7,0.85,True,0.2436,0.61,0.5813,0.8951,focused_or_low_friction,synthetic_bootstrap
syn_01697,bootstrap_user_05,repetitive_admin,repetitive_admin_017,373.5,3.309,0.0753,0.7431,0.1018,388.5,0.0716,0.5444,0.2214,12,0.7909,True,0.2312,0.7156,0.6818,0.9211,automation_candidate,synthetic_bootstrap
syn_01698,bootstrap_user_06,coding_debugging,coding_debugging_018,1929.6,2.458,0.1807,0.096,0.3406,539.1,0.2076,0.6571,0.776,3,0.577,True,0.3862,0.5534,0.4264,0.6886,moderate_friction,synthetic_bootstrap
syn_01699,bootstrap_user_07,research_browsing,research_browsing_019,732.4,1.0,0.2351,0.2188,0.1074,636.9,0.0174,0.535,0.7819,1,0.0698,True,0.269,0.7129,0.2201,0.5161,focused_or_low_friction,synthetic_bootstrap
syn_01700,bootstrap_user_08,coding_debugging,coding_debugging_020,876.4,1.762,0.3342,0.2917,0.4075,1054.0,0.0914,0.9226,0.875,2,0.4377,True,0.3536,0.7143,0.4474,0.6194,moderate_friction,synthetic_bootstrap
syn_01701,bootstrap_user_09,research_browsing,research_browsing_021,1289.4,3.368,0.2745,0.3384,0.0509,1234.2,0.0941,0.4396,0.7748,1,0.3503,True,0.4163,0.5819,0.3985,0.5871,moderate_friction,synthetic_bootstrap
syn_01702,bootstrap_user_10,research_browsing,research_browsing_022,1690.3,4.563,0.1655,0.2115,0.0,624.9,0.1293,0.6373,0.6741,1,0.2699,True,0.3637,0.5599,0.3315,0.5791,moderate_friction,synthetic_bootstrap
syn_01703,bootstrap_user_11,repetitive_admin,repetitive_admin_023,346.6,4.265,0.1884,0.683,0.194,280.4,0.0802,0.6544,0.3573,11,0.7791,True,0.3108,0.652,0.673,0.9019,moderate_friction,synthetic_bootstrap
syn_01704,bootstrap_user_12,coding_debugging,coding_debugging_024,1251.0,2.162,0.0896,0.3229,0.3012,1067.0,0.1116,0.6171,0.7573,1,0.6381,True,0.3656,0.6656,0.4314,0.6612,moderate_friction,synthetic_bootstrap
syn_01705,bootstrap_user_01,support_lookup,support_lookup_025,236.4,4.797,0.2301,0.6046,0.1561,291.3,0.0679,0.74,0.4284,0,0.7773,True,0.304,0.658,0.4887,0.7129,moderate_friction,synthetic_bootstrap
syn_01706,bootstrap_user_02,research_browsing,research_browsing_026,741.5,3.43,0.2207,0.4011,0.1589,895.1,0.2114,0.6141,0.792,2,0.3393,True,0.3655,0.4923,0.3686,0.6048,moderate_friction,synthetic_bootstrap
syn_01707,bootstrap_user_03,deep_work,deep_work_027,1034.5,0.733,0.0033,0.2919,0.0771,80.0,0.0717,0.8916,0.6976,1,0.2686,True,0.0934,0.7605,0.3115,0.5759,focused_or_low_friction,synthetic_bootstrap
syn_01708,bootstrap_user_04,support_lookup,support_lookup_028,126.6,5.439,0.2657,0.4896,0.0742,443.9,0.0591,0.6857,0.4109,8,0.9454,True,0.2404,0.6134,0.6155,0.937,focused_or_low_friction,synthetic_bootstrap
syn_01709,bootstrap_user_05,research_browsing,research_browsing_029,1604.8,3.227,0.2604,0.1928,0.1217,568.0,0.1628,0.517,0.7277,0,0.2715,True,0.3668,0.5008,0.3064,0.5505,moderate_friction,synthetic_bootstrap
syn_01710,bootstrap_user_06,repetitive_admin,repetitive_admin_030,322.3,4.748,0.1845,0.5675,0.073,281.8,0.0152,0.735,0.3618,8,0.8187,True,0.2008,0.7434,0.5579,0.9113,focused_or_low_friction,synthetic_bootstrap
syn_01711,bootstrap_user_07,coding_debugging,coding_debugging_031,1677.2,1.675,0.3013,0.2001,0.1824,894.5,0.0701,0.5184,0.4824,4,0.4209,True,0.4041,0.7158,0.3876,0.7073,moderate_friction,synthetic_bootstrap
syn_01712,bootstrap_user_08,repetitive_admin,repetitive_admin_032,214.1,3.963,0.1278,0.664,0.1097,420.1,0.0692,0.648,0.3778,8,0.9468,True,0.2493,0.6875,0.639,0.9414,focused_or_low_friction,synthetic_bootstrap
syn_01713,bootstrap_user_09,research_browsing,research_browsing_033,1905.4,3.667,0.2382,0.2369,0.0737,983.1,0.0259,0.5841,0.7675,1,0.3366,True,0.4425,0.6307,0.3142,0.5846,high_friction,synthetic_bootstrap
syn_01714,bootstrap_user_10,research_browsing,research_browsing_034,827.2,3.218,0.3113,0.2221,0.1736,468.0,0.1429,0.5436,0.8182,3,0.0969,True,0.3268,0.5014,0.2811,0.5635,moderate_friction,synthetic_bootstrap
syn_01715,bootstrap_user_11,repetitive_admin,repetitive_admin_035,435.3,2.507,0.0,0.7316,0.0511,464.6,0.0179,0.9435,0.3314,9,0.9098,True,0.1376,0.8894,0.6546,0.9377,focused_or_low_friction,synthetic_bootstrap
syn_01716,bootstrap_user_12,coding_debugging,coding_debugging_036,1071.7,1.78,0.4411,0.2155,0.1748,1450.5,0.0312,0.5993,0.6358,1,0.2716,False,0.422,0.6666,0.3476,0.5841,moderate_friction,synthetic_bootstrap
syn_01717,bootstrap_user_01,repetitive_admin,repetitive_admin_037,583.3,3.709,0.1276,0.7532,0.1369,153.0,0.0718,0.6728,0.3626,6,0.9165,True,0.2635,0.67,0.6182,0.8906,focused_or_low_friction,synthetic_bootstrap
syn_01718,bootstrap_user_02,coding_debugging,coding_debugging_038,1049.1,3.492,0.339,0.2929,0.386,676.8,0.1305,0.5462,0.6886,2,0.3436,True,0.4068,0.5408,0.3883,0.6183,moderate_friction,synthetic_bootstrap
syn_01719,bootstrap_user_03,coding_debugging,coding_debugging_039,1169.9,1.21,0.3259,0.1906,0.3198,607.0,0.1525,0.7152,0.6151,3,0.6225,True,0.3178,0.6539,0.389,0.7193,moderate_friction,synthetic_bootstrap
syn_01720,bootstrap_user_04,research_browsing,research_browsing_040,961.2,1.884,0.2873,0.1246,0.0858,485.4,0.1674,0.4769,0.6874,0,0.3832,True,0.3396,0.5315,0.2887,0.5833,moderate_friction,synthetic_bootstrap
syn_01721,bootstrap_user_05,deep_work,deep_work_041,3013.6,0.664,0.0518,0.1483,0.1165,542.4,0.0554,0.7732,0.6504,1,0.2018,True,0.2241,0.7768,0.2601,0.5649,focused_or_low_friction,synthetic_bootstrap
syn_01722,bootstrap_user_06,repetitive_admin,repetitive_admin_042,407.9,3.635,0.0921,0.8567,0.1039,355.2,0.03,0.8376,0.2638,3,0.9417,True,0.2154,0.7417,0.6175,0.8413,focused_or_low_friction,synthetic_bootstrap
syn_01723,bootstrap_user_07,coding_debugging,coding_debugging_043,1622.0,2.205,0.3458,0.1498,0.3348,781.0,0.1122,0.8343,0.8505,4,0.5326,True,0.3894,0.6043,0.367,0.6911,moderate_friction,synthetic_bootstrap
syn_01724,bootstrap_user_08,support_lookup,support_lookup_044,171.3,4.265,0.082,0.6149,0.1023,315.8,0.1058,0.5275,0.4829,0,0.7758,True,0.2381,0.6497,0.4306,0.706,focused_or_low_friction,synthetic_bootstrap
syn_01725,bootstrap_user_09,support_lookup,support_lookup_045,149.5,4.885,0.1515,0.6396,0.0643,364.3,0.0364,0.7398,0.335,3,0.8062,True,0.2283,0.7069,0.5078,0.7988,focused_or_low_friction,synthetic_bootstrap
syn_01726,bootstrap_user_10,deep_work,deep_work_046,2010.8,0.346,0.1243,0.1513,0.0349,250.5,0.076,0.776,0.7555,1,0.3864,True,0.1706,0.7756,0.2892,0.5984,focused_or_low_friction,synthetic_bootstrap
syn_01727,bootstrap_user_11,repetitive_admin,repetitive_admin_047,337.1,2.336,0.1189,0.8891,0.0255,373.5,0.0,0.7031,0.3063,2,0.8244,True,0.1683,0.8301,0.5384,0.7844,focused_or_low_friction,synthetic_bootstrap
syn_01728,bootstrap_user_12,research_browsing,research_browsing_048,1495.1,2.34,0.2843,0.0,0.0855,671.8,0.1775,0.5904,0.8151,2,0.4504,True,0.3278,0.5041,0.319,0.6298,moderate_friction,synthetic_bootstrap
syn_01729,bootstrap_user_01,deep_work,deep_work_049,1911.6,0.685,0.0507,0.1645,0.1005,536.4,0.0357,0.6789,0.5886,0,0.1816,True,0.1353,0.8043,0.2795,0.5448,focused_or_low_friction,synthetic_bootstrap
syn_01730,bootstrap_user_02,repetitive_admin,repetitive_admin_050,568.1,3.477,0.1992,0.934,0.0679,438.2,0.0883,0.6624,0.2555,5,0.8969,True,0.3231,0.7083,0.701,0.8761,automation_candidate,synthetic_bootstrap
syn_01731,bootstrap_user_03,research_browsing,research_browsing_051,168.3,1.856,0.3541,0.1658,0.0138,698.8,0.144,0.6438,0.788,3,0.2158,True,0.2985,0.5852,0.1851,0.5969,focused_or_low_friction,synthetic_bootstrap
syn_01732,bootstrap_user_04,deep_work,deep_work_052,1628.2,0.815,0.0654,0.2086,0.0632,732.3,0.0568,0.8936,0.7763,2,0.3592,False,0.1713,0.7841,0.3199,0.6116,focused_or_low_friction,synthetic_bootstrap
syn_01733,bootstrap_user_05,coding_debugging,coding_debugging_053,1632.4,1.791,0.2367,0.0735,0.3644,923.8,0.1489,0.7237,0.7989,4,0.5054,False,0.3721,0.5886,0.3439,0.6905,moderate_friction,synthetic_bootstrap
syn_01734,bootstrap_user_06,repetitive_admin,repetitive_admin_054,610.5,2.417,0.0826,0.7208,0.0303,429.5,0.0,0.634,0.2999,3,0.9639,True,0.2593,0.8207,0.6071,0.8425,focused_or_low_friction,synthetic_bootstrap
syn_01735,bootstrap_user_07,research_browsing,research_browsing_055,851.7,4.022,0.2597,0.3468,0.1414,562.6,0.1245,0.6307,0.893,3,0.2806,True,0.281,0.5167,0.3589,0.6005,focused_or_low_friction,synthetic_bootstrap
syn_01736,bootstrap_user_08,coding_debugging,coding_debugging_056,1777.0,3.568,0.3856,0.363,0.2293,386.0,0.0497,0.3862,0.6086,2,0.4433,True,0.4058,0.6208,0.4123,0.6528,moderate_friction,synthetic_bootstrap
syn_01737,bootstrap_user_09,research_browsing,research_browsing_057,1355.0,1.779,0.318,0.1817,0.1339,382.4,0.1187,0.6487,0.6365,3,0.1501,True,0.3372,0.6612,0.2711,0.5986,moderate_friction,synthetic_bootstrap
syn_01738,bootstrap_user_10,repetitive_admin,repetitive_admin_058,393.3,4.433,0.071,0.6768,0.0645,454.1,0.0039,0.7963,0.2177,8,0.842,True,0.1999,0.826,0.6668,0.9344,focused_or_low_friction,synthetic_bootstrap
syn_01739,bootstrap_user_11,support_lookup,support_lookup_059,180.5,5.938,0.2056,0.6421,0.1524,332.6,0.0186,0.6625,0.2933,13,0.7136,True,0.267,0.7159,0.6238,0.8932,focused_or_low_friction,synthetic_bootstrap
syn_01740,bootstrap_user_12,coding_debugging,coding_debugging_060,374.6,3.455,0.2889,0.321,0.3857,1047.8,0.0811,0.5386,0.5204,1,0.4287,True,0.359,0.6343,0.3733,0.6372,moderate_friction,synthetic_bootstrap
syn_01741,bootstrap_user_01,repetitive_admin,repetitive_admin_001,411.6,2.067,0.1963,0.6271,0.1392,345.8,0.0531,0.8805,0.1449,4,0.8339,True,0.2495,0.809,0.5245,0.8511,focused_or_low_friction,synthetic_bootstrap
syn_01742,bootstrap_user_02,repetitive_admin,repetitive_admin_002,279.6,3.432,0.1495,0.6351,0.0808,632.9,0.0511,0.7689,0.4689,5,0.7989,True,0.2143,0.6912,0.5351,0.826,focused_or_low_friction,synthetic_bootstrap
syn_01743,bootstrap_user_03,deep_work,deep_work_003,1908.5,0.716,0.0924,0.1706,0.0242,502.0,0.1023,0.6922,0.8263,0,0.2134,True,0.2289,0.7069,0.2561,0.5242,focused_or_low_friction,synthetic_bootstrap
syn_01744,bootstrap_user_04,research_browsing,research_browsing_004,1090.1,3.119,0.1915,0.1939,0.1034,538.9,0.0926,0.3577,0.8664,2,0.0232,True,0.3353,0.5389,0.236,0.5168,moderate_friction,synthetic_bootstrap
syn_01745,bootstrap_user_05,coding_debugging,coding_debugging_005,790.3,1.362,0.1923,0.4101,0.3371,1309.4,0.1113,0.6737,0.6319,2,0.4086,True,0.355,0.6868,0.4077,0.6413,moderate_friction,synthetic_bootstrap
syn_01746,bootstrap_user_06,coding_debugging,coding_debugging_006,963.7,1.835,0.2064,0.3482,0.2698,865.5,0.0922,0.7269,0.5212,3,0.2443,True,0.302,0.6804,0.3971,0.636,moderate_friction,synthetic_bootstrap
syn_01747,bootstrap_user_07,coding_debugging,coding_debugging_007,1200.9,1.992,0.2685,0.2562,0.4178,698.3,0.1507,0.6059,0.8496,2,0.3267,False,0.3992,0.5551,0.388,0.5947,moderate_friction,synthetic_bootstrap
syn_01748,bootstrap_user_08,support_lookup,support_lookup_008,172.9,3.472,0.2265,0.7742,0.1466,710.6,0.0576,0.6534,0.5813,12,0.8614,True,0.3084,0.65,0.664,0.8956,moderate_friction,synthetic_bootstrap
syn_01749,bootstrap_user_09,support_lookup,support_lookup_009,409.7,5.164,0.1749,0.8161,0.1285,656.0,0.0712,0.7141,0.4274,10,0.933,True,0.3709,0.6794,0.7203,0.932,automation_candidate,synthetic_bootstrap
syn_01750,bootstrap_user_10,support_lookup,support_lookup_010,129.1,3.21,0.1128,0.5604,0.0727,705.2,0.0517,0.7861,0.2357,5,0.8004,True,0.2332,0.7645,0.5323,0.8543,focused_or_low_friction,synthetic_bootstrap
syn_01751,bootstrap_user_11,coding_debugging,coding_debugging_011,343.1,2.984,0.1325,0.2847,0.4129,1010.7,0.018,0.5608,0.7917,4,0.4586,True,0.3767,0.7156,0.357,0.6797,moderate_friction,synthetic_bootstrap
syn_01752,bootstrap_user_12,repetitive_admin,repetitive_admin_012,454.3,3.703,0.2076,0.7501,0.0724,429.6,0.0497,0.74,0.1034,10,0.9537,True,0.2617,0.7637,0.7297,0.976,automation_candidate,synthetic_bootstrap
syn_01753,bootstrap_user_01,research_browsing,research_browsing_013,1945.7,3.954,0.3538,0.1262,0.0661,576.8,0.0628,0.4214,0.8375,2,0.3295,True,0.3779,0.5519,0.3132,0.5969,moderate_friction,synthetic_bootstrap
syn_01754,bootstrap_user_02,coding_debugging,coding_debugging_014,1121.8,0.886,0.1779,0.1964,0.4058,848.1,0.1511,0.5965,0.7201,3,0.3952,True,0.3277,0.6167,0.3875,0.6499,moderate_friction,synthetic_bootstrap
syn_01755,bootstrap_user_03,repetitive_admin,repetitive_admin_015,609.1,2.427,0.016,0.8312,0.0828,204.9,0.0,0.6533,0.2337,3,0.9154,True,0.1982,0.8815,0.6356,0.8383,focused_or_low_friction,synthetic_bootstrap
syn_01756,bootstrap_user_04,support_lookup,support_lookup_016,248.4,4.188,0.2335,0.6909,0.0598,446.0,0.04,0.6317,0.5609,8,0.782,True,0.2868,0.6371,0.6228,0.8782,focused_or_low_friction,synthetic_bootstrap
syn_01757,bootstrap_user_05,deep_work,deep_work_017,1721.8,0.0,0.0,0.2402,0.0108,692.9,0.0832,0.8771,0.6543,2,0.388,True,0.1257,0.806,0.2883,0.6335,focused_or_low_friction,synthetic_bootstrap
syn_01758,bootstrap_user_06,research_browsing,research_browsing_018,1815.8,3.217,0.2618,0.0,0.0437,538.7,0.1437,0.4669,1.0,2,0.1781,True,0.3714,0.4735,0.2592,0.5395,moderate_friction,synthetic_bootstrap
syn_01759,bootstrap_user_07,research_browsing,research_browsing_019,1606.6,3.568,0.3349,0.2189,0.0466,805.9,0.0537,0.5226,0.7963,2,0.0851,True,0.3811,0.5953,0.3164,0.5407,moderate_friction,synthetic_bootstrap
syn_01760,bootstrap_user_08,research_browsing,research_browsing_020,1998.7,1.768,0.2254,0.3066,0.0933,560.5,0.153,0.5471,0.9017,1,0.243,True,0.3726,0.5634,0.2585,0.5451,moderate_friction,synthetic_bootstrap
syn_01761,bootstrap_user_09,repetitive_admin,repetitive_admin_021,367.0,4.064,0.073,0.8041,0.0907,354.0,0.0907,0.7094,0.253,7,0.8664,True,0.1864,0.7192,0.6572,0.9138,focused_or_low_friction,synthetic_bootstrap
syn_01762,bootstrap_user_10,deep_work,deep_work_022,2077.0,1.876,0.0544,0.052,0.0997,513.4,0.1149,0.7769,0.597,0,0.1859,True,0.2199,0.6928,0.238,0.5448,focused_or_low_friction,synthetic_bootstrap
syn_01763,bootstrap_user_11,repetitive_admin,repetitive_admin_023,729.8,1.507,0.1401,0.6329,0.0889,308.1,0.0811,0.8326,0.2687,14,0.9208,True,0.2349,0.813,0.7059,0.948,automation_candidate,synthetic_bootstrap
syn_01764,bootstrap_user_12,deep_work,deep_work_024,1365.2,1.781,0.0257,0.1151,0.0,297.7,0.0402,0.7664,0.71,2,0.2292,True,0.1674,0.7947,0.3116,0.5871,focused_or_low_friction,synthetic_bootstrap
syn_01765,bootstrap_user_01,deep_work,deep_work_025,976.8,1.335,0.1727,0.0143,0.1441,490.5,0.0669,0.8285,0.7243,3,0.4827,False,0.1837,0.7416,0.3681,0.6713,focused_or_low_friction,synthetic_bootstrap
syn_01766,bootstrap_user_02,deep_work,deep_work_026,436.3,0.525,0.0036,0.0404,0.1393,354.3,0.0,0.8073,0.8836,0,0.414,True,0.1332,0.8565,0.1706,0.5675,focused_or_low_friction,synthetic_bootstrap
syn_01767,bootstrap_user_03,research_browsing,research_browsing_027,2073.0,4.331,0.2171,0.061,0.0499,134.3,0.1397,0.6369,0.8063,2,0.4629,True,0.3334,0.5379,0.3901,0.634,moderate_friction,synthetic_bootstrap
syn_01768,bootstrap_user_04,deep_work,deep_work_028,2111.1,0.625,0.0778,0.1871,0.0689,358.3,0.0795,0.9415,0.7591,1,0.4543,True,0.1729,0.7777,0.2686,0.615,focused_or_low_friction,synthetic_bootstrap
syn_01769,bootstrap_user_05,deep_work,deep_work_029,276.3,0.902,0.0374,0.0189,0.0489,616.4,0.0943,0.8817,0.7253,1,0.4432,True,0.1622,0.7506,0.2109,0.6163,focused_or_low_friction,synthetic_bootstrap
syn_01770,bootstrap_user_06,research_browsing,research_browsing_030,975.3,4.197,0.2709,0.1802,0.1766,365.2,0.087,0.4981,0.8286,3,0.182,True,0.3151,0.5629,0.3264,0.5836,moderate_friction,synthetic_bootstrap
syn_01771,bootstrap_user_07,support_lookup,support_lookup_031,264.6,3.349,0.2654,0.509,0.0216,318.0,0.1034,0.785,0.1392,9,0.5918,True,0.1992,0.7365,0.5482,0.8812,focused_or_low_friction,synthetic_bootstrap
syn_01772,bootstrap_user_08,coding_debugging,coding_debugging_032,1540.8,1.934,0.259,0.0901,0.197,1026.6,0.1184,0.6215,0.8462,1,0.5208,True,0.4472,0.6192,0.3497,0.6212,high_friction,synthetic_bootstrap
syn_01773,bootstrap_user_09,coding_debugging,coding_debugging_033,784.3,4.164,0.4998,0.283,0.4175,701.5,0.0366,0.6975,0.6281,4,0.5667,False,0.3915,0.6661,0.472,0.7263,moderate_friction,synthetic_bootstrap
syn_01774,bootstrap_user_10,research_browsing,research_browsing_034,1147.8,1.334,0.3063,0.2093,0.2378,628.9,0.1251,0.6191,0.8521,1,0.2907,True,0.3212,0.6275,0.3032,0.5629,moderate_friction,synthetic_bootstrap
syn_01775,bootstrap_user_11,coding_debugging,coding_debugging_035,1280.8,3.236,0.255,0.0948,0.2734,565.4,0.0,0.5983,0.7399,4,0.2605,True,0.3691,0.6882,0.354,0.6363,moderate_friction,synthetic_bootstrap
syn_01776,bootstrap_user_12,support_lookup,support_lookup_036,419.8,2.065,0.2018,0.7712,0.0925,769.6,0.079,0.8369,0.4241,12,0.82,True,0.2893,0.7716,0.7111,0.9041,automation_candidate,synthetic_bootstrap
syn_01777,bootstrap_user_01,coding_debugging,coding_debugging_037,960.2,3.824,0.2411,0.2862,0.3434,434.1,0.0945,0.8718,0.6278,3,0.2584,True,0.265,0.6781,0.3702,0.6268,focused_or_low_friction,synthetic_bootstrap
syn_01778,bootstrap_user_02,support_lookup,support_lookup_038,386.7,3.662,0.1902,0.6735,0.0292,556.7,0.0705,0.774,0.2545,4,0.856,True,0.2707,0.7063,0.5626,0.8435,focused_or_low_friction,synthetic_bootstrap
syn_01779,bootstrap_user_03,repetitive_admin,repetitive_admin_039,268.0,3.598,0.0552,0.8367,0.0885,510.5,0.0,0.5818,0.4093,5,0.7427,True,0.2165,0.7552,0.5865,0.8191,focused_or_low_friction,synthetic_bootstrap
syn_01780,bootstrap_user_04,support_lookup,support_lookup_040,293.3,4.636,0.2879,0.6182,0.1078,664.5,0.0766,0.5697,0.3499,8,0.7313,False,0.3163,0.5789,0.5733,0.8908,moderate_friction,synthetic_bootstrap
syn_01781,bootstrap_user_05,deep_work,deep_work_041,1863.6,0.307,0.1489,0.0663,0.1356,525.4,0.1671,0.8632,0.5354,3,0.5537,True,0.2283,0.7252,0.3564,0.7117,focused_or_low_friction,synthetic_bootstrap
syn_01782,bootstrap_user_06,coding_debugging,coding_debugging_042,45.0,1.934,0.2161,0.393,0.2911,672.8,0.0707,0.6458,0.7257,1,0.457,True,0.2236,0.6952,0.2934,0.6197,focused_or_low_friction,synthetic_bootstrap
syn_01783,bootstrap_user_07,repetitive_admin,repetitive_admin_043,450.0,2.758,0.1157,0.8183,0.0547,491.8,0.0058,0.7551,0.2826,12,0.7865,True,0.1685,0.8081,0.7172,0.9127,automation_candidate,synthetic_bootstrap
syn_01784,bootstrap_user_08,deep_work,deep_work_044,901.1,0.601,0.1105,0.1418,0.0938,178.9,0.076,0.8223,0.6636,2,0.3129,True,0.1105,0.7855,0.2722,0.6136,focused_or_low_friction,synthetic_bootstrap
syn_01785,bootstrap_user_09,repetitive_admin,repetitive_admin_045,443.7,5.013,0.1861,0.7811,0.09,363.4,0.023,0.7172,0.3375,10,0.9231,True,0.257,0.7217,0.6735,0.9403,focused_or_low_friction,synthetic_bootstrap
syn_01786,bootstrap_user_10,research_browsing,research_browsing_046,2478.1,2.545,0.2787,0.1468,0.0781,597.9,0.0477,0.2824,0.8928,2,0.1901,True,0.4374,0.576,0.2875,0.5554,moderate_friction,synthetic_bootstrap
syn_01787,bootstrap_user_11,repetitive_admin,repetitive_admin_047,571.0,1.762,0.152,0.7637,0.1552,452.4,0.0377,0.7134,0.4823,7,0.9069,True,0.2832,0.7969,0.6457,0.8963,focused_or_low_friction,synthetic_bootstrap
syn_01788,bootstrap_user_12,coding_debugging,coding_debugging_048,917.0,1.812,0.09,0.2501,0.308,567.8,0.0083,0.6327,0.7533,3,0.2814,True,0.2565,0.7704,0.3314,0.6175,focused_or_low_friction,synthetic_bootstrap
syn_01789,bootstrap_user_01,research_browsing,research_browsing_049,1925.1,4.661,0.2304,0.2123,0.1392,424.3,0.0857,0.6021,0.9622,0,0.4965,True,0.3858,0.5717,0.4008,0.5787,moderate_friction,synthetic_bootstrap
syn_01790,bootstrap_user_02,deep_work,deep_work_050,2011.4,1.324,0.034,0.1076,0.0224,357.2,0.1026,0.837,0.8527,4,0.3336,True,0.214,0.7282,0.3277,0.6411,focused_or_low_friction,synthetic_bootstrap
syn_01791,bootstrap_user_03,coding_debugging,coding_debugging_051,1417.5,2.694,0.1712,0.1181,0.2949,727.8,0.1138,0.5956,0.5497,0,0.5232,True,0.3627,0.6301,0.3325,0.6348,moderate_friction,synthetic_bootstrap
syn_01792,bootstrap_user_04,repetitive_admin,repetitive_admin_052,279.0,4.22,0.1057,0.7962,0.1108,421.2,0.0741,0.7413,0.4164,11,0.9365,False,0.231,0.6547,0.7409,0.9342,automation_candidate,synthetic_bootstrap
syn_01793,bootstrap_user_05,repetitive_admin,repetitive_admin_053,326.5,2.715,0.038,0.7156,0.0693,617.0,0.0758,0.6937,0.1134,0,0.7779,True,0.1721,0.7488,0.5082,0.7509,focused_or_low_friction,synthetic_bootstrap
syn_01794,bootstrap_user_06,coding_debugging,coding_debugging_054,1034.8,2.216,0.1756,0.2552,0.158,757.0,0.1415,0.5698,0.7644,0,0.132,True,0.3621,0.5854,0.327,0.5113,moderate_friction,synthetic_bootstrap
syn_01795,bootstrap_user_07,research_browsing,research_browsing_055,628.3,2.252,0.2326,0.2171,0.0708,417.0,0.141,0.596,0.7724,2,0.2836,True,0.2621,0.5705,0.2593,0.5932,focused_or_low_friction,synthetic_bootstrap
syn_01796,bootstrap_user_08,repetitive_admin,repetitive_admin_056,341.1,3.232,0.0077,0.8334,0.0807,241.5,0.0985,0.7438,0.1465,14,0.9684,True,0.1615,0.7373,0.7089,0.9745,automation_candidate,synthetic_bootstrap
syn_01797,bootstrap_user_09,support_lookup,support_lookup_057,292.5,5.314,0.2326,0.6243,0.1571,315.6,0.1145,0.5828,0.2873,5,0.7252,True,0.325,0.6014,0.532,0.8293,moderate_friction,synthetic_bootstrap
syn_01798,bootstrap_user_10,repetitive_admin,repetitive_admin_058,445.0,2.11,0.1639,0.8064,0.0798,295.5,0.0593,0.6601,0.2835,7,1.0,True,0.147,0.7499,0.6312,0.9435,focused_or_low_friction,synthetic_bootstrap
syn_01799,bootstrap_user_11,support_lookup,support_lookup_059,187.3,2.743,0.1076,0.4816,0.1581,511.3,0.0923,0.664,0.4621,6,0.9495,True,0.2211,0.7057,0.527,0.8869,focused_or_low_friction,synthetic_bootstrap
syn_01800,bootstrap_user_12,coding_debugging,coding_debugging_060,1008.9,2.286,0.3626,0.0282,0.2649,957.5,0.1124,0.4861,0.4832,5,0.3938,True,0.4132,0.6072,0.3163,0.723,moderate_friction,synthetic_bootstrap
syn_01801,bootstrap_user_01,coding_debugging,coding_debugging_001,892.0,2.166,0.3296,0.1289,0.3178,826.2,0.1493,0.5763,0.7643,3,0.5426,True,0.4035,0.5518,0.3083,0.6814,moderate_friction,synthetic_bootstrap
syn_01802,bootstrap_user_02,coding_debugging,coding_debugging_002,993.4,1.992,0.1527,0.0892,0.2425,750.1,0.1048,0.3586,0.5446,4,0.3935,True,0.3121,0.6294,0.3604,0.693,moderate_friction,synthetic_bootstrap
syn_01803,bootstrap_user_03,deep_work,deep_work_003,1490.7,0.142,0.0366,0.3078,0.0725,592.1,0.0721,0.795,0.6164,3,0.3948,True,0.149,0.8141,0.3043,0.6622,focused_or_low_friction,synthetic_bootstrap
syn_01804,bootstrap_user_04,coding_debugging,coding_debugging_004,1239.7,2.684,0.1975,0.2555,0.3502,459.9,0.1421,0.6427,0.7047,3,0.519,True,0.3665,0.6126,0.4294,0.6827,moderate_friction,synthetic_bootstrap
syn_01805,bootstrap_user_05,coding_debugging,coding_debugging_005,1955.7,0.881,0.0889,0.2553,0.366,110.6,0.0998,0.5901,0.7944,3,0.1668,True,0.2975,0.6909,0.3321,0.5839,focused_or_low_friction,synthetic_bootstrap
syn_01806,bootstrap_user_06,coding_debugging,coding_debugging_006,820.7,2.33,0.1636,0.445,0.3574,984.4,0.1688,0.7218,0.7232,2,0.6004,True,0.3371,0.6347,0.4354,0.6783,moderate_friction,synthetic_bootstrap
syn_01807,bootstrap_user_07,deep_work,deep_work_007,932.6,1.247,0.0434,0.1848,0.1809,202.5,0.0784,0.9387,0.7482,1,0.6367,False,0.0965,0.7695,0.416,0.6619,focused_or_low_friction,synthetic_bootstrap
syn_01808,bootstrap_user_08,support_lookup,support_lookup_008,358.1,5.886,0.108,0.7797,0.1185,385.8,0.0667,0.679,0.5655,8,0.7119,False,0.3281,0.592,0.6061,0.8601,moderate_friction,synthetic_bootstrap
syn_01809,bootstrap_user_09,support_lookup,support_lookup_009,235.6,3.794,0.2382,0.5241,0.0,216.6,0.0595,0.6013,0.224,12,0.8729,True,0.2351,0.701,0.6058,0.9413,focused_or_low_friction,synthetic_bootstrap
syn_01810,bootstrap_user_10,deep_work,deep_work_010,2315.4,1.183,0.0,0.1681,0.1068,392.1,0.1639,0.9791,0.6422,1,0.3092,True,0.1661,0.7183,0.3509,0.5927,focused_or_low_friction,synthetic_bootstrap
syn_01811,bootstrap_user_11,repetitive_admin,repetitive_admin_011,652.5,3.989,0.0,0.4963,0.1226,590.5,0.0666,0.7125,0.4152,11,0.951,True,0.3056,0.747,0.6997,0.9379,automation_candidate,synthetic_bootstrap
syn_01812,bootstrap_user_12,support_lookup,support_lookup_012,354.8,4.344,0.1885,0.8023,0.0765,381.8,0.0457,0.6623,0.1829,9,0.7736,True,0.2292,0.7444,0.7038,0.9214,automation_candidate,synthetic_bootstrap
syn_01813,bootstrap_user_01,coding_debugging,coding_debugging_013,1297.3,2.227,0.3752,0.3671,0.3523,935.4,0.1828,0.6937,0.64,4,0.4027,True,0.4305,0.5881,0.4863,0.6839,moderate_friction,synthetic_bootstrap
syn_01814,bootstrap_user_02,repetitive_admin,repetitive_admin_014,423.7,4.931,0.1299,0.8883,0.0879,316.0,0.1077,0.6871,0.2145,3,0.9614,True,0.271,0.6373,0.657,0.8521,focused_or_low_friction,synthetic_bootstrap
syn_01815,bootstrap_user_03,research_browsing,research_browsing_015,1198.7,1.866,0.176,0.2205,0.0697,714.2,0.0212,0.7815,0.7687,3,0.3226,False,0.213,0.7389,0.324,0.6259,focused_or_low_friction,synthetic_bootstrap
syn_01816,bootstrap_user_04,support_lookup,support_lookup_016,262.5,5.891,0.2147,0.503,0.1144,505.5,0.0495,0.6585,0.444,4,0.7554,True,0.3312,0.6638,0.536,0.7956,moderate_friction,synthetic_bootstrap
syn_01817,bootstrap_user_05,coding_debugging,coding_debugging_017,487.8,2.459,0.2241,0.1201,0.2211,701.8,0.0853,0.5432,0.7186,6,0.1785,True,0.3095,0.6261,0.2397,0.6634,moderate_friction,synthetic_bootstrap
syn_01818,bootstrap_user_06,support_lookup,support_lookup_018,336.3,2.571,0.2462,0.8464,0.0459,730.3,0.0608,0.4506,0.2275,7,0.8301,True,0.3249,0.7266,0.663,0.9077,moderate_friction,synthetic_bootstrap
syn_01819,bootstrap_user_07,support_lookup,support_lookup_019,218.7,4.826,0.2658,0.7308,0.1546,540.4,0.0572,0.6872,0.276,10,0.637,True,0.2926,0.6942,0.6363,0.8761,focused_or_low_friction,synthetic_bootstrap
syn_01820,bootstrap_user_08,coding_debugging,coding_debugging_020,1770.0,2.27,0.201,0.2255,0.2681,915.2,0.0467,0.5907,0.8823,3,0.2726,True,0.3548,0.663,0.3807,0.5998,moderate_friction,synthetic_bootstrap
syn_01821,bootstrap_user_09,research_browsing,research_browsing_021,756.7,1.398,0.1612,0.2537,0.1852,748.6,0.0457,0.5773,0.9432,1,0.3169,True,0.2374,0.7018,0.3084,0.5585,focused_or_low_friction,synthetic_bootstrap
syn_01822,bootstrap_user_10,support_lookup,support_lookup_022,60.6,2.703,0.1024,0.7173,0.0724,592.2,0.0545,0.6671,0.4146,7,0.7881,True,0.2174,0.7351,0.5339,0.8748,focused_or_low_friction,synthetic_bootstrap
syn_01823,bootstrap_user_11,support_lookup,support_lookup_023,448.0,3.769,0.2894,0.5309,0.1505,841.1,0.0499,0.5933,0.3128,6,0.8222,True,0.3848,0.735,0.565,0.873,moderate_friction,synthetic_bootstrap
syn_01824,bootstrap_user_12,coding_debugging,coding_debugging_024,821.0,2.947,0.3731,0.3812,0.4928,870.0,0.0856,0.4008,0.6262,3,0.2547,False,0.4348,0.6085,0.3977,0.626,moderate_friction,synthetic_bootstrap
syn_01825,bootstrap_user_01,coding_debugging,coding_debugging_025,1503.6,2.755,0.4064,0.4573,0.5614,970.2,0.077,0.6168,0.8773,1,0.6227,True,0.4973,0.588,0.4343,0.6429,high_friction,synthetic_bootstrap
syn_01826,bootstrap_user_02,deep_work,deep_work_026,1660.6,1.386,0.0449,0.279,0.0614,257.7,0.0901,0.8743,0.6988,2,0.5424,True,0.1401,0.7193,0.4225,0.6667,focused_or_low_friction,synthetic_bootstrap
syn_01827,bootstrap_user_03,support_lookup,support_lookup_027,217.4,3.906,0.2642,0.887,0.1226,495.3,0.0598,0.6144,0.3209,5,0.8811,True,0.3154,0.6855,0.6136,0.8643,moderate_friction,synthetic_bootstrap
syn_01828,bootstrap_user_04,support_lookup,support_lookup_028,387.8,4.326,0.1699,0.6244,0.1833,575.1,0.0975,0.6365,0.4798,7,0.8783,True,0.3387,0.6317,0.6301,0.8895,moderate_friction,synthetic_bootstrap
syn_01829,bootstrap_user_05,research_browsing,research_browsing_029,1908.2,4.379,0.2294,0.3032,0.0671,321.2,0.0961,0.7235,0.7131,0,0.0935,True,0.2922,0.6152,0.2889,0.5078,focused_or_low_friction,synthetic_bootstrap
syn_01830,bootstrap_user_06,support_lookup,support_lookup_030,182.9,3.102,0.1965,0.522,0.1098,592.3,0.0784,0.7534,0.3781,3,0.8366,True,0.2348,0.7101,0.5352,0.8013,focused_or_low_friction,synthetic_bootstrap
syn_01831,bootstrap_user_07,support_lookup,support_lookup_031,130.7,4.892,0.2637,0.5756,0.1016,447.7,0.06,0.7499,0.3382,16,0.7447,True,0.2676,0.6846,0.6514,0.8956,focused_or_low_friction,synthetic_bootstrap
syn_01832,bootstrap_user_08,research_browsing,research_browsing_032,550.0,3.468,0.1555,0.1451,0.0758,438.0,0.0274,0.6267,0.7947,1,0.3911,True,0.2344,0.7355,0.2979,0.5949,focused_or_low_friction,synthetic_bootstrap
syn_01833,bootstrap_user_09,support_lookup,support_lookup_033,504.5,3.802,0.2,0.459,0.0935,414.9,0.1499,0.5908,0.3343,2,0.8434,True,0.3812,0.5683,0.497,0.7857,moderate_friction,synthetic_bootstrap
syn_01834,bootstrap_user_10,repetitive_admin,repetitive_admin_034,143.1,2.709,0.1028,0.6481,0.06,506.3,0.1152,0.7705,0.194,8,0.8317,True,0.1973,0.7003,0.6083,0.9346,focused_or_low_friction,synthetic_bootstrap
syn_01835,bootstrap_user_11,repetitive_admin,repetitive_admin_035,565.0,4.695,0.089,0.7561,0.0326,373.3,0.0619,0.6828,0.3142,9,0.824,True,0.263,0.6994,0.654,0.9183,focused_or_low_friction,synthetic_bootstrap
syn_01836,bootstrap_user_12,deep_work,deep_work_036,2059.6,0.585,0.1279,0.0451,0.1115,80.0,0.1046,0.806,0.7199,1,0.2361,True,0.1865,0.7368,0.2508,0.5651,focused_or_low_friction,synthetic_bootstrap
syn_01837,bootstrap_user_01,deep_work,deep_work_037,1331.6,1.627,0.0966,0.1002,0.1112,496.1,0.073,0.7966,0.7785,3,0.1057,False,0.1968,0.7251,0.2978,0.5705,focused_or_low_friction,synthetic_bootstrap
syn_01838,bootstrap_user_02,support_lookup,support_lookup_038,45.0,5.278,0.2826,0.5305,0.0403,815.2,0.0073,0.7019,0.4725,8,0.8465,True,0.3029,0.678,0.5283,0.9049,moderate_friction,synthetic_bootstrap
syn_01839,bootstrap_user_03,coding_debugging,coding_debugging_039,1116.0,0.814,0.3435,0.0,0.3363,898.8,0.0603,0.4743,0.6792,3,0.4684,True,0.3795,0.69,0.3375,0.6731,moderate_friction,synthetic_bootstrap
syn_01840,bootstrap_user_04,coding_debugging,coding_debugging_040,656.0,2.34,0.381,0.2937,0.3411,1207.1,0.1084,0.5174,0.6361,3,0.2187,True,0.4229,0.6296,0.2957,0.6159,moderate_friction,synthetic_bootstrap
syn_01841,bootstrap_user_05,deep_work,deep_work_041,1849.5,0.769,0.0819,0.1613,0.0884,700.6,0.1298,0.9915,0.6789,1,0.2339,True,0.2143,0.7578,0.2924,0.5695,focused_or_low_friction,synthetic_bootstrap
syn_01842,bootstrap_user_06,support_lookup,support_lookup_042,193.6,3.509,0.3365,0.5118,0.1808,592.8,0.038,0.5416,0.2842,8,0.699,True,0.296,0.7184,0.5484,0.8907,focused_or_low_friction,synthetic_bootstrap
syn_01843,bootstrap_user_07,deep_work,deep_work_043,2611.0,0.603,0.0853,0.0379,0.0952,655.2,0.0888,1.0,0.732,1,0.4047,True,0.1914,0.7537,0.2771,0.6058,focused_or_low_friction,synthetic_bootstrap
syn_01844,bootstrap_user_08,research_browsing,research_browsing_044,1319.7,4.326,0.2111,0.0998,0.178,80.0,0.1119,0.6061,0.7992,2,0.3133,True,0.2985,0.5291,0.3227,0.5974,focused_or_low_friction,synthetic_bootstrap
syn_01845,bootstrap_user_09,deep_work,deep_work_045,1286.7,0.472,0.1381,0.2746,0.1471,622.3,0.0824,0.9012,0.7156,3,0.2398,True,0.1536,0.7802,0.2897,0.6116,focused_or_low_friction,synthetic_bootstrap
syn_01846,bootstrap_user_10,coding_debugging,coding_debugging_046,553.9,1.046,0.3077,0.2755,0.545,756.3,0.1386,0.6277,0.7889,3,0.5739,True,0.3031,0.6257,0.3351,0.6863,moderate_friction,synthetic_bootstrap
syn_01847,bootstrap_user_11,repetitive_admin,repetitive_admin_047,616.8,2.652,0.0577,1.0,0.0793,352.7,0.0724,0.8134,0.3939,3,0.9029,True,0.2084,0.7586,0.6172,0.816,focused_or_low_friction,synthetic_bootstrap
syn_01848,bootstrap_user_12,coding_debugging,coding_debugging_048,1515.3,1.938,0.2275,0.2262,0.2832,1076.6,0.0452,0.568,0.6983,1,0.4423,True,0.3646,0.7058,0.3981,0.6193,moderate_friction,synthetic_bootstrap
syn_01849,bootstrap_user_01,support_lookup,support_lookup_049,264.8,4.176,0.17,0.5529,0.1685,536.9,0.0,0.7799,0.4649,8,0.5145,True,0.2853,0.7647,0.5095,0.8228,focused_or_low_friction,synthetic_bootstrap
syn_01850,bootstrap_user_02,coding_debugging,coding_debugging_050,1503.0,2.325,0.4124,0.2562,0.3082,1012.0,0.0801,0.4893,0.7204,3,0.5496,True,0.4577,0.6095,0.4093,0.6884,high_friction,synthetic_bootstrap
syn_01851,bootstrap_user_03,repetitive_admin,repetitive_admin_051,457.5,1.559,0.1214,1.0,0.0198,400.4,0.0613,0.7856,0.1833,10,0.8172,True,0.1993,0.8314,0.7038,0.9323,automation_candidate,synthetic_bootstrap
syn_01852,bootstrap_user_04,research_browsing,research_browsing_052,1078.1,2.362,0.0721,0.241,0.14,576.8,0.1086,0.5938,0.8196,0,0.3586,True,0.2941,0.6043,0.2831,0.5613,focused_or_low_friction,synthetic_bootstrap
syn_01853,bootstrap_user_05,support_lookup,support_lookup_053,257.2,4.239,0.1883,0.5039,0.1201,573.5,0.095,0.6785,0.2941,2,0.637,True,0.3127,0.6507,0.4457,0.739,moderate_friction,synthetic_bootstrap
syn_01854,bootstrap_user_06,coding_debugging,coding_debugging_054,1021.6,2.846,0.3753,0.0134,0.4032,845.6,0.0734,0.5546,0.7232,2,0.2888,True,0.3843,0.6474,0.3031,0.6004,moderate_friction,synthetic_bootstrap
syn_01855,bootstrap_user_07,research_browsing,research_browsing_055,2476.4,3.408,0.273,0.0951,0.0891,666.0,0.0781,0.5242,0.8336,2,0.1396,True,0.4222,0.5779,0.2499,0.5499,moderate_friction,synthetic_bootstrap
syn_01856,bootstrap_user_08,research_browsing,research_browsing_056,1570.7,0.17,0.2202,0.3108,0.0,831.0,0.1372,0.4074,0.8416,3,0.1588,True,0.3388,0.6245,0.2885,0.5762,moderate_friction,synthetic_bootstrap
syn_01857,bootstrap_user_09,repetitive_admin,repetitive_admin_057,413.7,2.535,0.1215,0.8456,0.0842,333.5,0.049,0.6679,0.1806,13,0.991,True,0.216,0.7996,0.7348,0.9761,automation_candidate,synthetic_bootstrap
syn_01858,bootstrap_user_10,repetitive_admin,repetitive_admin_058,349.2,2.623,0.2341,0.9183,0.0432,190.3,0.0732,0.789,0.4044,4,0.9179,True,0.2072,0.7316,0.6659,0.8409,focused_or_low_friction,synthetic_bootstrap
syn_01859,bootstrap_user_11,repetitive_admin,repetitive_admin_059,487.1,2.886,0.1283,0.7079,0.0338,630.2,0.098,0.7241,0.35,16,0.959,True,0.2586,0.6749,0.7406,0.9477,automation_candidate,synthetic_bootstrap
syn_01860,bootstrap_user_12,repetitive_admin,repetitive_admin_060,606.4,4.45,0.1621,0.7623,0.0401,421.6,0.0311,0.7873,0.2036,10,0.9658,True,0.2691,0.7791,0.7955,0.967,automation_candidate,synthetic_bootstrap
syn_01861,bootstrap_user_01,support_lookup,support_lookup_001,249.3,4.925,0.3009,0.707,0.0099,391.2,0.0825,0.62,0.5184,12,0.731,False,0.2963,0.5967,0.6803,0.8705,automation_candidate,synthetic_bootstrap
syn_01862,bootstrap_user_02,research_browsing,research_browsing_002,832.3,3.817,0.3449,0.2455,0.1218,614.3,0.2024,0.5506,0.8759,2,0.079,True,0.3692,0.4453,0.2679,0.5296,moderate_friction,synthetic_bootstrap
syn_01863,bootstrap_user_03,research_browsing,research_browsing_003,1662.9,3.811,0.1925,0.1549,0.0475,706.0,0.1789,0.7454,0.7521,4,0.2565,True,0.3197,0.5201,0.3543,0.6339,moderate_friction,synthetic_bootstrap
syn_01864,bootstrap_user_04,support_lookup,support_lookup_004,234.3,3.542,0.1122,0.4788,0.0655,702.8,0.1141,0.8465,0.4356,5,0.7232,True,0.2462,0.6947,0.5204,0.811,focused_or_low_friction,synthetic_bootstrap
syn_01865,bootstrap_user_05,coding_debugging,coding_debugging_005,1197.6,4.25,0.156,0.2847,0.3314,524.1,0.1401,0.7784,0.9403,3,0.154,True,0.3829,0.5442,0.3526,0.5632,moderate_friction,synthetic_bootstrap
syn_01866,bootstrap_user_06,research_browsing,research_browsing_006,1108.3,2.853,0.3116,0.2911,0.0365,537.5,0.0306,0.8006,0.8697,0,0.2923,True,0.2411,0.712,0.3336,0.5387,focused_or_low_friction,synthetic_bootstrap
syn_01867,bootstrap_user_07,research_browsing,research_browsing_007,1484.7,2.294,0.163,0.1835,0.0771,648.7,0.1379,0.396,0.7393,2,0.4878,True,0.3492,0.5734,0.3591,0.6482,moderate_friction,synthetic_bootstrap
syn_01868,bootstrap_user_08,repetitive_admin,repetitive_admin_008,581.6,3.634,0.1967,0.5574,0.0478,415.7,0.0648,0.956,0.0992,8,0.8538,True,0.2699,0.8102,0.6023,0.9515,focused_or_low_friction,synthetic_bootstrap
syn_01869,bootstrap_user_09,support_lookup,support_lookup_009,413.4,6.107,0.201,0.4097,0.1024,604.4,0.0899,0.483,0.2754,10,0.9402,True,0.4347,0.5973,0.6682,0.952,moderate_friction,synthetic_bootstrap
syn_01870,bootstrap_user_10,research_browsing,research_browsing_010,1422.6,3.528,0.11,0.2378,0.0374,808.6,0.0881,0.6244,0.7238,1,0.3442,True,0.3448,0.6062,0.3022,0.5917,moderate_friction,synthetic_bootstrap
syn_01871,bootstrap_user_11,repetitive_admin,repetitive_admin_011,273.7,2.134,0.214,0.8808,0.0401,602.3,0.0884,0.5933,0.177,1,0.8531,True,0.2255,0.6916,0.5163,0.7845,focused_or_low_friction,synthetic_bootstrap
syn_01872,bootstrap_user_12,support_lookup,support_lookup_012,286.0,5.047,0.0184,0.4535,0.1611,299.6,0.0596,0.528,0.4515,0,0.7596,True,0.3021,0.6394,0.4083,0.7057,moderate_friction,synthetic_bootstrap
syn_01873,bootstrap_user_01,research_browsing,research_browsing_013,1233.6,1.582,0.211,0.1734,0.0791,870.1,0.0565,0.3755,0.758,2,0.2872,True,0.3042,0.6327,0.2942,0.5958,moderate_friction,synthetic_bootstrap
syn_01874,bootstrap_user_02,research_browsing,research_browsing_014,1066.4,4.208,0.2438,0.1374,0.1548,748.2,0.0421,0.191,0.6939,2,0.407,True,0.4094,0.5793,0.3946,0.6335,moderate_friction,synthetic_bootstrap
syn_01875,bootstrap_user_03,research_browsing,research_browsing_015,1825.2,4.487,0.264,0.2164,0.0831,830.5,0.0434,0.5634,0.8432,3,0.2426,True,0.3964,0.6201,0.3249,0.597,moderate_friction,synthetic_bootstrap
syn_01876,bootstrap_user_04,coding_debugging,coding_debugging_016,1426.7,2.114,0.1496,0.2247,0.4322,515.0,0.0258,0.6539,0.5522,5,0.6353,True,0.3219,0.7885,0.5175,0.7751,moderate_friction,synthetic_bootstrap
syn_01877,bootstrap_user_05,repetitive_admin,repetitive_admin_017,340.1,4.639,0.0653,0.6964,0.0083,399.0,0.0412,0.6993,0.2634,6,0.8633,True,0.1793,0.7489,0.6143,0.8892,focused_or_low_friction,synthetic_bootstrap
syn_01878,bootstrap_user_06,repetitive_admin,repetitive_admin_018,476.1,3.169,0.077,0.7734,0.1008,275.9,0.0098,0.7477,0.3555,12,0.9563,True,0.1947,0.796,0.7107,0.9464,automation_candidate,synthetic_bootstrap
syn_01879,bootstrap_user_07,support_lookup,support_lookup_019,191.7,4.236,0.1587,0.632,0.0413,312.7,0.0833,0.5767,0.2856,7,0.6969,True,0.2073,0.6662,0.5273,0.8674,focused_or_low_friction,synthetic_bootstrap
syn_01880,bootstrap_user_08,support_lookup,support_lookup_020,275.6,3.703,0.1781,0.7788,0.0756,394.8,0.0505,0.8074,0.3501,10,0.7723,True,0.2442,0.7534,0.6121,0.9011,focused_or_low_friction,synthetic_bootstrap
syn_01881,bootstrap_user_09,support_lookup,support_lookup_021,101.6,5.584,0.2646,0.9348,0.0357,607.4,0.0293,0.5859,0.3048,8,0.7236,True,0.3064,0.6912,0.6585,0.8943,moderate_friction,synthetic_bootstrap
syn_01882,bootstrap_user_10,coding_debugging,coding_debugging_022,1303.3,2.073,0.2174,0.2939,0.1949,811.0,0.0462,0.6055,0.6146,2,0.3254,True,0.33,0.6625,0.3232,0.6226,moderate_friction,synthetic_bootstrap
syn_01883,bootstrap_user_11,support_lookup,support_lookup_023,340.4,4.477,0.1221,0.7466,0.078,415.7,0.0365,0.8507,0.3859,7,0.8366,True,0.2379,0.7523,0.6234,0.8904,focused_or_low_friction,synthetic_bootstrap
syn_01884,bootstrap_user_12,coding_debugging,coding_debugging_024,2092.4,1.718,0.3838,0.3206,0.3143,864.3,0.0855,0.393,0.7549,3,0.502,False,0.4959,0.5877,0.4579,0.6724,high_friction,synthetic_bootstrap
syn_01885,bootstrap_user_01,repetitive_admin,repetitive_admin_025,271.8,3.092,0.1609,0.6582,0.11,335.4,0.0535,0.7237,0.2223,17,0.7928,True,0.1696,0.7648,0.6485,0.9215,focused_or_low_friction,synthetic_bootstrap
syn_01886,bootstrap_user_02,repetitive_admin,repetitive_admin_026,572.8,4.182,0.1009,0.5181,0.0287,375.8,0.0031,0.7069,0.4221,9,0.8637,True,0.2538,0.7497,0.633,0.9153,focused_or_low_friction,synthetic_bootstrap
syn_01887,bootstrap_user_03,deep_work,deep_work_027,2163.5,1.204,0.0864,0.191,0.0644,653.9,0.0445,0.8034,0.8037,1,0.1891,True,0.2551,0.7128,0.2685,0.5433,focused_or_low_friction,synthetic_bootstrap
syn_01888,bootstrap_user_04,repetitive_admin,repetitive_admin_028,324.9,3.032,0.0991,0.8353,0.0822,511.4,0.0885,0.7427,0.2441,10,0.9056,True,0.2156,0.7317,0.6902,0.9471,automation_candidate,synthetic_bootstrap
syn_01889,bootstrap_user_05,research_browsing,research_browsing_029,1004.5,2.312,0.333,0.1509,0.1572,678.8,0.0534,0.6029,0.705,2,0.2751,True,0.3431,0.636,0.3029,0.5992,moderate_friction,synthetic_bootstrap
syn_01890,bootstrap_user_06,support_lookup,support_lookup_030,139.1,6.89,0.1448,0.449,0.222,389.3,0.0113,0.5442,0.3758,7,0.7064,True,0.3016,0.6716,0.5332,0.859,moderate_friction,synthetic_bootstrap
syn_01891,bootstrap_user_07,repetitive_admin,repetitive_admin_031,335.5,2.972,0.1662,0.9216,0.0358,524.8,0.0406,0.5938,0.0978,13,0.9763,True,0.2113,0.7371,0.7967,0.9823,automation_candidate,synthetic_bootstrap
syn_01892,bootstrap_user_08,coding_debugging,coding_debugging_032,1087.2,0.803,0.3025,0.1011,0.3557,498.5,0.1169,0.5382,0.4834,4,0.5671,True,0.3318,0.6842,0.4225,0.7438,moderate_friction,synthetic_bootstrap
syn_01893,bootstrap_user_09,support_lookup,support_lookup_033,432.6,4.8,0.1514,0.6756,0.0885,328.2,0.0966,0.7134,0.1552,4,0.8658,True,0.2919,0.7359,0.5945,0.8578,focused_or_low_friction,synthetic_bootstrap
syn_01894,bootstrap_user_10,deep_work,deep_work_034,2341.3,1.475,0.0346,0.1713,0.1929,532.7,0.1746,0.769,0.8597,2,0.3107,True,0.2742,0.6138,0.3209,0.5895,focused_or_low_friction,synthetic_bootstrap
syn_01895,bootstrap_user_11,repetitive_admin,repetitive_admin_035,148.8,2.401,0.1634,0.839,0.0943,415.9,0.0621,0.8262,0.1374,6,0.854,True,0.1124,0.7787,0.6074,0.902,focused_or_low_friction,synthetic_bootstrap
syn_01896,bootstrap_user_12,deep_work,deep_work_036,2306.6,0.611,0.0467,0.1923,0.0736,608.6,0.0711,0.7308,0.8221,3,0.2353,True,0.2169,0.7496,0.2777,0.5977,focused_or_low_friction,synthetic_bootstrap
syn_01897,bootstrap_user_01,coding_debugging,coding_debugging_037,1492.3,3.275,0.1758,0.2468,0.4216,519.6,0.0666,0.6828,0.7039,0,0.3752,True,0.4192,0.6505,0.3331,0.5793,moderate_friction,synthetic_bootstrap
syn_01898,bootstrap_user_02,repetitive_admin,repetitive_admin_038,351.3,5.002,0.1705,0.8957,0.1199,208.5,0.0215,0.6773,0.2278,5,0.815,True,0.2311,0.7549,0.6543,0.8589,focused_or_low_friction,synthetic_bootstrap
syn_01899,bootstrap_user_03,deep_work,deep_work_039,1461.9,0.885,0.0044,0.0,0.1222,633.3,0.0829,0.7887,0.5458,3,0.4091,True,0.1766,0.7654,0.2897,0.6743,focused_or_low_friction,synthetic_bootstrap
syn_01900,bootstrap_user_04,deep_work,deep_work_040,1926.4,0.558,0.0588,0.2874,0.0876,80.0,0.0586,0.7399,0.6661,0,0.402,True,0.1412,0.7775,0.3259,0.5906,focused_or_low_friction,synthetic_bootstrap
syn_01901,bootstrap_user_05,support_lookup,support_lookup_041,246.5,4.031,0.1784,0.6646,0.1209,722.8,0.0436,0.6838,0.6291,6,0.7898,True,0.2858,0.6738,0.5561,0.827,focused_or_low_friction,synthetic_bootstrap
syn_01902,bootstrap_user_06,deep_work,deep_work_042,2124.6,0.947,0.1202,0.0701,0.1144,452.4,0.085,0.791,0.5847,0,0.3885,True,0.2052,0.7526,0.2645,0.597,focused_or_low_friction,synthetic_bootstrap
syn_01903,bootstrap_user_07,research_browsing,research_browsing_043,1601.5,3.067,0.1871,0.2493,0.1323,312.1,0.1125,0.465,0.8112,0,0.3237,True,0.3338,0.5446,0.3661,0.5536,moderate_friction,synthetic_bootstrap
syn_01904,bootstrap_user_08,deep_work,deep_work_044,2378.0,0.561,0.0669,0.0,0.1137,203.5,0.1067,0.9021,0.673,0,0.4999,True,0.1744,0.7364,0.2834,0.6142,focused_or_low_friction,synthetic_bootstrap
syn_01905,bootstrap_user_09,coding_debugging,coding_debugging_045,1008.7,1.004,0.4274,0.4159,0.4018,1005.9,0.1883,0.4948,0.614,2,0.4617,True,0.412,0.5596,0.4282,0.6567,moderate_friction,synthetic_bootstrap
syn_01906,bootstrap_user_10,support_lookup,support_lookup_046,344.1,4.353,0.0276,0.6701,0.1891,525.2,0.0896,0.6095,0.4222,4,0.7654,True,0.329,0.6401,0.5101,0.8007,moderate_friction,synthetic_bootstrap
syn_01907,bootstrap_user_11,support_lookup,support_lookup_047,307.0,4.819,0.189,0.7413,0.0999,570.6,0.0495,0.6341,0.3974,13,0.8642,True,0.3351,0.6262,0.7102,0.9184,automation_candidate,synthetic_bootstrap
syn_01908,bootstrap_user_12,deep_work,deep_work_048,2255.2,0.838,0.0778,0.0748,0.0683,300.0,0.12,0.9401,0.8735,1,0.2698,True,0.161,0.69,0.2328,0.5551,focused_or_low_friction,synthetic_bootstrap
syn_01909,bootstrap_user_01,coding_debugging,coding_debugging_049,1493.5,1.554,0.3958,0.3767,0.3285,1099.6,0.0319,0.5486,0.7389,3,0.6201,True,0.4192,0.6889,0.4488,0.7039,moderate_friction,synthetic_bootstrap
syn_01910,bootstrap_user_02,research_browsing,research_browsing_050,828.7,2.476,0.1979,0.2958,0.049,829.3,0.1736,0.5185,0.8208,2,0.3493,True,0.3091,0.545,0.3332,0.6038,moderate_friction,synthetic_bootstrap
syn_01911,bootstrap_user_03,deep_work,deep_work_051,1814.3,0.879,0.1228,0.3042,0.0531,459.5,0.0206,0.9385,0.6844,1,0.3563,True,0.1334,0.8523,0.3528,0.5994,focused_or_low_friction,synthetic_bootstrap
syn_01912,bootstrap_user_04,deep_work,deep_work_052,2192.1,0.494,0.0433,0.1409,0.13,540.3,0.0489,0.8734,0.5828,1,0.3689,True,0.1538,0.855,0.3417,0.6148,focused_or_low_friction,synthetic_bootstrap
syn_01913,bootstrap_user_05,research_browsing,research_browsing_053,2494.9,3.496,0.278,0.1676,0.0825,841.8,0.1781,0.6744,0.7328,2,0.2076,True,0.4682,0.5078,0.3631,0.579,high_friction,synthetic_bootstrap
syn_01914,bootstrap_user_06,support_lookup,support_lookup_054,315.0,3.741,0.1855,0.531,0.0827,533.2,0.0501,0.5667,0.3356,3,0.6628,True,0.3407,0.7078,0.4795,0.7629,moderate_friction,synthetic_bootstrap
syn_01915,bootstrap_user_07,deep_work,deep_work_055,1805.6,1.028,0.1388,0.1826,0.172,443.3,0.104,0.8763,0.5868,2,0.129,True,0.1945,0.7384,0.2775,0.5768,focused_or_low_friction,synthetic_bootstrap
syn_01916,bootstrap_user_08,repetitive_admin,repetitive_admin_056,496.8,2.314,0.2316,0.7881,0.0479,464.1,0.0798,0.7732,0.1794,17,0.9112,True,0.2394,0.7612,0.7411,0.9563,automation_candidate,synthetic_bootstrap
syn_01917,bootstrap_user_09,coding_debugging,coding_debugging_057,562.8,2.249,0.1886,0.205,0.3387,656.1,0.0855,0.7002,0.6311,2,0.2444,True,0.2886,0.6985,0.2685,0.6004,focused_or_low_friction,synthetic_bootstrap
syn_01918,bootstrap_user_10,coding_debugging,coding_debugging_058,1374.4,2.295,0.1279,0.2575,0.4194,288.0,0.2003,0.5428,0.5551,3,0.5364,True,0.3669,0.6051,0.4462,0.705,moderate_friction,synthetic_bootstrap
syn_01919,bootstrap_user_11,support_lookup,support_lookup_059,558.2,5.818,0.1841,0.6579,0.094,564.9,0.0768,0.6196,0.2082,10,0.8873,False,0.3773,0.6659,0.7406,0.9469,automation_candidate,synthetic_bootstrap
syn_01920,bootstrap_user_12,research_browsing,research_browsing_060,1003.0,4.08,0.2214,0.2111,0.054,80.0,0.0711,0.6444,0.7836,3,0.4327,True,0.2415,0.5691,0.3456,0.6517,focused_or_low_friction,synthetic_bootstrap
syn_01921,bootstrap_user_01,support_lookup,support_lookup_001,126.0,4.968,0.1544,0.5505,0.0776,379.8,0.0877,0.6693,0.469,0,0.8433,True,0.2459,0.6584,0.4284,0.7245,focused_or_low_friction,synthetic_bootstrap
syn_01922,bootstrap_user_02,repetitive_admin,repetitive_admin_002,493.8,2.182,0.1222,0.5291,0.0777,430.1,0.0832,0.6664,0.2271,5,0.8397,True,0.1789,0.7308,0.5504,0.8652,focused_or_low_friction,synthetic_bootstrap
syn_01923,bootstrap_user_03,support_lookup,support_lookup_003,245.2,4.963,0.2474,0.5616,0.0307,592.6,0.0597,0.6342,0.4942,8,0.8023,True,0.3296,0.6245,0.5422,0.8913,moderate_friction,synthetic_bootstrap
syn_01924,bootstrap_user_04,repetitive_admin,repetitive_admin_004,384.9,2.022,0.1173,0.7316,0.0772,333.0,0.0996,0.8247,0.2703,8,0.9701,True,0.157,0.7672,0.6655,0.9601,focused_or_low_friction,synthetic_bootstrap
syn_01925,bootstrap_user_05,repetitive_admin,repetitive_admin_005,493.3,4.028,0.076,0.551,0.0566,455.6,0.0223,0.566,0.2944,6,0.7218,True,0.248,0.7704,0.5601,0.8501,focused_or_low_friction,synthetic_bootstrap
syn_01926,bootstrap_user_06,deep_work,deep_work_006,2093.0,0.792,0.0501,0.111,0.144,584.6,0.0205,0.7201,0.5607,3,0.1422,True,0.2105,0.8213,0.2739,0.6058,focused_or_low_friction,synthetic_bootstrap
syn_01927,bootstrap_user_07,repetitive_admin,repetitive_admin_007,598.3,3.313,0.0333,0.5746,0.0142,536.0,0.0927,0.8378,0.2657,2,0.7757,False,0.2362,0.7738,0.5581,0.777,focused_or_low_friction,synthetic_bootstrap
syn_01928,bootstrap_user_08,coding_debugging,coding_debugging_008,880.2,0.187,0.1516,0.3589,0.3232,687.5,0.0787,0.5274,0.5996,6,0.6606,True,0.238,0.7301,0.5018,0.7982,focused_or_low_friction,synthetic_bootstrap
syn_01929,bootstrap_user_09,deep_work,deep_work_009,2114.1,1.185,0.0215,0.2524,0.0723,559.4,0.0695,0.8938,0.4438,2,0.2502,True,0.2012,0.7958,0.3148,0.6243,focused_or_low_friction,synthetic_bootstrap
syn_01930,bootstrap_user_10,support_lookup,support_lookup_010,222.8,3.778,0.096,0.6338,0.1179,603.3,0.0354,0.5656,0.347,6,0.7674,True,0.2709,0.7021,0.5435,0.8552,focused_or_low_friction,synthetic_bootstrap
syn_01931,bootstrap_user_11,coding_debugging,coding_debugging_011,962.1,2.17,0.4104,0.1085,0.0609,625.5,0.0424,0.2786,0.8946,3,0.5134,True,0.3766,0.5815,0.3692,0.6585,moderate_friction,synthetic_bootstrap
syn_01932,bootstrap_user_12,coding_debugging,coding_debugging_012,1185.1,2.167,0.2843,0.3865,0.3167,512.3,0.1168,0.6638,0.7055,2,0.2707,True,0.3126,0.6243,0.3637,0.598,moderate_friction,synthetic_bootstrap
syn_01933,bootstrap_user_01,coding_debugging,coding_debugging_013,1542.3,3.595,0.1541,0.2395,0.269,900.8,0.1048,0.5674,0.7294,2,0.6425,True,0.4232,0.6053,0.4459,0.6881,moderate_friction,synthetic_bootstrap
syn_01934,bootstrap_user_02,coding_debugging,coding_debugging_014,965.9,3.431,0.0502,0.1306,0.3664,551.2,0.0531,0.5586,0.6414,3,0.5466,True,0.3373,0.6452,0.4148,0.6972,moderate_friction,synthetic_bootstrap
syn_01935,bootstrap_user_03,coding_debugging,coding_debugging_015,1706.6,3.079,0.438,0.181,0.3917,669.0,0.1298,0.7542,0.6406,0,0.6787,True,0.4395,0.5975,0.3552,0.6628,moderate_friction,synthetic_bootstrap
syn_01936,bootstrap_user_04,deep_work,deep_work_016,1904.4,0.561,0.0826,0.1524,0.0,538.2,0.0876,0.8459,0.6617,2,0.3707,True,0.1854,0.7691,0.3586,0.6283,focused_or_low_friction,synthetic_bootstrap
syn_01937,bootstrap_user_05,support_lookup,support_lookup_017,187.4,3.85,0.3154,0.5999,0.1566,544.4,0.0532,0.7586,0.417,2,0.8073,True,0.3042,0.7368,0.526,0.7668,moderate_friction,synthetic_bootstrap
syn_01938,bootstrap_user_06,coding_debugging,coding_debugging_018,1260.9,1.785,0.3154,0.146,0.5345,1090.5,0.1152,0.7197,0.6708,1,0.1101,True,0.4245,0.6636,0.2823,0.5395,moderate_friction,synthetic_bootstrap
syn_01939,bootstrap_user_07,repetitive_admin,repetitive_admin_019,491.1,4.011,0.0324,0.8243,0.0637,447.3,0.0807,0.8326,0.2929,9,0.9314,True,0.2021,0.7281,0.6841,0.9477,automation_candidate,synthetic_bootstrap
syn_01940,bootstrap_user_08,deep_work,deep_work_020,1664.1,0.653,0.0844,0.1454,0.1435,553.1,0.0772,0.7933,0.6752,1,0.6523,True,0.1729,0.7379,0.3727,0.6745,focused_or_low_friction,synthetic_bootstrap
syn_01941,bootstrap_user_09,repetitive_admin,repetitive_admin_021,454.5,2.627,0.1738,0.7644,0.1175,536.4,0.0,0.8017,0.151,9,0.8542,True,0.1803,0.8709,0.6486,0.9454,focused_or_low_friction,synthetic_bootstrap
syn_01942,bootstrap_user_10,support_lookup,support_lookup_022,335.1,2.582,0.1786,0.8546,0.2281,228.6,0.0389,0.6077,0.6081,6,0.8975,True,0.2538,0.6726,0.605,0.8564,focused_or_low_friction,synthetic_bootstrap
syn_01943,bootstrap_user_11,support_lookup,support_lookup_023,491.7,4.609,0.2643,0.4356,0.0937,660.2,0.0273,0.6536,0.2632,9,0.8299,True,0.3816,0.7113,0.6332,0.9259,moderate_friction,synthetic_bootstrap
syn_01944,bootstrap_user_12,deep_work,deep_work_024,1505.1,1.082,0.0,0.0903,0.2058,560.0,0.1045,0.7541,0.5706,1,0.3419,True,0.2255,0.7411,0.302,0.6095,focused_or_low_friction,synthetic_bootstrap
syn_01945,bootstrap_user_01,research_browsing,research_browsing_025,1729.1,1.549,0.0471,0.2395,0.1036,361.3,0.0053,0.6873,0.7583,2,0.2683,True,0.2116,0.7755,0.3344,0.5911,focused_or_low_friction,synthetic_bootstrap
syn_01946,bootstrap_user_02,research_browsing,research_browsing_026,1212.1,2.634,0.2747,0.2339,0.0431,643.6,0.0838,0.5816,0.9147,2,0.5597,True,0.3146,0.603,0.3809,0.6452,moderate_friction,synthetic_bootstrap
syn_01947,bootstrap_user_03,repetitive_admin,repetitive_admin_027,468.4,2.208,0.106,0.6331,0.1212,129.7,0.0547,0.6034,0.3232,6,0.7147,True,0.1484,0.754,0.5739,0.8449,focused_or_low_friction,synthetic_bootstrap
syn_01948,bootstrap_user_04,research_browsing,research_browsing_028,2038.4,1.229,0.1736,0.2667,0.1576,931.8,0.2381,0.519,0.8298,1,0.063,True,0.3757,0.4944,0.2242,0.5087,moderate_friction,synthetic_bootstrap
syn_01949,bootstrap_user_05,deep_work,deep_work_029,2019.4,0.45,0.0,0.2193,0.0598,372.2,0.0409,0.9119,0.7071,1,0.1203,True,0.1832,0.8549,0.2402,0.5377,focused_or_low_friction,synthetic_bootstrap
syn_01950,bootstrap_user_06,research_browsing,research_browsing_030,1099.5,3.441,0.1396,0.1008,0.1729,637.9,0.054,0.6943,0.7541,0,0.1638,True,0.2918,0.6729,0.2864,0.5205,focused_or_low_friction,synthetic_bootstrap
syn_01951,bootstrap_user_07,research_browsing,research_browsing_031,1231.5,2.488,0.3321,0.2583,0.0893,714.2,0.0862,0.4405,0.9758,1,0.3354,True,0.3861,0.5401,0.3575,0.5593,moderate_friction,synthetic_bootstrap
syn_01952,bootstrap_user_08,deep_work,deep_work_032,2698.7,1.055,0.0857,0.135,0.0876,523.7,0.0836,0.8985,0.5882,3,0.2993,True,0.2227,0.7824,0.2799,0.6417,focused_or_low_friction,synthetic_bootstrap
syn_01953,bootstrap_user_09,coding_debugging,coding_debugging_033,883.5,0.245,0.2057,0.1767,0.3297,575.2,0.0724,0.7534,0.9264,1,0.5627,True,0.2231,0.7011,0.263,0.622,focused_or_low_friction,synthetic_bootstrap
syn_01954,bootstrap_user_10,research_browsing,research_browsing_034,1511.8,1.816,0.2321,0.3857,0.1797,481.3,0.0596,0.7352,0.7196,3,0.6283,True,0.3099,0.7324,0.4471,0.7082,moderate_friction,synthetic_bootstrap
syn_01955,bootstrap_user_11,research_browsing,research_browsing_035,1495.1,1.948,0.3361,0.0932,0.135,899.0,0.0854,0.4935,0.7864,1,0.3188,True,0.3614,0.6283,0.2985,0.5778,moderate_friction,synthetic_bootstrap
syn_01956,bootstrap_user_12,research_browsing,research_browsing_036,1203.2,1.189,0.3254,0.1441,0.2031,620.9,0.1168,0.5282,0.8195,6,0.2581,True,0.3393,0.6337,0.303,0.6712,moderate_friction,synthetic_bootstrap
syn_01957,bootstrap_user_01,support_lookup,support_lookup_037,454.5,4.709,0.1586,0.7374,0.1172,313.4,0.0,0.8426,0.3355,5,0.7365,False,0.2675,0.7873,0.586,0.8264,focused_or_low_friction,synthetic_bootstrap
syn_01958,bootstrap_user_02,deep_work,deep_work_038,1172.6,1.206,0.1352,0.0957,0.0881,467.5,0.0978,0.9777,0.6476,1,0.329,True,0.1184,0.7585,0.3,0.597,focused_or_low_friction,synthetic_bootstrap
syn_01959,bootstrap_user_03,research_browsing,research_browsing_039,1351.2,2.931,0.1391,0.2002,0.1085,754.5,0.1262,0.6273,0.9055,2,0.3577,True,0.3612,0.5726,0.3341,0.5958,moderate_friction,synthetic_bootstrap
syn_01960,bootstrap_user_04,coding_debugging,coding_debugging_040,527.2,4.081,0.0078,0.3888,0.3425,284.6,0.2018,0.6665,0.4842,2,0.4948,False,0.2676,0.5053,0.4513,0.6806,focused_or_low_friction,synthetic_bootstrap
syn_01961,bootstrap_user_05,coding_debugging,coding_debugging_041,1324.2,0.191,0.3177,0.2849,0.2675,564.9,0.0695,0.5742,0.7555,4,0.1193,True,0.338,0.7057,0.3149,0.5992,moderate_friction,synthetic_bootstrap
syn_01962,bootstrap_user_06,support_lookup,support_lookup_042,402.0,5.913,0.1507,0.6092,0.1486,750.9,0.0355,0.5554,0.3902,3,0.5955,True,0.4027,0.6788,0.4855,0.7396,moderate_friction,synthetic_bootstrap
syn_01963,bootstrap_user_07,support_lookup,support_lookup_043,247.6,4.487,0.1281,0.5255,0.1267,304.5,0.037,0.6397,0.3955,2,0.7769,True,0.2356,0.7182,0.467,0.7618,focused_or_low_friction,synthetic_bootstrap
syn_01964,bootstrap_user_08,deep_work,deep_work_044,2634.5,0.768,0.1284,0.2136,0.0893,213.2,0.0758,0.7774,0.6229,2,0.1761,True,0.1757,0.7526,0.2761,0.5843,focused_or_low_friction,synthetic_bootstrap
syn_01965,bootstrap_user_09,coding_debugging,coding_debugging_045,783.9,2.322,0.231,0.2405,0.1884,564.6,0.202,0.5333,0.5094,3,0.3209,True,0.3186,0.5651,0.3602,0.6566,moderate_friction,synthetic_bootstrap
syn_01966,bootstrap_user_10,deep_work,deep_work_046,1686.7,1.317,0.0,0.044,0.0487,145.3,0.0608,0.7738,0.7775,1,0.3244,True,0.116,0.7652,0.2915,0.5803,focused_or_low_friction,synthetic_bootstrap
syn_01967,bootstrap_user_11,coding_debugging,coding_debugging_047,554.5,3.658,0.2062,0.1647,0.3473,926.1,0.0964,0.5719,0.8372,2,0.4104,False,0.3429,0.5712,0.3376,0.6171,moderate_friction,synthetic_bootstrap
syn_01968,bootstrap_user_12,research_browsing,research_browsing_048,1614.0,3.983,0.1009,0.2057,0.0857,1149.9,0.1505,0.5773,0.8229,2,0.3839,True,0.4431,0.5072,0.3602,0.6122,high_friction,synthetic_bootstrap
syn_01969,bootstrap_user_01,support_lookup,support_lookup_049,177.6,4.351,0.259,0.3974,0.1015,260.8,0.0516,0.5158,0.3778,5,0.8647,True,0.2645,0.6757,0.5242,0.8533,focused_or_low_friction,synthetic_bootstrap
syn_01970,bootstrap_user_02,support_lookup,support_lookup_050,167.8,6.022,0.177,0.4928,0.1249,507.0,0.0178,0.5499,0.5401,7,0.9382,True,0.2788,0.6019,0.5875,0.8972,focused_or_low_friction,synthetic_bootstrap
syn_01971,bootstrap_user_03,repetitive_admin,repetitive_admin_051,481.6,2.792,0.0724,0.8552,0.0729,358.4,0.032,0.7033,0.335,2,0.8665,True,0.2083,0.8016,0.623,0.7914,focused_or_low_friction,synthetic_bootstrap
syn_01972,bootstrap_user_04,research_browsing,research_browsing_052,1801.8,2.409,0.2168,0.2077,0.0765,539.3,0.0818,0.8852,0.7783,3,0.1957,False,0.2741,0.6941,0.2706,0.593,focused_or_low_friction,synthetic_bootstrap
syn_01973,bootstrap_user_05,coding_debugging,coding_debugging_053,1602.5,3.4,0.1494,0.3575,0.1663,944.3,0.0856,0.757,0.7449,4,0.5933,True,0.3715,0.6292,0.4668,0.7189,moderate_friction,synthetic_bootstrap
syn_01974,bootstrap_user_06,repetitive_admin,repetitive_admin_054,709.1,3.956,0.0573,0.9158,0.0956,488.0,0.0647,0.7778,0.0802,12,0.6797,True,0.2756,0.7867,0.7837,0.9103,automation_candidate,synthetic_bootstrap
syn_01975,bootstrap_user_07,deep_work,deep_work_055,2321.9,0.807,0.094,0.1824,0.1839,558.0,0.0273,0.7749,0.7398,3,0.2633,False,0.2305,0.7978,0.2871,0.6146,focused_or_low_friction,synthetic_bootstrap
syn_01976,bootstrap_user_08,repetitive_admin,repetitive_admin_056,587.3,2.754,0.0752,0.6819,0.1353,440.5,0.0233,0.6923,0.421,7,0.9048,True,0.1685,0.8001,0.6201,0.9032,focused_or_low_friction,synthetic_bootstrap
syn_01977,bootstrap_user_09,support_lookup,support_lookup_057,223.9,6.147,0.2958,0.6841,0.1464,696.0,0.1029,0.8157,0.3718,4,0.7645,True,0.3362,0.5893,0.563,0.8065,moderate_friction,synthetic_bootstrap
syn_01978,bootstrap_user_10,research_browsing,research_browsing_058,566.1,3.094,0.2335,0.1892,0.1426,808.1,0.2211,0.5179,0.8223,2,0.3202,True,0.34,0.4644,0.2438,0.5964,moderate_friction,synthetic_bootstrap
syn_01979,bootstrap_user_11,coding_debugging,coding_debugging_059,949.6,1.617,0.2472,0.3532,0.1922,1006.1,0.0714,0.5609,0.7666,2,0.2951,True,0.299,0.6725,0.2821,0.5968,focused_or_low_friction,synthetic_bootstrap
syn_01980,bootstrap_user_12,repetitive_admin,repetitive_admin_060,553.2,3.815,0.2161,0.9818,0.1174,298.4,0.1152,0.6325,0.0897,15,0.9081,True,0.2555,0.6908,0.8014,0.9663,automation_candidate,synthetic_bootstrap
syn_01981,bootstrap_user_01,research_browsing,research_browsing_001,986.9,5.163,0.4133,0.1917,0.0925,848.5,0.0819,0.3123,0.5791,2,0.4058,True,0.4416,0.5405,0.4227,0.647,high_friction,synthetic_bootstrap
syn_01982,bootstrap_user_02,repetitive_admin,repetitive_admin_002,447.9,3.476,0.1178,0.689,0.0171,532.4,0.0385,0.7003,0.2258,3,0.8532,True,0.2105,0.787,0.5582,0.8237,focused_or_low_friction,synthetic_bootstrap
syn_01983,bootstrap_user_03,research_browsing,research_browsing_003,583.7,4.511,0.2379,0.2491,0.1443,441.9,0.0839,0.7041,0.9468,2,0.2247,False,0.2835,0.5796,0.2733,0.5576,focused_or_low_friction,synthetic_bootstrap
syn_01984,bootstrap_user_04,repetitive_admin,repetitive_admin_004,460.4,2.255,0.0975,0.6447,0.1065,401.2,0.0764,0.6657,0.2592,11,0.9287,True,0.2327,0.7377,0.7079,0.9511,automation_candidate,synthetic_bootstrap
syn_01985,bootstrap_user_05,coding_debugging,coding_debugging_005,1937.2,0.0,0.2078,0.2664,0.2996,1024.3,0.104,0.5517,0.618,1,0.316,True,0.4064,0.6996,0.3134,0.5973,moderate_friction,synthetic_bootstrap
syn_01986,bootstrap_user_06,research_browsing,research_browsing_006,845.3,2.227,0.1692,0.1201,0.1337,951.0,0.0512,0.7143,0.8555,2,0.4832,True,0.2911,0.6931,0.3315,0.6331,focused_or_low_friction,synthetic_bootstrap
syn_01987,bootstrap_user_07,repetitive_admin,repetitive_admin_007,488.8,3.246,0.148,0.6396,0.0545,292.3,0.0391,0.8312,0.2338,11,0.8812,True,0.2334,0.8058,0.6865,0.9423,automation_candidate,synthetic_bootstrap
syn_01988,bootstrap_user_08,coding_debugging,coding_debugging_008,1063.5,2.284,0.1118,0.1575,0.3463,368.4,0.0626,0.5668,1.0,4,0.5736,True,0.3203,0.6009,0.3909,0.6834,moderate_friction,synthetic_bootstrap
syn_01989,bootstrap_user_09,research_browsing,research_browsing_009,1602.7,1.441,0.2554,0.2181,0.0699,466.3,0.0742,0.5384,0.7747,2,0.2359,True,0.3417,0.6656,0.2944,0.581,moderate_friction,synthetic_bootstrap
syn_01990,bootstrap_user_10,deep_work,deep_work_010,1533.4,0.943,0.1046,0.1339,0.0703,513.5,0.0828,0.7742,0.6913,1,0.2598,True,0.1749,0.7232,0.3001,0.5745,focused_or_low_friction,synthetic_bootstrap
syn_01991,bootstrap_user_11,deep_work,deep_work_011,1603.9,1.63,0.1113,0.0843,0.148,321.0,0.1589,0.8381,0.7343,2,0.3819,True,0.1901,0.6561,0.3372,0.6224,focused_or_low_friction,synthetic_bootstrap
syn_01992,bootstrap_user_12,coding_debugging,coding_debugging_012,564.2,3.586,0.3461,0.1963,0.2545,1264.7,0.1469,0.7354,0.6949,3,0.4689,True,0.4034,0.5909,0.3943,0.6713,moderate_friction,synthetic_bootstrap
syn_01993,bootstrap_user_01,repetitive_admin,repetitive_admin_013,382.3,1.887,0.2186,0.9187,0.096,613.0,0.0598,0.6582,0.1488,3,0.8604,True,0.2193,0.78,0.6334,0.8347,focused_or_low_friction,synthetic_bootstrap
syn_01994,bootstrap_user_02,deep_work,deep_work_014,1526.5,0.478,0.0559,0.2237,0.0865,500.4,0.1421,1.0,0.744,2,0.2079,True,0.1612,0.7489,0.2823,0.5777,focused_or_low_friction,synthetic_bootstrap
syn_01995,bootstrap_user_03,support_lookup,support_lookup_015,280.1,5.026,0.3319,0.8233,0.1733,650.9,0.0471,0.7327,0.2751,6,0.9678,True,0.3389,0.6973,0.6655,0.914,moderate_friction,synthetic_bootstrap
syn_01996,bootstrap_user_04,coding_debugging,coding_debugging_016,129.9,1.062,0.3479,0.1479,0.2892,460.9,0.0641,0.6095,0.8124,4,0.3172,True,0.2486,0.6793,0.2523,0.6418,focused_or_low_friction,synthetic_bootstrap
syn_01997,bootstrap_user_05,repetitive_admin,repetitive_admin_017,409.9,4.516,0.1702,0.749,0.07,310.5,0.0063,0.6234,0.3795,14,0.7735,True,0.2066,0.7068,0.7021,0.8978,automation_candidate,synthetic_bootstrap
syn_01998,bootstrap_user_06,repetitive_admin,repetitive_admin_018,342.2,1.284,0.2231,0.7141,0.0358,396.6,0.0476,0.778,0.246,9,0.9355,True,0.1518,0.8339,0.6303,0.9544,focused_or_low_friction,synthetic_bootstrap
syn_01999,bootstrap_user_07,research_browsing,research_browsing_019,1309.2,2.483,0.1833,0.1406,0.0371,751.0,0.1631,0.5588,0.876,1,0.234,True,0.3502,0.5401,0.2855,0.5459,moderate_friction,synthetic_bootstrap
syn_02000,bootstrap_user_08,support_lookup,support_lookup_020,131.3,3.935,0.2572,0.7451,0.1518,703.7,0.0488,0.4895,0.3315,8,0.8699,True,0.281,0.6571,0.605,0.9277,focused_or_low_friction,synthetic_bootstrap
syn_02001,bootstrap_user_09,research_browsing,research_browsing_021,401.4,2.42,0.2243,0.1722,0.0835,498.4,0.0814,0.5134,0.8564,2,0.68,True,0.2895,0.6075,0.313,0.6822,focused_or_low_friction,synthetic_bootstrap
syn_02002,bootstrap_user_10,support_lookup,support_lookup_022,416.2,5.497,0.0396,0.4871,0.1032,426.9,0.0148,0.6716,0.1534,7,0.863,True,0.2888,0.7782,0.6139,0.9248,focused_or_low_friction,synthetic_bootstrap
syn_02003,bootstrap_user_11,research_browsing,research_browsing_023,1772.9,2.19,0.3569,0.1798,0.1788,948.8,0.1229,0.6287,0.7856,1,0.3714,True,0.3706,0.5948,0.3431,0.5911,moderate_friction,synthetic_bootstrap
syn_02004,bootstrap_user_12,coding_debugging,coding_debugging_024,1759.6,2.853,0.1131,0.1346,0.2654,1143.7,0.0696,0.7264,0.6577,3,0.2884,True,0.371,0.7224,0.3266,0.6307,moderate_friction,synthetic_bootstrap
syn_02005,bootstrap_user_01,deep_work,deep_work_025,1026.4,0.068,0.0757,0.1134,0.1224,407.7,0.1266,0.7892,0.7826,1,0.1696,False,0.1467,0.6866,0.2464,0.541,focused_or_low_friction,synthetic_bootstrap
syn_02006,bootstrap_user_02,research_browsing,research_browsing_026,1217.8,3.156,0.2675,0.0451,0.1285,384.9,0.0812,0.3529,0.8524,0,0.156,False,0.3413,0.5574,0.247,0.5067,moderate_friction,synthetic_bootstrap
syn_02007,bootstrap_user_03,support_lookup,support_lookup_027,249.5,5.459,0.2103,0.4971,0.0766,791.9,0.0968,0.7424,0.4651,8,0.8235,True,0.3742,0.6073,0.5695,0.9001,moderate_friction,synthetic_bootstrap
syn_02008,bootstrap_user_04,deep_work,deep_work_028,945.9,0.156,0.1708,0.1993,0.0794,464.1,0.0257,0.7858,0.5342,1,0.4316,False,0.1888,0.8392,0.2714,0.6363,focused_or_low_friction,synthetic_bootstrap
syn_02009,bootstrap_user_05,deep_work,deep_work_029,2775.3,0.422,0.0881,0.1581,0.102,458.7,0.0826,0.7143,0.9387,2,0.3562,True,0.2234,0.7236,0.2793,0.5914,focused_or_low_friction,synthetic_bootstrap
syn_02010,bootstrap_user_06,coding_debugging,coding_debugging_030,1281.0,2.582,0.023,0.0968,0.4586,714.4,0.2001,0.7541,0.698,2,0.6508,True,0.3564,0.6139,0.4306,0.6939,moderate_friction,synthetic_bootstrap
syn_02011,bootstrap_user_07,deep_work,deep_work_031,2401.3,0.846,0.0464,0.0657,0.0248,794.0,0.0804,0.7284,0.7802,1,0.2719,False,0.2108,0.7323,0.234,0.5668,focused_or_low_friction,synthetic_bootstrap
syn_02012,bootstrap_user_08,repetitive_admin,repetitive_admin_032,307.4,1.736,0.1236,0.6151,0.1037,373.9,0.0406,0.6618,0.4231,11,0.8055,True,0.1396,0.7976,0.6329,0.9006,focused_or_low_friction,synthetic_bootstrap
syn_02013,bootstrap_user_09,deep_work,deep_work_033,2323.3,0.746,0.1203,0.2322,0.0865,385.5,0.0409,0.8541,0.7359,1,0.3154,True,0.2086,0.7623,0.2786,0.583,focused_or_low_friction,synthetic_bootstrap
syn_02014,bootstrap_user_10,support_lookup,support_lookup_034,151.4,4.122,0.2052,0.481,0.1555,783.3,0.0724,0.7723,0.2593,4,0.8415,True,0.2453,0.7423,0.5045,0.8392,focused_or_low_friction,synthetic_bootstrap
syn_02015,bootstrap_user_11,support_lookup,support_lookup_035,330.2,3.491,0.3144,0.5997,0.161,415.1,0.0651,0.7158,0.5795,5,0.8103,True,0.2846,0.6246,0.5042,0.8155,focused_or_low_friction,synthetic_bootstrap
syn_02016,bootstrap_user_12,support_lookup,support_lookup_036,356.7,6.36,0.1062,0.4618,0.1867,418.2,0.0488,0.8059,0.5024,9,0.6189,True,0.3511,0.662,0.5333,0.8444,moderate_friction,synthetic_bootstrap
syn_02017,bootstrap_user_01,repetitive_admin,repetitive_admin_037,368.3,4.311,0.2117,0.7193,0.0525,344.2,0.0903,0.8591,0.2994,6,0.9466,True,0.1896,0.6955,0.6625,0.9057,focused_or_low_friction,synthetic_bootstrap
syn_02018,bootstrap_user_02,deep_work,deep_work_038,1836.8,0.58,0.0893,0.1797,0.0337,466.3,0.0947,0.7807,0.6021,1,0.2335,True,0.1542,0.7562,0.2716,0.5786,focused_or_low_friction,synthetic_bootstrap
syn_02019,bootstrap_user_03,coding_debugging,coding_debugging_039,782.2,3.434,0.2656,0.1731,0.2235,868.2,0.1413,0.7498,0.7032,2,0.4383,False,0.3249,0.6178,0.3547,0.6402,moderate_friction,synthetic_bootstrap
syn_02020,bootstrap_user_04,repetitive_admin,repetitive_admin_040,500.2,3.624,0.1442,0.5995,0.0797,676.5,0.0976,0.7541,0.2433,0,0.8202,True,0.2723,0.7039,0.5197,0.7459,focused_or_low_friction,synthetic_bootstrap
syn_02021,bootstrap_user_05,coding_debugging,coding_debugging_041,649.8,2.445,0.2679,0.1518,0.4674,974.4,0.0607,0.6669,0.5811,2,0.6059,True,0.3572,0.717,0.3964,0.6967,moderate_friction,synthetic_bootstrap
syn_02022,bootstrap_user_06,deep_work,deep_work_042,1667.0,1.221,0.0,0.0966,0.0852,548.6,0.067,0.6773,0.4876,1,0.2927,True,0.1574,0.7728,0.3244,0.6072,focused_or_low_friction,synthetic_bootstrap
syn_02023,bootstrap_user_07,deep_work,deep_work_043,1866.9,1.392,0.0613,0.1855,0.1576,421.6,0.081,0.79,0.7393,2,0.3922,True,0.17,0.7266,0.3321,0.6243,focused_or_low_friction,synthetic_bootstrap
syn_02024,bootstrap_user_08,repetitive_admin,repetitive_admin_044,455.4,3.317,0.2143,0.6364,0.017,231.5,0.031,0.8374,0.1503,3,0.8931,True,0.1481,0.7679,0.5489,0.8427,focused_or_low_friction,synthetic_bootstrap
syn_02025,bootstrap_user_09,support_lookup,support_lookup_045,325.7,4.472,0.12,0.7161,0.1162,500.6,0.0116,0.5829,0.5753,5,0.6943,True,0.3095,0.7089,0.555,0.787,moderate_friction,synthetic_bootstrap
syn_02026,bootstrap_user_10,repetitive_admin,repetitive_admin_046,318.5,4.472,0.1689,0.6666,0.0749,458.1,0.0822,0.6033,0.287,8,0.8143,True,0.2877,0.6748,0.6707,0.9191,focused_or_low_friction,synthetic_bootstrap
syn_02027,bootstrap_user_11,coding_debugging,coding_debugging_047,843.6,2.323,0.3141,0.3296,0.4358,804.3,0.0453,0.5318,0.7343,4,0.2175,False,0.392,0.6373,0.3546,0.6263,moderate_friction,synthetic_bootstrap
syn_02028,bootstrap_user_12,repetitive_admin,repetitive_admin_048,590.5,2.979,0.1021,0.8842,0.0375,215.7,0.0989,0.761,0.348,7,0.8515,True,0.2401,0.7322,0.6878,0.8986,automation_candidate,synthetic_bootstrap
syn_02029,bootstrap_user_01,support_lookup,support_lookup_049,366.1,5.095,0.0961,0.6012,0.0876,655.6,0.0738,0.6727,0.4715,1,0.7297,True,0.3416,0.659,0.4772,0.7183,moderate_friction,synthetic_bootstrap
syn_02030,bootstrap_user_02,support_lookup,support_lookup_050,128.5,4.788,0.1902,0.4291,0.0952,587.3,0.1096,0.5511,0.4469,3,0.6629,True,0.3176,0.5957,0.4066,0.7496,moderate_friction,synthetic_bootstrap
syn_02031,bootstrap_user_03,deep_work,deep_work_051,2028.9,0.818,0.0855,0.1257,0.0386,754.4,0.136,0.9472,0.6261,1,0.3003,True,0.2078,0.7217,0.292,0.5924,focused_or_low_friction,synthetic_bootstrap
syn_02032,bootstrap_user_04,support_lookup,support_lookup_052,186.4,2.674,0.1903,0.5529,0.1093,80.0,0.0332,0.6555,0.1932,2,0.7939,True,0.156,0.777,0.4617,0.7903,focused_or_low_friction,synthetic_bootstrap
syn_02033,bootstrap_user_05,repetitive_admin,repetitive_admin_053,185.7,4.384,0.109,0.6993,0.0949,177.2,0.0776,0.8346,0.2941,10,0.8339,True,0.1583,0.7175,0.6418,0.9232,focused_or_low_friction,synthetic_bootstrap
syn_02034,bootstrap_user_06,support_lookup,support_lookup_054,256.1,5.583,0.3551,0.6057,0.1335,375.6,0.091,0.6083,0.706,1,1.0,True,0.3344,0.589,0.4876,0.7578,moderate_friction,synthetic_bootstrap
syn_02035,bootstrap_user_07,deep_work,deep_work_055,1642.8,0.217,0.0727,0.1458,0.1315,888.9,0.0595,0.5998,0.7448,1,0.5682,True,0.2263,0.7242,0.3525,0.6452,focused_or_low_friction,synthetic_bootstrap
syn_02036,bootstrap_user_08,coding_debugging,coding_debugging_056,976.1,3.521,0.2568,0.3815,0.162,328.0,0.1415,0.5589,0.6936,1,0.268,True,0.3234,0.5329,0.3885,0.5763,moderate_friction,synthetic_bootstrap
syn_02037,bootstrap_user_09,research_browsing,research_browsing_057,1937.5,2.88,0.3103,0.0999,0.1289,685.6,0.0704,0.8264,0.8186,1,0.3024,True,0.3196,0.6552,0.278,0.5699,moderate_friction,synthetic_bootstrap
syn_02038,bootstrap_user_10,deep_work,deep_work_058,1397.9,1.363,0.0417,0.0754,0.0307,219.2,0.1211,0.8407,0.749,3,0.31,True,0.1329,0.6773,0.3069,0.6251,focused_or_low_friction,synthetic_bootstrap
syn_02039,bootstrap_user_11,coding_debugging,coding_debugging_059,1165.0,2.329,0.3917,0.2506,0.3313,1133.5,0.1133,0.6644,0.5782,8,0.1973,False,0.405,0.6778,0.4179,0.7299,moderate_friction,synthetic_bootstrap
syn_02040,bootstrap_user_12,coding_debugging,coding_debugging_060,1298.8,1.694,0.1656,0.297,0.2281,834.0,0.1313,0.8197,0.5938,2,0.4044,True,0.3787,0.6827,0.3233,0.6448,moderate_friction,synthetic_bootstrap
syn_02041,bootstrap_user_01,repetitive_admin,repetitive_admin_001,390.2,3.082,0.1055,0.6338,0.0271,660.7,0.0595,0.7227,0.4928,5,0.9082,True,0.2593,0.6993,0.5744,0.8504,focused_or_low_friction,synthetic_bootstrap
syn_02042,bootstrap_user_02,coding_debugging,coding_debugging_002,1979.0,2.284,0.0388,0.2436,0.348,1014.3,0.1737,0.7777,0.7069,2,0.2634,True,0.4164,0.5912,0.3228,0.596,moderate_friction,synthetic_bootstrap
syn_02043,bootstrap_user_03,coding_debugging,coding_debugging_003,1353.0,1.618,0.3207,0.1586,0.3288,579.3,0.0049,0.7152,0.6504,2,0.3232,True,0.3273,0.7775,0.3209,0.6178,moderate_friction,synthetic_bootstrap
syn_02044,bootstrap_user_04,research_browsing,research_browsing_004,1325.1,3.459,0.3591,0.2045,0.0498,708.9,0.1018,0.3402,0.6524,2,0.3021,True,0.4111,0.5312,0.3083,0.6122,moderate_friction,synthetic_bootstrap
syn_02045,bootstrap_user_05,research_browsing,research_browsing_005,937.2,2.329,0.2148,0.1162,0.0,84.8,0.1162,0.4445,0.6396,2,0.4854,True,0.2484,0.6091,0.2901,0.6596,focused_or_low_friction,synthetic_bootstrap
syn_02046,bootstrap_user_06,deep_work,deep_work_006,2244.3,1.358,0.1718,0.115,0.0332,694.5,0.1,0.89,0.6153,2,0.2236,True,0.2235,0.7814,0.298,0.5971,focused_or_low_friction,synthetic_bootstrap
syn_02047,bootstrap_user_07,support_lookup,support_lookup_007,45.0,4.298,0.2095,0.5584,0.0549,638.9,0.0312,0.7175,0.245,5,0.8856,True,0.2373,0.7403,0.5249,0.8745,focused_or_low_friction,synthetic_bootstrap
syn_02048,bootstrap_user_08,support_lookup,support_lookup_008,180.8,2.48,0.2255,0.8189,0.1402,565.8,0.0237,0.7477,0.413,9,0.8934,True,0.1947,0.7508,0.6463,0.9238,focused_or_low_friction,synthetic_bootstrap
syn_02049,bootstrap_user_09,deep_work,deep_work_009,1338.7,0.307,0.141,0.0693,0.0894,156.3,0.0825,0.9146,0.8013,3,0.3406,True,0.1409,0.7515,0.3011,0.6265,focused_or_low_friction,synthetic_bootstrap
syn_02050,bootstrap_user_10,repetitive_admin,repetitive_admin_010,552.9,1.872,0.0564,0.7028,0.0311,219.3,0.0374,0.8293,0.3773,9,0.8744,True,0.1568,0.8235,0.6386,0.9233,focused_or_low_friction,synthetic_bootstrap
syn_02051,bootstrap_user_11,research_browsing,research_browsing_011,706.3,4.303,0.1925,0.2356,0.0877,924.3,0.0601,0.7197,0.8715,0,0.238,True,0.3539,0.6352,0.2619,0.5249,moderate_friction,synthetic_bootstrap
syn_02052,bootstrap_user_12,deep_work,deep_work_012,1315.8,1.055,0.0587,0.1193,0.0788,608.7,0.1523,0.9022,0.681,1,0.4301,True,0.2116,0.701,0.298,0.6183,focused_or_low_friction,synthetic_bootstrap
syn_02053,bootstrap_user_01,support_lookup,support_lookup_013,294.5,5.685,0.1986,0.6066,0.0756,986.1,0.0333,0.5617,0.3781,6,0.8923,True,0.3409,0.6388,0.5698,0.8827,moderate_friction,synthetic_bootstrap
syn_02054,bootstrap_user_02,research_browsing,research_browsing_014,1742.3,3.471,0.1866,0.1973,0.0437,486.6,0.045,0.5975,0.8113,1,0.3505,True,0.2912,0.6396,0.3367,0.5828,focused_or_low_friction,synthetic_bootstrap
syn_02055,bootstrap_user_03,repetitive_admin,repetitive_admin_015,419.0,1.828,0.0936,0.6631,0.0732,363.4,0.097,0.7212,0.1082,8,0.9998,True,0.1767,0.7727,0.6749,0.987,focused_or_low_friction,synthetic_bootstrap
syn_02056,bootstrap_user_04,support_lookup,support_lookup_016,229.1,2.481,0.1263,0.6116,0.1368,415.1,0.0511,0.6645,0.2745,6,0.8367,True,0.2246,0.7449,0.5244,0.8812,focused_or_low_friction,synthetic_bootstrap
syn_02057,bootstrap_user_05,research_browsing,research_browsing_017,1018.6,4.502,0.0656,0.1429,0.0987,906.8,0.2074,0.5294,0.8431,2,0.2879,True,0.3355,0.4554,0.3338,0.5858,moderate_friction,synthetic_bootstrap
syn_02058,bootstrap_user_06,support_lookup,support_lookup_018,174.0,4.849,0.0417,0.6322,0.1771,480.7,0.0307,0.5175,0.403,9,0.7844,True,0.2138,0.6875,0.5804,0.8977,focused_or_low_friction,synthetic_bootstrap
syn_02059,bootstrap_user_07,deep_work,deep_work_019,1484.1,1.527,0.0,0.0166,0.1016,380.6,0.0592,0.8418,0.7056,1,0.279,True,0.1586,0.7758,0.2409,0.5776,focused_or_low_friction,synthetic_bootstrap
syn_02060,bootstrap_user_08,deep_work,deep_work_020,1973.5,1.228,0.0823,0.1418,0.0782,338.9,0.0425,0.7961,0.7251,1,0.341,True,0.2233,0.7849,0.3121,0.5907,focused_or_low_friction,synthetic_bootstrap
syn_02061,bootstrap_user_09,research_browsing,research_browsing_021,1810.0,2.4,0.3439,0.1927,0.0978,382.8,0.0899,0.3681,0.7801,1,0.2522,True,0.3922,0.5899,0.3384,0.5619,moderate_friction,synthetic_bootstrap
syn_02062,bootstrap_user_10,repetitive_admin,repetitive_admin_022,669.2,3.356,0.1814,0.7514,0.0629,343.8,0.0692,1.0,0.3967,9,0.8987,True,0.242,0.7762,0.6989,0.9271,automation_candidate,synthetic_bootstrap
syn_02063,bootstrap_user_11,support_lookup,support_lookup_023,158.8,4.878,0.2292,0.601,0.1255,693.0,0.0584,0.6153,0.282,6,0.9435,True,0.3013,0.6658,0.5743,0.907,moderate_friction,synthetic_bootstrap
syn_02064,bootstrap_user_12,deep_work,deep_work_024,1360.3,0.845,0.0541,0.2519,0.0846,442.0,0.0728,0.8497,0.8291,0,0.3833,True,0.1914,0.7465,0.2671,0.5663,focused_or_low_friction,synthetic_bootstrap
syn_02065,bootstrap_user_01,support_lookup,support_lookup_025,132.4,5.277,0.0468,0.6562,0.0886,484.9,0.0398,0.5647,0.3064,8,0.7607,True,0.2374,0.699,0.5945,0.9034,focused_or_low_friction,synthetic_bootstrap
syn_02066,bootstrap_user_02,research_browsing,research_browsing_026,1079.6,1.951,0.306,0.1149,0.125,656.8,0.0868,0.6315,0.9094,2,0.3155,True,0.2694,0.6033,0.2808,0.5847,focused_or_low_friction,synthetic_bootstrap
syn_02067,bootstrap_user_03,support_lookup,support_lookup_027,401.9,5.431,0.0427,0.5633,0.0438,512.7,0.0871,0.7576,0.3895,5,0.7805,True,0.3668,0.6356,0.5911,0.8309,moderate_friction,synthetic_bootstrap
syn_02068,bootstrap_user_04,research_browsing,research_browsing_028,1472.0,3.902,0.2367,0.2923,0.1165,507.3,0.1325,0.7152,0.8,0,0.2862,True,0.3351,0.5568,0.3611,0.5455,moderate_friction,synthetic_bootstrap
syn_02069,bootstrap_user_05,repetitive_admin,repetitive_admin_029,64.1,3.294,0.1265,0.9714,0.0794,437.9,0.0538,0.7485,0.4563,4,0.8066,True,0.2088,0.7239,0.569,0.8069,focused_or_low_friction,synthetic_bootstrap
syn_02070,bootstrap_user_06,support_lookup,support_lookup_030,351.4,4.882,0.123,0.6509,0.1075,604.7,0.0504,0.5392,0.434,8,0.9315,True,0.339,0.6506,0.6291,0.9308,moderate_friction,synthetic_bootstrap
syn_02071,bootstrap_user_07,research_browsing,research_browsing_031,579.5,1.827,0.2443,0.14,0.0587,964.7,0.2287,0.5732,0.6798,2,0.0498,False,0.3473,0.4943,0.1997,0.5459,moderate_friction,synthetic_bootstrap
syn_02072,bootstrap_user_08,support_lookup,support_lookup_032,111.6,4.368,0.2699,0.5403,0.109,373.1,0.0376,0.5769,0.4465,2,0.7568,True,0.2885,0.6793,0.4404,0.7506,focused_or_low_friction,synthetic_bootstrap
syn_02073,bootstrap_user_09,repetitive_admin,repetitive_admin_033,334.7,4.125,0.068,0.6177,0.1341,426.8,0.0619,0.7939,0.2705,2,0.8801,True,0.1899,0.7195,0.5329,0.8026,focused_or_low_friction,synthetic_bootstrap
syn_02074,bootstrap_user_10,research_browsing,research_browsing_034,671.1,2.842,0.1962,0.1705,0.1201,786.8,0.0744,0.6844,0.7825,4,0.2297,True,0.3044,0.6623,0.3332,0.6235,moderate_friction,synthetic_bootstrap
syn_02075,bootstrap_user_11,repetitive_admin,repetitive_admin_035,466.4,5.54,0.1087,0.8456,0.059,443.9,0.0703,0.8149,0.3576,0,0.8545,True,0.2545,0.6747,0.6015,0.7407,focused_or_low_friction,synthetic_bootstrap
syn_02076,bootstrap_user_12,support_lookup,support_lookup_036,280.3,3.691,0.0625,0.8193,0.0776,496.5,0.1242,0.598,0.3297,7,0.6294,True,0.2642,0.6402,0.5873,0.8453,focused_or_low_friction,synthetic_bootstrap
syn_02077,bootstrap_user_01,research_browsing,research_browsing_037,861.0,3.477,0.0259,0.1744,0.118,722.3,0.1019,0.5008,0.7847,3,0.2281,True,0.3235,0.5603,0.319,0.6004,moderate_friction,synthetic_bootstrap
syn_02078,bootstrap_user_02,repetitive_admin,repetitive_admin_038,273.3,1.698,0.1675,0.7768,0.0905,238.9,0.0563,0.6221,0.2877,5,0.9441,True,0.1797,0.7736,0.5939,0.884,focused_or_low_friction,synthetic_bootstrap
syn_02079,bootstrap_user_03,repetitive_admin,repetitive_admin_039,435.8,3.504,0.0662,0.7684,0.1146,431.7,0.0394,0.7557,0.2436,8,0.765,True,0.2638,0.7635,0.6654,0.912,focused_or_low_friction,synthetic_bootstrap
syn_02080,bootstrap_user_04,deep_work,deep_work_040,2528.9,0.369,0.0,0.2713,0.0895,356.5,0.0819,0.7905,0.9759,1,0.3893,False,0.2342,0.7481,0.2988,0.5727,focused_or_low_friction,synthetic_bootstrap
syn_02081,bootstrap_user_05,repetitive_admin,repetitive_admin_041,397.2,1.026,0.1155,0.7239,0.1097,613.4,0.0713,0.8364,0.2783,13,0.8609,True,0.2098,0.8264,0.6438,0.9318,focused_or_low_friction,synthetic_bootstrap
syn_02082,bootstrap_user_06,repetitive_admin,repetitive_admin_042,584.0,3.578,0.1622,0.7576,0.0994,549.1,0.0358,0.7821,0.2023,10,0.8801,True,0.2678,0.7681,0.7135,0.9458,automation_candidate,synthetic_bootstrap
syn_02083,bootstrap_user_07,coding_debugging,coding_debugging_043,1259.7,2.442,0.0687,0.277,0.2697,672.3,0.0436,0.605,0.6677,4,0.1751,True,0.2832,0.7168,0.3943,0.6236,focused_or_low_friction,synthetic_bootstrap
syn_02084,bootstrap_user_08,repetitive_admin,repetitive_admin_044,495.5,2.105,0.0942,0.6229,0.1003,321.6,0.0076,0.7926,0.4063,7,0.8696,True,0.1383,0.7891,0.5971,0.8961,focused_or_low_friction,synthetic_bootstrap
syn_02085,bootstrap_user_09,coding_debugging,coding_debugging_045,961.4,2.692,0.2583,0.3388,0.3872,696.2,0.0498,0.3992,0.8634,1,0.2105,True,0.352,0.6141,0.3287,0.5415,moderate_friction,synthetic_bootstrap
syn_02086,bootstrap_user_10,repetitive_admin,repetitive_admin_046,558.6,4.037,0.1862,0.7448,0.0457,245.2,0.0341,0.9195,0.2551,9,0.9815,True,0.1971,0.7973,0.7098,0.9648,automation_candidate,synthetic_bootstrap
syn_02087,bootstrap_user_11,repetitive_admin,repetitive_admin_047,463.4,3.712,0.0903,0.7424,0.144,298.6,0.0895,0.6869,0.4602,5,0.8285,True,0.2968,0.692,0.5717,0.8344,focused_or_low_friction,synthetic_bootstrap
syn_02088,bootstrap_user_12,repetitive_admin,repetitive_admin_048,432.4,3.201,0.0687,0.8036,0.0489,212.2,0.0014,0.8941,0.229,6,0.7775,True,0.1104,0.8256,0.613,0.8719,focused_or_low_friction,synthetic_bootstrap
syn_02089,bootstrap_user_01,coding_debugging,coding_debugging_049,1090.3,2.793,0.2057,0.3944,0.2331,517.8,0.0448,0.5249,0.6031,4,0.2799,True,0.2877,0.6576,0.4515,0.6576,focused_or_low_friction,synthetic_bootstrap
syn_02090,bootstrap_user_02,support_lookup,support_lookup_050,420.3,5.823,0.0623,0.4468,0.2089,474.2,0.0188,0.7682,0.3674,8,0.5662,True,0.3484,0.7052,0.5692,0.8475,moderate_friction,synthetic_bootstrap
syn_02091,bootstrap_user_03,repetitive_admin,repetitive_admin_051,222.5,3.087,0.2187,0.5819,0.0909,456.1,0.0527,0.7175,0.1924,9,0.8518,True,0.235,0.7419,0.5657,0.9399,focused_or_low_friction,synthetic_bootstrap
syn_02092,bootstrap_user_04,research_browsing,research_browsing_052,1052.2,2.018,0.1968,0.0806,0.1224,953.8,0.1153,0.4067,0.7269,2,0.064,True,0.3099,0.5973,0.2976,0.5438,moderate_friction,synthetic_bootstrap
syn_02093,bootstrap_user_05,support_lookup,support_lookup_053,133.9,5.28,0.1349,0.4484,0.1882,908.8,0.0724,0.6963,0.3668,6,0.824,True,0.3525,0.6495,0.5206,0.867,moderate_friction,synthetic_bootstrap
syn_02094,bootstrap_user_06,repetitive_admin,repetitive_admin_054,406.7,4.224,0.264,0.847,0.1119,498.0,0.088,0.9573,0.1115,10,0.6535,True,0.2535,0.7339,0.6176,0.9,focused_or_low_friction,synthetic_bootstrap
syn_02095,bootstrap_user_07,research_browsing,research_browsing_055,1342.8,3.245,0.2143,0.1303,0.0552,638.6,0.0699,0.6771,0.7937,0,0.3212,True,0.3434,0.6607,0.263,0.5551,moderate_friction,synthetic_bootstrap
syn_02096,bootstrap_user_08,repetitive_admin,repetitive_admin_056,633.9,1.814,0.1217,0.8105,0.1383,625.6,0.0882,0.7277,0.338,9,0.8032,True,0.3274,0.7642,0.7368,0.9103,automation_candidate,synthetic_bootstrap
syn_02097,bootstrap_user_09,deep_work,deep_work_057,1258.8,0.628,0.1008,0.2094,0.0842,594.1,0.1117,0.709,0.7553,3,0.3855,True,0.201,0.7062,0.3214,0.6432,focused_or_low_friction,synthetic_bootstrap
syn_02098,bootstrap_user_10,support_lookup,support_lookup_058,351.8,5.176,0.1908,0.6223,0.1196,519.3,0.0214,0.617,0.368,11,0.8592,True,0.2927,0.6846,0.7218,0.9206,automation_candidate,synthetic_bootstrap
syn_02099,bootstrap_user_11,deep_work,deep_work_059,1428.5,0.457,0.0664,0.3114,0.0564,550.3,0.0957,0.6657,0.6784,1,0.4314,True,0.1817,0.7184,0.4144,0.6189,focused_or_low_friction,synthetic_bootstrap
syn_02100,bootstrap_user_12,repetitive_admin,repetitive_admin_060,313.3,1.857,0.2027,0.7139,0.0913,670.1,0.0079,0.7224,0.1564,9,0.8158,True,0.2158,0.8457,0.5984,0.9352,focused_or_low_friction,synthetic_bootstrap
syn_02101,bootstrap_user_01,coding_debugging,coding_debugging_001,564.3,2.387,0.0962,0.2627,0.434,953.4,0.0688,0.6402,0.5948,3,0.3742,False,0.3338,0.6634,0.3272,0.6597,moderate_friction,synthetic_bootstrap
syn_02102,bootstrap_user_02,deep_work,deep_work_002,1267.2,0.573,0.145,0.2103,0.0953,460.5,0.0795,0.9297,0.4984,2,0.289,True,0.1583,0.8183,0.3673,0.6274,focused_or_low_friction,synthetic_bootstrap
syn_02103,bootstrap_user_03,coding_debugging,coding_debugging_003,483.0,3.105,0.273,0.1939,0.5034,962.5,0.0791,0.7153,0.7154,2,0.3351,True,0.3582,0.6523,0.3282,0.6129,moderate_friction,synthetic_bootstrap
syn_02104,bootstrap_user_04,research_browsing,research_browsing_004,1405.3,5.174,0.2212,0.2879,0.1488,985.6,0.2086,0.3686,0.8212,2,0.3134,True,0.4657,0.3719,0.3783,0.5948,high_friction,synthetic_bootstrap
syn_02105,bootstrap_user_05,coding_debugging,coding_debugging_005,1520.3,1.756,0.2439,0.1702,0.2006,718.6,0.1172,0.7483,0.6008,2,0.5849,True,0.3701,0.6669,0.4105,0.6891,moderate_friction,synthetic_bootstrap
syn_02106,bootstrap_user_06,coding_debugging,coding_debugging_006,1001.9,2.613,0.457,0.2279,0.3997,851.4,0.0607,0.594,0.6992,0,0.4843,True,0.4287,0.6695,0.3915,0.6072,moderate_friction,synthetic_bootstrap
syn_02107,bootstrap_user_07,coding_debugging,coding_debugging_007,828.6,1.849,0.3723,0.279,0.2982,552.6,0.0735,0.6741,0.5249,0,0.5171,True,0.3127,0.731,0.3523,0.6363,moderate_friction,synthetic_bootstrap
syn_02108,bootstrap_user_08,research_browsing,research_browsing_008,515.2,2.696,0.1584,0.178,0.1269,721.9,0.1123,0.707,0.8537,2,0.3762,True,0.307,0.619,0.2479,0.6066,moderate_friction,synthetic_bootstrap
syn_02109,bootstrap_user_09,repetitive_admin,repetitive_admin_009,357.5,4.238,0.0739,0.7693,0.1152,383.2,0.0241,0.7342,0.1391,6,0.7714,True,0.1701,0.7849,0.6502,0.8812,focused_or_low_friction,synthetic_bootstrap
syn_02110,bootstrap_user_10,deep_work,deep_work_010,2397.8,0.24,0.0467,0.2182,0.1252,339.3,0.0605,0.8266,0.4967,2,0.48,True,0.1311,0.852,0.3758,0.6754,focused_or_low_friction,synthetic_bootstrap
syn_02111,bootstrap_user_11,support_lookup,support_lookup_011,330.9,2.715,0.0746,0.6738,0.1614,316.7,0.0569,0.5013,0.2828,6,0.8389,True,0.2988,0.7262,0.6174,0.8808,focused_or_low_friction,synthetic_bootstrap
syn_02112,bootstrap_user_12,support_lookup,support_lookup_012,329.9,5.323,0.3416,0.5184,0.1168,341.7,0.0569,0.732,0.484,5,0.6695,True,0.3107,0.6283,0.5178,0.7918,moderate_friction,synthetic_bootstrap
syn_02113,bootstrap_user_01,deep_work,deep_work_013,2042.8,1.175,0.0631,0.2307,0.0907,398.9,0.036,0.6528,0.5236,2,0.2411,True,0.1824,0.7903,0.3364,0.6124,focused_or_low_friction,synthetic_bootstrap
syn_02114,bootstrap_user_02,coding_debugging,coding_debugging_014,1087.0,2.145,0.2208,0.3034,0.2823,760.2,0.1519,0.6971,0.7015,2,0.3731,True,0.3748,0.5957,0.4016,0.6241,moderate_friction,synthetic_bootstrap
syn_02115,bootstrap_user_03,deep_work,deep_work_015,1820.8,1.426,0.1065,0.223,0.0604,218.6,0.0859,0.6666,0.6332,0,0.2492,True,0.2053,0.7074,0.2958,0.5563,focused_or_low_friction,synthetic_bootstrap
syn_02116,bootstrap_user_04,research_browsing,research_browsing_016,1079.7,5.669,0.2471,0.1328,0.1438,922.8,0.0713,0.4098,0.7024,1,0.2935,True,0.4012,0.5319,0.34,0.5816,moderate_friction,synthetic_bootstrap
syn_02117,bootstrap_user_05,repetitive_admin,repetitive_admin_017,511.8,3.602,0.2275,0.8513,0.0889,253.8,0.0297,0.6114,0.2953,9,0.9314,True,0.2878,0.7543,0.6987,0.9474,automation_candidate,synthetic_bootstrap
syn_02118,bootstrap_user_06,deep_work,deep_work_018,1541.0,0.795,0.0447,0.1305,0.1051,427.8,0.08,0.7446,0.7306,2,0.2585,False,0.21,0.7749,0.2912,0.5919,focused_or_low_friction,synthetic_bootstrap
syn_02119,bootstrap_user_07,deep_work,deep_work_019,1619.2,1.271,0.1035,0.1331,0.1384,304.3,0.0524,0.8491,0.6914,2,0.4932,True,0.1693,0.8099,0.3326,0.6553,focused_or_low_friction,synthetic_bootstrap
syn_02120,bootstrap_user_08,repetitive_admin,repetitive_admin_020,312.8,0.959,0.1261,0.7897,0.1031,245.2,0.0497,0.7599,0.2852,4,0.8662,True,0.0946,0.8391,0.5696,0.8423,focused_or_low_friction,synthetic_bootstrap
syn_02121,bootstrap_user_09,repetitive_admin,repetitive_admin_021,508.8,2.666,0.1576,0.8427,0.1502,485.8,0.0615,0.6158,0.2693,2,0.7945,True,0.2462,0.6932,0.6034,0.7813,focused_or_low_friction,synthetic_bootstrap
syn_02122,bootstrap_user_10,deep_work,deep_work_022,1463.5,1.146,0.0215,0.1159,0.1498,212.0,0.0732,0.8433,0.6081,2,0.3519,False,0.1856,0.8291,0.3298,0.63,focused_or_low_friction,synthetic_bootstrap
syn_02123,bootstrap_user_11,repetitive_admin,repetitive_admin_023,403.4,3.641,0.1061,0.5295,0.0781,520.7,0.0061,0.6514,0.2218,9,1.0,True,0.2287,0.7864,0.6415,0.9734,focused_or_low_friction,synthetic_bootstrap
syn_02124,bootstrap_user_12,repetitive_admin,repetitive_admin_024,412.8,2.735,0.2846,0.81,0.0618,533.9,0.0577,0.7452,0.2618,7,0.7624,True,0.2556,0.7485,0.6469,0.8867,focused_or_low_friction,synthetic_bootstrap
syn_02125,bootstrap_user_01,repetitive_admin,repetitive_admin_025,286.5,2.102,0.1666,0.6846,0.1142,384.3,0.1063,0.808,0.321,11,0.8382,True,0.1992,0.7767,0.5869,0.921,focused_or_low_friction,synthetic_bootstrap
syn_02126,bootstrap_user_02,repetitive_admin,repetitive_admin_026,490.4,1.665,0.1186,0.7295,0.1099,407.3,0.0912,0.845,0.2603,12,0.835,True,0.1727,0.8119,0.6918,0.9275,automation_candidate,synthetic_bootstrap
syn_02127,bootstrap_user_03,repetitive_admin,repetitive_admin_027,56.8,3.742,0.094,0.6842,0.0706,336.2,0.1318,0.8896,0.3499,9,0.9503,True,0.2079,0.6975,0.6202,0.9456,focused_or_low_friction,synthetic_bootstrap
syn_02128,bootstrap_user_04,repetitive_admin,repetitive_admin_028,561.0,2.78,0.1235,0.6025,0.0454,80.0,0.0637,0.8058,0.3885,4,0.8952,True,0.2254,0.7418,0.5596,0.8372,focused_or_low_friction,synthetic_bootstrap
syn_02129,bootstrap_user_05,deep_work,deep_work_029,1023.3,0.477,0.0802,0.1639,0.0057,357.9,0.0864,0.9326,0.5955,2,0.2826,True,0.0931,0.7718,0.2888,0.6142,focused_or_low_friction,synthetic_bootstrap
syn_02130,bootstrap_user_06,deep_work,deep_work_030,2324.0,0.46,0.0345,0.1667,0.0903,437.7,0.0902,0.7392,0.5901,2,0.3325,True,0.2273,0.7774,0.2834,0.6273,focused_or_low_friction,synthetic_bootstrap
syn_02131,bootstrap_user_07,repetitive_admin,repetitive_admin_031,402.5,4.241,0.1514,0.7421,0.0144,299.9,0.0521,0.6117,0.3594,8,0.7016,True,0.2328,0.6897,0.648,0.8823,focused_or_low_friction,synthetic_bootstrap
syn_02132,bootstrap_user_08,coding_debugging,coding_debugging_032,1360.3,0.971,0.1162,0.2133,0.3126,1038.0,0.1865,0.8063,0.6758,4,0.4796,False,0.3072,0.646,0.3659,0.6988,moderate_friction,synthetic_bootstrap
syn_02133,bootstrap_user_09,research_browsing,research_browsing_033,924.3,2.247,0.2397,0.2824,0.1006,531.4,0.0066,0.635,0.8023,1,0.4399,True,0.2308,0.7145,0.3427,0.6062,focused_or_low_friction,synthetic_bootstrap
syn_02134,bootstrap_user_10,research_browsing,research_browsing_034,1625.4,3.51,0.3146,0.2202,0.0942,575.2,0.1328,0.5572,0.8038,2,0.3166,True,0.3586,0.5458,0.3214,0.5977,moderate_friction,synthetic_bootstrap
syn_02135,bootstrap_user_11,support_lookup,support_lookup_035,395.0,2.972,0.2151,0.5568,0.1641,679.1,0.0599,0.8155,0.3394,9,0.7174,True,0.287,0.7526,0.5802,0.8886,focused_or_low_friction,synthetic_bootstrap
syn_02136,bootstrap_user_12,support_lookup,support_lookup_036,347.9,3.495,0.4259,0.4403,0.1216,571.8,0.0761,0.6085,0.3866,5,0.9773,True,0.3593,0.6413,0.5217,0.8804,moderate_friction,synthetic_bootstrap
syn_02137,bootstrap_user_01,repetitive_admin,repetitive_admin_037,209.8,3.872,0.0796,0.6243,0.0415,419.6,0.0507,0.7424,0.2039,10,0.807,True,0.1775,0.7248,0.6696,0.9273,focused_or_low_friction,synthetic_bootstrap
syn_02138,bootstrap_user_02,coding_debugging,coding_debugging_038,1358.7,2.362,0.3172,0.4452,0.4137,870.7,0.0646,0.5494,0.5397,2,0.5127,True,0.4252,0.6651,0.4831,0.6784,moderate_friction,synthetic_bootstrap
syn_02139,bootstrap_user_03,coding_debugging,coding_debugging_039,1470.9,0.196,0.3135,0.4481,0.2709,124.3,0.0594,0.4104,0.6566,1,0.5503,True,0.3202,0.7224,0.4096,0.6513,moderate_friction,synthetic_bootstrap
syn_02140,bootstrap_user_04,research_browsing,research_browsing_040,1386.8,5.414,0.2727,0.2266,0.0616,558.4,0.0599,0.7817,0.6753,3,0.3697,True,0.3502,0.6172,0.3638,0.6489,moderate_friction,synthetic_bootstrap
syn_02141,bootstrap_user_05,research_browsing,research_browsing_041,1532.2,2.095,0.2016,0.1395,0.056,388.6,0.1498,0.619,0.8209,1,0.3062,True,0.2824,0.6171,0.308,0.5705,focused_or_low_friction,synthetic_bootstrap
syn_02142,bootstrap_user_06,support_lookup,support_lookup_042,203.9,2.505,0.0439,0.5376,0.1154,541.3,0.0644,0.6934,0.2458,11,0.7703,True,0.1848,0.7779,0.6425,0.9131,focused_or_low_friction,synthetic_bootstrap
syn_02143,bootstrap_user_07,coding_debugging,coding_debugging_043,654.8,1.196,0.1849,0.2067,0.2479,509.4,0.0975,0.7817,0.705,2,0.468,True,0.267,0.7118,0.3296,0.6474,focused_or_low_friction,synthetic_bootstrap
syn_02144,bootstrap_user_08,coding_debugging,coding_debugging_044,653.8,2.866,0.1871,0.1525,0.3193,1180.8,0.1363,0.6059,0.6218,5,0.4121,True,0.3873,0.595,0.3575,0.7109,moderate_friction,synthetic_bootstrap
syn_02145,bootstrap_user_09,repetitive_admin,repetitive_admin_045,321.4,2.54,0.0524,0.5713,0.1189,466.9,0.0253,0.82,0.3109,7,0.7619,True,0.2144,0.821,0.5745,0.8807,focused_or_low_friction,synthetic_bootstrap
syn_02146,bootstrap_user_10,research_browsing,research_browsing_046,1244.1,4.014,0.2065,0.0,0.0639,679.1,0.1641,0.5616,0.8024,1,0.4873,True,0.3419,0.4779,0.2668,0.618,moderate_friction,synthetic_bootstrap
syn_02147,bootstrap_user_11,deep_work,deep_work_047,2101.7,0.861,0.0409,0.1717,0.0285,593.1,0.0647,0.7335,0.6433,1,0.3938,True,0.2263,0.7677,0.3087,0.6138,focused_or_low_friction,synthetic_bootstrap
syn_02148,bootstrap_user_12,research_browsing,research_browsing_048,1065.7,1.055,0.2183,0.1119,0.1609,605.8,0.1474,0.5221,0.746,2,0.3333,True,0.301,0.6217,0.318,0.6088,moderate_friction,synthetic_bootstrap
syn_02149,bootstrap_user_01,coding_debugging,coding_debugging_049,120.4,1.968,0.3916,0.138,0.1308,743.9,0.126,0.5593,0.8493,5,0.1505,False,0.2813,0.5869,0.1826,0.6182,focused_or_low_friction,synthetic_bootstrap
syn_02150,bootstrap_user_02,deep_work,deep_work_050,1562.1,1.317,0.0136,0.0236,0.0,678.7,0.1215,0.7965,0.5525,2,0.6806,True,0.1552,0.7496,0.3363,0.7188,focused_or_low_friction,synthetic_bootstrap
syn_02151,bootstrap_user_03,coding_debugging,coding_debugging_051,935.0,0.0,0.2466,0.1122,0.4259,526.2,0.139,0.5985,0.7325,3,0.4125,True,0.2946,0.6659,0.2932,0.6527,focused_or_low_friction,synthetic_bootstrap
syn_02152,bootstrap_user_04,deep_work,deep_work_052,2639.1,0.859,0.0631,0.1713,0.0603,418.0,0.0347,0.85,0.6722,2,0.528,True,0.1839,0.7748,0.3712,0.6663,focused_or_low_friction,synthetic_bootstrap
syn_02153,bootstrap_user_05,coding_debugging,coding_debugging_053,1092.1,2.216,0.2627,0.1822,0.5496,789.9,0.1148,0.4847,0.8085,2,0.4824,False,0.4274,0.5711,0.3239,0.6386,moderate_friction,synthetic_bootstrap
syn_02154,bootstrap_user_06,coding_debugging,coding_debugging_054,925.8,1.586,0.1543,0.3853,0.3983,304.2,0.1077,0.5201,0.7567,1,0.3445,True,0.3234,0.6651,0.3709,0.5878,moderate_friction,synthetic_bootstrap
syn_02155,bootstrap_user_07,coding_debugging,coding_debugging_055,445.0,3.029,0.382,0.3028,0.2256,501.6,0.1268,0.5125,0.6892,7,0.7181,False,0.3272,0.5459,0.4895,0.8243,moderate_friction,synthetic_bootstrap
syn_02156,bootstrap_user_08,research_browsing,research_browsing_056,2098.5,2.437,0.1789,0.187,0.0306,351.2,0.0512,0.6455,0.8218,3,0.0915,True,0.3117,0.6591,0.2624,0.5618,moderate_friction,synthetic_bootstrap
syn_02157,bootstrap_user_09,deep_work,deep_work_057,2306.4,0.551,0.0582,0.13,0.0805,573.3,0.0316,0.805,0.7962,4,0.1872,True,0.1949,0.7912,0.2706,0.6113,focused_or_low_friction,synthetic_bootstrap
syn_02158,bootstrap_user_10,repetitive_admin,repetitive_admin_058,533.4,3.904,0.2714,0.5615,0.0101,647.1,0.0484,0.6989,0.2988,2,0.8901,True,0.325,0.7338,0.5625,0.8017,moderate_friction,synthetic_bootstrap
syn_02159,bootstrap_user_11,support_lookup,support_lookup_059,279.1,6.225,0.2261,0.5507,0.0695,394.6,0.0777,0.5268,0.3771,4,0.6647,True,0.3378,0.602,0.4836,0.7809,moderate_friction,synthetic_bootstrap
syn_02160,bootstrap_user_12,deep_work,deep_work_060,762.0,2.219,0.1359,0.2246,0.1714,466.6,0.0746,0.9285,0.8149,2,0.4559,False,0.1969,0.7505,0.3639,0.6312,focused_or_low_friction,synthetic_bootstrap
syn_02161,bootstrap_user_01,support_lookup,support_lookup_001,113.8,3.663,0.3033,0.6792,0.1191,558.2,0.0575,0.6076,0.2683,10,0.8138,True,0.2836,0.7274,0.6289,0.9212,focused_or_low_friction,synthetic_bootstrap
syn_02162,bootstrap_user_02,repetitive_admin,repetitive_admin_002,543.5,3.367,0.0632,0.6929,0.1036,468.1,0.0935,0.6986,0.3026,7,0.9899,True,0.2734,0.7092,0.6646,0.9387,focused_or_low_friction,synthetic_bootstrap
syn_02163,bootstrap_user_03,repetitive_admin,repetitive_admin_003,202.7,1.939,0.1307,0.7265,0.0874,502.4,0.0528,0.7087,0.259,9,0.8296,True,0.1807,0.7948,0.5919,0.9263,focused_or_low_friction,synthetic_bootstrap
syn_02164,bootstrap_user_04,support_lookup,support_lookup_004,366.5,6.027,0.0709,0.6721,0.1046,571.1,0.0736,0.4365,0.4435,10,0.9125,True,0.3744,0.5763,0.6349,0.9249,moderate_friction,synthetic_bootstrap
syn_02165,bootstrap_user_05,research_browsing,research_browsing_005,1039.7,1.807,0.2501,0.0495,0.051,535.7,0.1485,0.9133,0.8242,1,0.2185,True,0.2087,0.6612,0.2475,0.5482,focused_or_low_friction,synthetic_bootstrap
syn_02166,bootstrap_user_06,repetitive_admin,repetitive_admin_006,401.2,1.515,0.1752,0.6286,0.0861,359.6,0.0025,0.7192,0.159,5,0.8946,True,0.1709,0.8446,0.5583,0.8871,focused_or_low_friction,synthetic_bootstrap
syn_02167,bootstrap_user_07,research_browsing,research_browsing_007,1017.6,0.649,0.2266,0.0467,0.1038,328.9,0.0497,0.6602,0.802,0,0.2329,True,0.1971,0.7206,0.2276,0.532,focused_or_low_friction,synthetic_bootstrap
syn_02168,bootstrap_user_08,support_lookup,support_lookup_008,264.5,3.109,0.1818,0.5826,0.1962,501.4,0.064,0.686,0.3245,4,0.836,True,0.3232,0.7419,0.5437,0.83,moderate_friction,synthetic_bootstrap
syn_02169,bootstrap_user_09,repetitive_admin,repetitive_admin_009,527.7,2.51,0.0445,0.5996,0.1075,564.8,0.072,0.725,0.4477,6,0.7681,True,0.2831,0.7226,0.5182,0.8433,focused_or_low_friction,synthetic_bootstrap
syn_02170,bootstrap_user_10,support_lookup,support_lookup_010,263.8,5.226,0.0,0.7471,0.0417,650.5,0.0001,0.5125,0.4281,10,0.7891,True,0.2538,0.6835,0.6414,0.8959,focused_or_low_friction,synthetic_bootstrap
syn_02171,bootstrap_user_11,support_lookup,support_lookup_011,225.0,4.64,0.1206,0.6938,0.1372,810.4,0.0453,0.6937,0.4266,6,0.7688,True,0.2971,0.7079,0.5641,0.846,focused_or_low_friction,synthetic_bootstrap
syn_02172,bootstrap_user_12,repetitive_admin,repetitive_admin_012,302.7,1.521,0.1472,0.724,0.1356,191.6,0.0359,0.6211,0.3825,13,1.0,True,0.1953,0.7903,0.7118,0.9541,automation_candidate,synthetic_bootstrap
syn_02173,bootstrap_user_01,support_lookup,support_lookup_013,264.9,5.043,0.3512,0.6484,0.1112,555.7,0.0555,0.6846,0.3399,10,0.8944,True,0.3255,0.6668,0.6632,0.9328,moderate_friction,synthetic_bootstrap
syn_02174,bootstrap_user_02,deep_work,deep_work_014,1899.8,1.308,0.0,0.1869,0.1898,695.3,0.1299,0.8874,0.6204,1,0.261,True,0.2447,0.7538,0.3148,0.5833,focused_or_low_friction,synthetic_bootstrap
syn_02175,bootstrap_user_03,repetitive_admin,repetitive_admin_015,540.7,3.493,0.1541,0.466,0.0926,324.7,0.0488,0.7603,0.2084,4,0.8003,True,0.2088,0.7448,0.4986,0.8351,focused_or_low_friction,synthetic_bootstrap
syn_02176,bootstrap_user_04,support_lookup,support_lookup_016,312.9,3.219,0.0309,0.5678,0.0543,782.6,0.064,0.513,0.4226,7,0.7661,True,0.2746,0.7156,0.5321,0.8683,focused_or_low_friction,synthetic_bootstrap
syn_02177,bootstrap_user_05,support_lookup,support_lookup_017,258.2,3.4,0.1251,0.5633,0.015,582.4,0.0634,0.5102,0.4326,11,0.7235,True,0.3035,0.6861,0.5792,0.879,moderate_friction,synthetic_bootstrap
syn_02178,bootstrap_user_06,research_browsing,research_browsing_018,1757.3,3.302,0.3486,0.1787,0.1213,891.6,0.0,0.7161,0.7596,2,0.4997,True,0.3519,0.7047,0.3378,0.6488,moderate_friction,synthetic_bootstrap
syn_02179,bootstrap_user_07,repetitive_admin,repetitive_admin_019,749.9,3.157,0.2187,0.68,0.0814,502.8,0.0169,0.7308,0.3707,7,0.8214,True,0.3354,0.7998,0.6339,0.8884,moderate_friction,synthetic_bootstrap
syn_02180,bootstrap_user_08,research_browsing,research_browsing_020,1060.3,2.481,0.2847,0.0843,0.043,492.8,0.0631,0.6861,0.8654,1,0.2767,True,0.2568,0.6777,0.2523,0.5578,focused_or_low_friction,synthetic_bootstrap
syn_02181,bootstrap_user_09,coding_debugging,coding_debugging_021,608.4,3.439,0.1574,0.3946,0.5888,751.6,0.1622,0.4264,0.5487,1,0.5351,True,0.4035,0.5192,0.4219,0.6604,moderate_friction,synthetic_bootstrap
syn_02182,bootstrap_user_10,research_browsing,research_browsing_022,1028.2,1.985,0.1293,0.1954,0.064,648.6,0.0215,0.6404,0.8193,2,0.3194,True,0.2045,0.724,0.2846,0.5965,focused_or_low_friction,synthetic_bootstrap
syn_02183,bootstrap_user_11,research_browsing,research_browsing_023,1393.8,2.715,0.2178,0.2479,0.1409,889.1,0.0902,0.6644,0.8405,1,0.3141,True,0.3818,0.6435,0.316,0.5702,moderate_friction,synthetic_bootstrap
syn_02184,bootstrap_user_12,deep_work,deep_work_024,1597.3,1.231,0.147,0.1752,0.1229,684.6,0.073,0.8267,0.7287,1,0.5539,True,0.2462,0.7298,0.3536,0.6435,focused_or_low_friction,synthetic_bootstrap
syn_02185,bootstrap_user_01,support_lookup,support_lookup_025,451.6,2.066,0.1973,0.5341,0.11,302.9,0.0489,0.6625,0.3862,9,0.5576,True,0.278,0.754,0.5336,0.8431,focused_or_low_friction,synthetic_bootstrap
syn_02186,bootstrap_user_02,deep_work,deep_work_026,1384.9,0.104,0.0909,0.0705,0.1101,281.3,0.1077,0.8156,0.6815,1,0.3012,True,0.1792,0.7164,0.2458,0.586,focused_or_low_friction,synthetic_bootstrap
syn_02187,bootstrap_user_03,coding_debugging,coding_debugging_027,1575.5,2.938,0.4278,0.2341,0.1682,492.0,0.0851,0.6937,0.6945,2,0.4756,True,0.3625,0.6102,0.4107,0.6505,moderate_friction,synthetic_bootstrap
syn_02188,bootstrap_user_04,support_lookup,support_lookup_028,364.8,3.031,0.1478,0.7067,0.0531,585.7,0.0502,0.5383,0.5555,5,0.8424,False,0.3528,0.7241,0.5212,0.8264,moderate_friction,synthetic_bootstrap
syn_02189,bootstrap_user_05,repetitive_admin,repetitive_admin_029,395.3,4.528,0.0919,0.7691,0.0128,277.5,0.0592,0.6869,0.2439,2,0.9123,True,0.2527,0.7013,0.6066,0.8138,focused_or_low_friction,synthetic_bootstrap
syn_02190,bootstrap_user_06,research_browsing,research_browsing_030,1701.1,1.916,0.1682,0.1434,0.0805,364.5,0.1367,0.4974,0.7909,3,0.3686,True,0.3434,0.6002,0.315,0.6347,moderate_friction,synthetic_bootstrap
syn_02191,bootstrap_user_07,deep_work,deep_work_031,1543.0,1.25,0.1189,0.0298,0.0397,575.2,0.033,0.8844,0.8736,2,0.2392,True,0.2049,0.7706,0.2572,0.57,focused_or_low_friction,synthetic_bootstrap
syn_02192,bootstrap_user_08,support_lookup,support_lookup_032,180.1,3.432,0.2525,0.5274,0.0,464.9,0.0694,0.7659,0.541,7,0.8559,True,0.2382,0.6834,0.5319,0.8765,focused_or_low_friction,synthetic_bootstrap
syn_02193,bootstrap_user_09,coding_debugging,coding_debugging_033,771.5,3.982,0.017,0.2971,0.332,876.5,0.0409,0.4254,0.7806,5,0.4508,True,0.3395,0.6351,0.4678,0.7015,moderate_friction,synthetic_bootstrap
syn_02194,bootstrap_user_10,deep_work,deep_work_034,1643.2,1.334,0.0,0.101,0.1173,792.5,0.0806,0.7373,0.868,1,0.4298,True,0.2361,0.6963,0.3522,0.5958,focused_or_low_friction,synthetic_bootstrap
syn_02195,bootstrap_user_11,support_lookup,support_lookup_035,379.1,6.422,0.1169,0.3827,0.0954,973.0,0.0503,0.7652,0.2473,4,0.782,False,0.393,0.6412,0.5293,0.8258,moderate_friction,synthetic_bootstrap
syn_02196,bootstrap_user_12,coding_debugging,coding_debugging_036,583.1,1.587,0.3361,0.3798,0.4349,866.2,0.1173,0.7581,0.5624,5,0.317,True,0.3206,0.6544,0.4124,0.6942,moderate_friction,synthetic_bootstrap
syn_02197,bootstrap_user_01,deep_work,deep_work_037,1918.3,0.753,0.0724,0.2721,0.1996,675.5,0.0911,0.689,0.7427,2,0.4426,True,0.2719,0.7467,0.3409,0.6365,focused_or_low_friction,synthetic_bootstrap
syn_02198,bootstrap_user_02,support_lookup,support_lookup_038,328.5,3.326,0.1717,0.4967,0.0925,458.3,0.0724,0.749,0.4938,5,0.826,True,0.2734,0.701,0.4846,0.8297,focused_or_low_friction,synthetic_bootstrap
syn_02199,bootstrap_user_03,repetitive_admin,repetitive_admin_039,503.9,3.044,0.1293,0.8669,0.0629,490.5,0.0933,0.8643,0.2612,4,0.8032,True,0.2473,0.7628,0.6225,0.8295,focused_or_low_friction,synthetic_bootstrap
syn_02200,bootstrap_user_04,coding_debugging,coding_debugging_040,480.7,1.871,0.4318,0.301,0.3783,1640.1,0.1164,0.3725,0.6099,3,0.4226,True,0.4511,0.5678,0.3646,0.67,high_friction,synthetic_bootstrap
syn_02201,bootstrap_user_05,deep_work,deep_work_041,2497.2,1.58,0.1652,0.0735,0.089,393.5,0.1037,0.8134,0.6574,3,0.3618,True,0.2492,0.719,0.3386,0.6491,focused_or_low_friction,synthetic_bootstrap
syn_02202,bootstrap_user_06,research_browsing,research_browsing_042,2126.1,1.586,0.2492,0.1718,0.085,816.7,0.1748,0.509,0.935,0,0.3708,False,0.4017,0.5317,0.2707,0.5505,moderate_friction,synthetic_bootstrap
syn_02203,bootstrap_user_07,research_browsing,research_browsing_043,45.0,3.673,0.2902,0.1671,0.088,568.0,0.0244,0.3619,0.8643,3,0.3716,True,0.3465,0.6132,0.2083,0.6267,moderate_friction,synthetic_bootstrap
syn_02204,bootstrap_user_08,repetitive_admin,repetitive_admin_044,453.4,2.904,0.103,0.8568,0.143,80.0,0.0423,0.7123,0.3961,2,0.6208,True,0.232,0.7208,0.5291,0.7227,focused_or_low_friction,synthetic_bootstrap
syn_02205,bootstrap_user_09,repetitive_admin,repetitive_admin_045,649.5,2.122,0.1261,0.781,0.0229,306.7,0.0,0.7252,0.2009,9,0.9108,True,0.2666,0.8523,0.703,0.9536,automation_candidate,synthetic_bootstrap
syn_02206,bootstrap_user_10,support_lookup,support_lookup_046,222.5,3.142,0.2159,0.5557,0.1359,352.1,0.046,0.7032,0.3463,1,0.7885,True,0.2626,0.7592,0.3943,0.7481,focused_or_low_friction,synthetic_bootstrap
syn_02207,bootstrap_user_11,coding_debugging,coding_debugging_047,1460.7,2.55,0.1168,0.3278,0.172,1077.8,0.0677,0.443,0.9321,0,0.3072,True,0.3962,0.6252,0.3222,0.5349,moderate_friction,synthetic_bootstrap
syn_02208,bootstrap_user_12,support_lookup,support_lookup_048,360.4,4.746,0.0462,0.6915,0.1217,407.6,0.1222,0.7208,0.4636,9,0.748,False,0.3131,0.6148,0.5916,0.8814,moderate_friction,synthetic_bootstrap
syn_02209,bootstrap_user_01,deep_work,deep_work_049,1812.1,1.064,0.0808,0.1354,0.0914,398.3,0.142,0.8416,0.6314,0,0.3263,True,0.178,0.7196,0.2833,0.5758,focused_or_low_friction,synthetic_bootstrap
syn_02210,bootstrap_user_02,deep_work,deep_work_050,958.8,1.078,0.0009,0.2055,0.0662,465.6,0.079,0.8081,0.701,2,0.5744,True,0.1608,0.7396,0.3859,0.6745,focused_or_low_friction,synthetic_bootstrap
syn_02211,bootstrap_user_03,research_browsing,research_browsing_051,838.2,4.265,0.0864,0.1125,0.0185,742.3,0.0888,0.6623,0.722,2,0.3696,True,0.2734,0.6206,0.3037,0.6208,focused_or_low_friction,synthetic_bootstrap
syn_02212,bootstrap_user_04,support_lookup,support_lookup_052,152.5,4.953,0.1505,0.6789,0.1875,437.7,0.042,0.6276,0.3643,8,0.7872,True,0.2728,0.7004,0.5956,0.9031,focused_or_low_friction,synthetic_bootstrap
syn_02213,bootstrap_user_05,research_browsing,research_browsing_053,1855.9,2.774,0.162,0.2524,0.0971,704.0,0.1591,0.5967,0.7881,1,0.4274,True,0.3681,0.5663,0.3597,0.6048,moderate_friction,synthetic_bootstrap
syn_02214,bootstrap_user_06,support_lookup,support_lookup_054,361.4,4.216,0.2901,0.5877,0.1285,486.9,0.1228,0.6249,0.3314,7,0.7633,True,0.3865,0.6186,0.58,0.8786,moderate_friction,synthetic_bootstrap
syn_02215,bootstrap_user_07,research_browsing,research_browsing_055,1235.4,2.444,0.2287,0.1806,0.1587,439.0,0.1827,0.5624,0.8119,1,0.3674,True,0.341,0.5351,0.3119,0.5869,moderate_friction,synthetic_bootstrap
syn_02216,bootstrap_user_08,deep_work,deep_work_056,767.4,1.772,0.0273,0.1718,0.0535,638.6,0.0648,0.7598,0.7395,0,0.3004,True,0.2299,0.7119,0.2464,0.5564,focused_or_low_friction,synthetic_bootstrap
syn_02217,bootstrap_user_09,deep_work,deep_work_057,1976.1,0.0,0.1479,0.07,0.0681,497.0,0.082,0.7429,0.8521,0,0.2154,True,0.1866,0.7543,0.1693,0.5216,focused_or_low_friction,synthetic_bootstrap
syn_02218,bootstrap_user_10,research_browsing,research_browsing_058,2128.7,2.694,0.0975,0.0119,0.0892,495.6,0.1218,0.5259,0.8765,2,0.2491,True,0.3631,0.5955,0.2887,0.5721,moderate_friction,synthetic_bootstrap
syn_02219,bootstrap_user_11,research_browsing,research_browsing_059,1203.1,3.042,0.2959,0.0,0.0949,600.5,0.1287,0.4839,0.8876,1,0.2449,True,0.3897,0.491,0.2887,0.5472,moderate_friction,synthetic_bootstrap
syn_02220,bootstrap_user_12,repetitive_admin,repetitive_admin_060,641.0,2.635,0.1816,0.7356,0.1461,503.6,0.1158,0.5994,0.2991,1,0.8185,True,0.3346,0.6978,0.5756,0.7612,moderate_friction,synthetic_bootstrap
syn_02221,bootstrap_user_01,repetitive_admin,repetitive_admin_001,487.6,2.678,0.0775,0.6541,0.0,369.3,0.0572,0.6843,0.2669,10,0.9308,True,0.1861,0.7805,0.6889,0.9507,automation_candidate,synthetic_bootstrap
syn_02222,bootstrap_user_02,support_lookup,support_lookup_002,394.4,5.864,0.3732,0.5819,0.1889,354.4,0.1318,0.7055,0.4196,9,0.6545,True,0.4055,0.5606,0.6499,0.8633,moderate_friction,synthetic_bootstrap
syn_02223,bootstrap_user_03,support_lookup,support_lookup_003,165.1,6.148,0.1588,0.5837,0.1018,465.1,0.0746,0.6205,0.2048,6,0.8357,True,0.2891,0.6656,0.6118,0.8893,focused_or_low_friction,synthetic_bootstrap
syn_02224,bootstrap_user_04,repetitive_admin,repetitive_admin_004,470.6,1.395,0.1589,0.8361,0.0521,370.6,0.0645,0.9009,0.2544,12,0.8853,True,0.2054,0.8089,0.7343,0.9408,automation_candidate,synthetic_bootstrap
syn_02225,bootstrap_user_05,research_browsing,research_browsing_005,1363.6,1.342,0.3309,0.2463,0.1017,592.5,0.11,0.6649,0.8042,1,0.238,True,0.2855,0.6455,0.2743,0.5555,focused_or_low_friction,synthetic_bootstrap
syn_02226,bootstrap_user_06,repetitive_admin,repetitive_admin_006,276.8,6.393,0.2364,0.7373,0.114,512.7,0.0477,0.7654,0.2538,13,0.9616,True,0.281,0.7149,0.7444,0.9599,automation_candidate,synthetic_bootstrap
syn_02227,bootstrap_user_07,coding_debugging,coding_debugging_007,2021.1,1.783,0.1373,0.4428,0.366,915.0,0.082,0.517,0.645,3,0.399,True,0.4579,0.6642,0.4726,0.6598,high_friction,synthetic_bootstrap
syn_02228,bootstrap_user_08,deep_work,deep_work_008,1447.2,0.87,0.1286,0.2167,0.0766,541.7,0.107,0.8082,0.5686,1,0.3045,True,0.227,0.7563,0.2936,0.6004,focused_or_low_friction,synthetic_bootstrap
syn_02229,bootstrap_user_09,deep_work,deep_work_009,2718.3,0.765,0.1136,0.0749,0.0674,636.8,0.0448,0.8244,0.7271,0,0.1367,True,0.3024,0.7914,0.2286,0.5169,moderate_friction,synthetic_bootstrap
syn_02230,bootstrap_user_10,coding_debugging,coding_debugging_010,702.2,3.523,0.2386,0.3564,0.3607,944.2,0.1297,0.6718,0.7483,4,0.3184,True,0.4118,0.583,0.3894,0.6498,moderate_friction,synthetic_bootstrap
syn_02231,bootstrap_user_11,repetitive_admin,repetitive_admin_011,575.2,4.037,0.042,0.8076,0.0855,472.5,0.0503,0.7818,0.0969,4,0.9192,False,0.2473,0.7678,0.6683,0.8782,focused_or_low_friction,synthetic_bootstrap
syn_02232,bootstrap_user_12,coding_debugging,coding_debugging_012,698.0,3.325,0.2853,0.3453,0.2847,1076.9,0.0188,0.6127,0.774,2,0.4703,True,0.3857,0.6855,0.3989,0.6397,moderate_friction,synthetic_bootstrap
syn_02233,bootstrap_user_01,deep_work,deep_work_013,2239.7,0.191,0.0424,0.0392,0.1174,524.5,0.1354,0.8481,0.6168,2,0.1249,True,0.1426,0.7452,0.2299,0.5722,focused_or_low_friction,synthetic_bootstrap
syn_02234,bootstrap_user_02,research_browsing,research_browsing_014,1283.9,1.975,0.1598,0.2354,0.0282,761.3,0.0694,0.3783,0.8981,3,0.2353,False,0.3197,0.5978,0.2994,0.5885,moderate_friction,synthetic_bootstrap
syn_02235,bootstrap_user_03,coding_debugging,coding_debugging_015,1302.5,4.067,0.241,0.3423,0.3353,345.2,0.0988,0.5935,0.8665,5,0.4728,True,0.3754,0.585,0.4686,0.6967,moderate_friction,synthetic_bootstrap
syn_02236,bootstrap_user_04,research_browsing,research_browsing_016,1898.8,4.319,0.2845,0.1207,0.079,815.5,0.1547,0.599,0.775,2,0.2666,True,0.4761,0.5017,0.3274,0.5886,high_friction,synthetic_bootstrap
syn_02237,bootstrap_user_05,deep_work,deep_work_017,1876.5,0.248,0.0169,0.1435,0.0,779.5,0.0655,0.7845,0.8023,1,0.4281,True,0.1917,0.7879,0.2718,0.6033,focused_or_low_friction,synthetic_bootstrap
syn_02238,bootstrap_user_06,repetitive_admin,repetitive_admin_018,499.2,0.783,0.1959,0.6532,0.0766,367.3,0.0208,0.6454,0.3321,10,0.7892,True,0.2218,0.8155,0.5925,0.9074,focused_or_low_friction,synthetic_bootstrap
syn_02239,bootstrap_user_07,repetitive_admin,repetitive_admin_019,414.4,3.565,0.1165,0.6489,0.0987,544.5,0.0269,0.7132,0.5543,9,0.7587,True,0.2325,0.7359,0.6089,0.8731,focused_or_low_friction,synthetic_bootstrap
syn_02240,bootstrap_user_08,support_lookup,support_lookup_020,196.4,6.528,0.1868,0.5608,0.0489,358.9,0.0226,0.6409,0.2627,9,0.7316,True,0.2752,0.6869,0.6141,0.9014,focused_or_low_friction,synthetic_bootstrap
syn_02241,bootstrap_user_09,repetitive_admin,repetitive_admin_021,719.0,2.351,0.1708,0.7678,0.1225,394.4,0.0853,0.6238,0.1796,6,0.854,True,0.2788,0.7192,0.6538,0.897,focused_or_low_friction,synthetic_bootstrap
syn_02242,bootstrap_user_10,deep_work,deep_work_022,945.3,0.67,0.0771,0.1853,0.0983,772.8,0.1125,0.879,0.7165,2,0.3235,True,0.2449,0.7332,0.2795,0.6099,focused_or_low_friction,synthetic_bootstrap
syn_02243,bootstrap_user_11,repetitive_admin,repetitive_admin_023,524.5,4.075,0.1293,0.4946,0.1315,409.9,0.0407,0.8469,0.0775,8,0.8167,True,0.2378,0.7777,0.65,0.9449,focused_or_low_friction,synthetic_bootstrap
syn_02244,bootstrap_user_12,repetitive_admin,repetitive_admin_024,51.1,3.708,0.0442,0.6645,0.0704,498.3,0.1161,0.5798,0.3246,17,0.8142,True,0.2405,0.6726,0.6444,0.9146,focused_or_low_friction,synthetic_bootstrap
syn_02245,bootstrap_user_01,repetitive_admin,repetitive_admin_025,366.2,2.397,0.199,0.6271,0.0034,191.1,0.0327,0.8743,0.1612,14,0.9645,True,0.0758,0.8099,0.6773,0.9718,focused_or_low_friction,synthetic_bootstrap
syn_02246,bootstrap_user_02,repetitive_admin,repetitive_admin_026,679.6,2.631,0.0736,0.7426,0.0236,376.8,0.026,0.9819,0.1882,16,0.7688,True,0.1745,0.8728,0.7292,0.9196,automation_candidate,synthetic_bootstrap
syn_02247,bootstrap_user_03,repetitive_admin,repetitive_admin_027,432.1,4.061,0.145,0.6993,0.053,358.5,0.0447,0.7222,0.2876,2,0.7778,True,0.1743,0.7598,0.5251,0.7749,focused_or_low_friction,synthetic_bootstrap
syn_02248,bootstrap_user_04,coding_debugging,coding_debugging_028,1851.3,3.304,0.244,0.2176,0.4593,1111.0,0.1486,0.7359,0.6112,3,0.3121,True,0.4842,0.5904,0.3856,0.6422,high_friction,synthetic_bootstrap
syn_02249,bootstrap_user_05,repetitive_admin,repetitive_admin_029,345.0,1.946,0.2218,0.7387,0.0223,403.7,0.0956,0.8263,0.2281,6,0.7834,True,0.1685,0.7343,0.5683,0.8735,focused_or_low_friction,synthetic_bootstrap
syn_02250,bootstrap_user_06,repetitive_admin,repetitive_admin_030,471.6,2.786,0.133,0.9146,0.1534,371.2,0.0764,0.725,0.2312,4,0.8669,True,0.2048,0.7446,0.6377,0.849,focused_or_low_friction,synthetic_bootstrap
syn_02251,bootstrap_user_07,support_lookup,support_lookup_031,284.7,4.615,0.223,0.8666,0.0665,353.4,0.0674,0.8053,0.1991,7,0.7699,True,0.2672,0.7191,0.6585,0.8961,focused_or_low_friction,synthetic_bootstrap
syn_02252,bootstrap_user_08,coding_debugging,coding_debugging_032,803.8,2.92,0.4325,0.25,0.2592,742.3,0.1395,0.6054,0.6,4,0.2824,True,0.3283,0.5777,0.3758,0.6586,moderate_friction,synthetic_bootstrap
syn_02253,bootstrap_user_09,repetitive_admin,repetitive_admin_033,124.9,3.533,0.0539,0.7302,0.0635,187.5,0.0186,0.6531,0.3782,11,1.0,True,0.1519,0.7623,0.6656,0.9546,focused_or_low_friction,synthetic_bootstrap
syn_02254,bootstrap_user_10,support_lookup,support_lookup_034,201.7,4.365,0.2363,0.3454,0.0814,267.5,0.0554,0.7033,0.4829,5,0.8006,True,0.2235,0.6785,0.4226,0.8247,focused_or_low_friction,synthetic_bootstrap
syn_02255,bootstrap_user_11,research_browsing,research_browsing_035,1968.5,3.576,0.1386,0.0614,0.064,452.1,0.0492,0.4112,0.7816,3,0.2147,True,0.3439,0.6277,0.275,0.5974,moderate_friction,synthetic_bootstrap
syn_02256,bootstrap_user_12,support_lookup,support_lookup_036,288.1,4.444,0.289,0.6926,0.1228,255.4,0.0442,0.58,0.2696,7,0.8141,True,0.3236,0.6966,0.5784,0.8987,moderate_friction,synthetic_bootstrap
syn_02257,bootstrap_user_01,research_browsing,research_browsing_037,1451.3,3.643,0.3336,0.1677,0.0928,887.4,0.1189,0.3882,0.655,4,0.0944,True,0.4405,0.5039,0.2952,0.605,high_friction,synthetic_bootstrap
syn_02258,bootstrap_user_02,coding_debugging,coding_debugging_038,539.0,3.821,0.502,0.1666,0.3579,860.1,0.086,0.4311,0.9507,0,0.4497,False,0.4777,0.5281,0.2576,0.5683,high_friction,synthetic_bootstrap
syn_02259,bootstrap_user_03,deep_work,deep_work_039,1404.9,0.102,0.0897,0.2069,0.0679,405.9,0.1563,0.8949,0.8148,0,0.4157,True,0.1346,0.6735,0.2876,0.5761,focused_or_low_friction,synthetic_bootstrap
syn_02260,bootstrap_user_04,support_lookup,support_lookup_040,125.8,3.342,0.1431,0.6946,0.0747,439.5,0.0907,0.4836,0.385,8,0.8317,True,0.225,0.6839,0.5605,0.9117,focused_or_low_friction,synthetic_bootstrap
syn_02261,bootstrap_user_05,coding_debugging,coding_debugging_041,597.3,2.218,0.1987,0.3451,0.2735,1086.9,0.1224,0.5673,0.8314,2,0.3752,True,0.3675,0.5821,0.2988,0.609,moderate_friction,synthetic_bootstrap
syn_02262,bootstrap_user_06,research_browsing,research_browsing_042,1340.7,2.2,0.2227,0.1463,0.0641,591.0,0.1063,0.6634,0.8339,4,0.317,True,0.2934,0.6374,0.3605,0.6392,focused_or_low_friction,synthetic_bootstrap
syn_02263,bootstrap_user_07,support_lookup,support_lookup_043,394.1,3.08,0.2825,0.614,0.0637,483.3,0.0963,0.7057,0.2267,3,0.6668,True,0.3104,0.6812,0.4879,0.777,moderate_friction,synthetic_bootstrap
syn_02264,bootstrap_user_08,deep_work,deep_work_044,2501.0,1.528,0.1575,0.0064,0.1737,466.5,0.0831,0.9023,0.7503,0,0.2765,True,0.2107,0.7497,0.2741,0.5491,focused_or_low_friction,synthetic_bootstrap
syn_02265,bootstrap_user_09,support_lookup,support_lookup_045,258.9,4.658,0.1791,0.6329,0.1659,202.2,0.0746,0.6612,0.2815,5,0.9732,True,0.2611,0.7091,0.567,0.892,focused_or_low_friction,synthetic_bootstrap
syn_02266,bootstrap_user_10,deep_work,deep_work_046,1571.9,0.819,0.1006,0.1436,0.0452,530.5,0.076,0.8702,0.7724,0,0.474,True,0.1948,0.7633,0.3456,0.5958,focused_or_low_friction,synthetic_bootstrap
syn_02267,bootstrap_user_11,coding_debugging,coding_debugging_047,1102.8,1.837,0.2236,0.1363,0.3808,493.6,0.14,0.5854,0.5437,5,0.0,True,0.3426,0.5866,0.3278,0.6173,moderate_friction,synthetic_bootstrap
syn_02268,bootstrap_user_12,support_lookup,support_lookup_048,193.0,4.002,0.2874,0.6386,0.0925,489.3,0.1133,0.7005,0.2628,5,0.671,True,0.3129,0.6516,0.4813,0.8187,moderate_friction,synthetic_bootstrap
syn_02269,bootstrap_user_01,coding_debugging,coding_debugging_049,1293.9,1.847,0.3418,0.2158,0.4445,543.2,0.0417,0.7131,0.5196,2,0.5321,True,0.3415,0.7116,0.3684,0.6857,moderate_friction,synthetic_bootstrap
syn_02270,bootstrap_user_02,research_browsing,research_browsing_050,817.0,2.798,0.1565,0.2686,0.1041,542.4,0.0445,0.6069,0.9647,1,0.2297,True,0.2922,0.6657,0.2766,0.5342,focused_or_low_friction,synthetic_bootstrap
syn_02271,bootstrap_user_03,coding_debugging,coding_debugging_051,830.4,1.351,0.2482,0.342,0.3042,1114.8,0.064,0.3556,0.9805,3,0.529,True,0.3656,0.6134,0.3503,0.6521,moderate_friction,synthetic_bootstrap
syn_02272,bootstrap_user_04,coding_debugging,coding_debugging_052,979.8,3.12,0.3293,0.2655,0.4744,877.6,0.0048,0.5936,0.9125,2,0.681,True,0.3938,0.6417,0.4513,0.6757,moderate_friction,synthetic_bootstrap
syn_02273,bootstrap_user_05,coding_debugging,coding_debugging_053,1671.7,0.779,0.2932,0.0359,0.266,349.8,0.1281,0.5342,0.8358,2,0.3316,True,0.3751,0.6225,0.3023,0.5976,moderate_friction,synthetic_bootstrap
syn_02274,bootstrap_user_06,research_browsing,research_browsing_054,1677.6,3.441,0.2736,0.2357,0.1454,313.9,0.0869,0.3852,0.8266,4,0.4076,True,0.3842,0.5632,0.4014,0.6627,moderate_friction,synthetic_bootstrap
syn_02275,bootstrap_user_07,research_browsing,research_browsing_055,698.3,4.447,0.114,0.1507,0.148,567.8,0.114,0.5944,0.8053,2,0.3257,True,0.2831,0.5297,0.3341,0.5998,focused_or_low_friction,synthetic_bootstrap
syn_02276,bootstrap_user_08,deep_work,deep_work_056,2321.9,0.952,0.0965,0.0768,0.0,405.2,0.0041,0.8348,0.8104,1,0.283,True,0.1741,0.8073,0.2257,0.566,focused_or_low_friction,synthetic_bootstrap
syn_02277,bootstrap_user_09,support_lookup,support_lookup_057,351.3,7.543,0.2752,0.6056,0.1039,427.6,0.044,0.7558,0.4702,3,0.8266,True,0.3555,0.6009,0.5704,0.7877,moderate_friction,synthetic_bootstrap
syn_02278,bootstrap_user_10,repetitive_admin,repetitive_admin_058,528.7,3.629,0.1353,0.7666,0.0689,234.7,0.0033,0.7936,0.2908,10,0.7937,True,0.2104,0.8269,0.7111,0.9135,automation_candidate,synthetic_bootstrap
syn_02279,bootstrap_user_11,research_browsing,research_browsing_059,980.0,3.555,0.1528,0.0,0.1863,567.5,0.162,0.5006,0.7354,1,0.3303,True,0.3492,0.518,0.2866,0.5868,moderate_friction,synthetic_bootstrap
syn_02280,bootstrap_user_12,coding_debugging,coding_debugging_060,720.6,3.522,0.1355,0.1578,0.2577,1401.1,0.1383,0.5161,0.8022,3,0.4583,True,0.3595,0.5476,0.3601,0.6558,moderate_friction,synthetic_bootstrap
syn_02281,bootstrap_user_01,support_lookup,support_lookup_001,104.7,6.032,0.1442,0.4592,0.0848,436.5,0.036,0.7378,0.4672,1,0.7385,True,0.2471,0.7002,0.3951,0.7211,focused_or_low_friction,synthetic_bootstrap
syn_02282,bootstrap_user_02,repetitive_admin,repetitive_admin_002,654.4,3.054,0.2143,0.6827,0.0629,377.1,0.0888,0.7542,0.3009,11,0.7896,True,0.2662,0.7463,0.7046,0.9113,automation_candidate,synthetic_bootstrap
syn_02283,bootstrap_user_03,repetitive_admin,repetitive_admin_003,523.9,1.161,0.1624,0.6987,0.0225,392.3,0.0045,0.795,0.4234,1,0.8576,True,0.1359,0.8638,0.5288,0.7561,focused_or_low_friction,synthetic_bootstrap
syn_02284,bootstrap_user_04,coding_debugging,coding_debugging_004,2011.7,2.647,0.1833,0.2914,0.4285,659.1,0.1426,0.351,0.8675,4,0.0638,False,0.4293,0.5093,0.3566,0.5718,moderate_friction,synthetic_bootstrap
syn_02285,bootstrap_user_05,repetitive_admin,repetitive_admin_005,399.6,4.457,0.1238,0.7155,0.1239,336.1,0.0492,0.7496,0.2732,13,0.8067,True,0.2061,0.6871,0.7413,0.9189,automation_candidate,synthetic_bootstrap
syn_02286,bootstrap_user_06,deep_work,deep_work_006,1349.6,0.693,0.1579,0.1386,0.1157,194.3,0.1359,0.8103,0.5782,0,0.5528,True,0.1406,0.702,0.335,0.6388,focused_or_low_friction,synthetic_bootstrap
syn_02287,bootstrap_user_07,research_browsing,research_browsing_007,1425.9,3.489,0.2411,0.2318,0.0864,1105.9,0.0856,0.7423,0.7521,0,0.0999,True,0.3905,0.6122,0.2479,0.5047,moderate_friction,synthetic_bootstrap
syn_02288,bootstrap_user_08,coding_debugging,coding_debugging_008,1273.8,2.198,0.2156,0.1121,0.3309,949.8,0.1246,0.6129,0.6144,3,0.4536,True,0.3811,0.6403,0.3735,0.6772,moderate_friction,synthetic_bootstrap
syn_02289,bootstrap_user_09,repetitive_admin,repetitive_admin_009,125.9,2.56,0.0776,0.7871,0.1839,397.4,0.0141,0.7256,0.2811,11,0.9594,True,0.1884,0.8158,0.7223,0.9561,automation_candidate,synthetic_bootstrap
syn_02290,bootstrap_user_10,repetitive_admin,repetitive_admin_010,367.9,3.254,0.1054,0.4642,0.1309,467.8,0.0,0.8302,0.2497,12,0.8661,True,0.1893,0.8129,0.6096,0.9366,focused_or_low_friction,synthetic_bootstrap
syn_02291,bootstrap_user_11,research_browsing,research_browsing_011,1783.5,3.431,0.3548,0.1484,0.0519,790.5,0.0683,0.5428,0.842,2,0.2414,True,0.421,0.5843,0.3157,0.5743,moderate_friction,synthetic_bootstrap
syn_02292,bootstrap_user_12,coding_debugging,coding_debugging_012,1318.7,3.182,0.2541,0.2052,0.1892,638.9,0.1171,0.5201,0.7516,5,0.3577,True,0.3723,0.5433,0.4314,0.6817,moderate_friction,synthetic_bootstrap
syn_02293,bootstrap_user_01,coding_debugging,coding_debugging_013,1138.2,1.544,0.2184,0.1218,0.4011,1257.7,0.0253,0.7248,0.6954,4,0.1633,True,0.3584,0.7683,0.3218,0.6174,moderate_friction,synthetic_bootstrap
syn_02294,bootstrap_user_02,repetitive_admin,repetitive_admin_014,423.3,3.094,0.2137,0.699,0.1146,461.7,0.0767,0.6487,0.3507,9,0.7648,True,0.3258,0.6932,0.6197,0.8991,moderate_friction,synthetic_bootstrap
syn_02295,bootstrap_user_03,repetitive_admin,repetitive_admin_015,487.6,2.659,0.1284,0.6661,0.0961,372.0,0.1086,0.7441,0.2577,12,0.7487,True,0.2109,0.7464,0.7098,0.9062,automation_candidate,synthetic_bootstrap
syn_02296,bootstrap_user_04,deep_work,deep_work_016,1537.1,0.607,0.0745,0.1997,0.0401,430.3,0.0675,0.7279,0.5755,2,0.3633,True,0.1626,0.7613,0.365,0.6368,focused_or_low_friction,synthetic_bootstrap
syn_02297,bootstrap_user_05,coding_debugging,coding_debugging_017,1053.7,3.188,0.0938,0.2723,0.3596,744.2,0.0731,0.5931,0.7942,1,0.5181,True,0.343,0.6343,0.3985,0.6267,moderate_friction,synthetic_bootstrap
syn_02298,bootstrap_user_06,deep_work,deep_work_018,2629.3,0.957,0.0329,0.1152,0.0328,109.8,0.0335,0.8296,0.8074,2,0.2114,True,0.1392,0.7341,0.258,0.571,focused_or_low_friction,synthetic_bootstrap
syn_02299,bootstrap_user_07,deep_work,deep_work_019,2201.6,0.686,0.0166,0.0824,0.0736,588.6,0.0727,0.8708,0.6719,2,0.2372,True,0.1538,0.7967,0.263,0.5937,focused_or_low_friction,synthetic_bootstrap
syn_02300,bootstrap_user_08,coding_debugging,coding_debugging_020,45.0,2.633,0.3872,0.1588,0.348,725.5,0.0,0.8248,0.6996,3,0.3326,True,0.3013,0.7277,0.278,0.6367,moderate_friction,synthetic_bootstrap
syn_02301,bootstrap_user_09,research_browsing,research_browsing_021,1769.1,3.569,0.2072,0.1191,0.1515,784.4,0.09,0.4499,0.6739,2,0.2701,True,0.4227,0.5923,0.318,0.6017,moderate_friction,synthetic_bootstrap
syn_02302,bootstrap_user_10,coding_debugging,coding_debugging_022,581.6,3.155,0.2738,0.3005,0.4177,632.9,0.0586,0.8816,0.7794,2,0.5936,True,0.309,0.6766,0.3936,0.6699,moderate_friction,synthetic_bootstrap
syn_02303,bootstrap_user_11,support_lookup,support_lookup_023,232.6,3.398,0.1994,0.537,0.1388,465.2,0.0084,0.7221,0.4301,13,0.7918,True,0.2531,0.7823,0.6339,0.8963,focused_or_low_friction,synthetic_bootstrap
syn_02304,bootstrap_user_12,support_lookup,support_lookup_024,291.9,4.26,0.2474,0.6103,0.0455,249.8,0.0512,0.672,0.6319,6,0.7947,True,0.2951,0.6577,0.5184,0.8278,focused_or_low_friction,synthetic_bootstrap
syn_02305,bootstrap_user_01,support_lookup,support_lookup_025,158.9,3.817,0.1125,0.5899,0.1171,429.8,0.1036,0.7759,0.3347,4,0.787,True,0.2155,0.6835,0.4758,0.8166,focused_or_low_friction,synthetic_bootstrap
syn_02306,bootstrap_user_02,repetitive_admin,repetitive_admin_026,425.2,2.849,0.1043,0.7313,0.0772,389.4,0.0381,0.7724,0.2082,4,0.7888,True,0.1613,0.7671,0.5868,0.8322,focused_or_low_friction,synthetic_bootstrap
syn_02307,bootstrap_user_03,support_lookup,support_lookup_027,387.4,4.969,0.1414,0.3969,0.1196,230.7,0.0574,0.58,0.1091,11,0.6644,True,0.2951,0.6907,0.6061,0.903,focused_or_low_friction,synthetic_bootstrap
syn_02308,bootstrap_user_04,support_lookup,support_lookup_028,185.9,4.758,0.2055,0.4409,0.1218,330.3,0.025,0.6891,0.3151,8,0.8282,True,0.2558,0.7247,0.5343,0.9192,focused_or_low_friction,synthetic_bootstrap
syn_02309,bootstrap_user_05,support_lookup,support_lookup_029,246.4,5.223,0.1544,0.895,0.1845,541.0,0.0532,0.6415,0.2939,7,0.8588,True,0.3171,0.6978,0.6874,0.9069,automation_candidate,synthetic_bootstrap
syn_02310,bootstrap_user_06,research_browsing,research_browsing_030,1285.0,3.584,0.3369,0.1753,0.1012,1119.2,0.1254,0.4591,0.8698,2,0.2213,True,0.4417,0.5136,0.2737,0.566,high_friction,synthetic_bootstrap
syn_02311,bootstrap_user_07,research_browsing,research_browsing_031,1305.8,2.833,0.2144,0.2193,0.0119,405.3,0.0857,0.7391,0.9894,2,0.3055,True,0.2927,0.6289,0.319,0.5726,focused_or_low_friction,synthetic_bootstrap
syn_02312,bootstrap_user_08,deep_work,deep_work_032,1176.9,1.691,0.156,0.1735,0.1396,459.2,0.1128,0.7154,0.4526,0,0.2532,True,0.2242,0.7025,0.2975,0.579,focused_or_low_friction,synthetic_bootstrap
syn_02313,bootstrap_user_09,repetitive_admin,repetitive_admin_033,242.3,1.929,0.1225,0.6549,0.0802,450.8,0.0992,0.7382,0.4613,10,0.9152,True,0.212,0.7048,0.6443,0.9234,focused_or_low_friction,synthetic_bootstrap
syn_02314,bootstrap_user_10,repetitive_admin,repetitive_admin_034,363.9,3.502,0.128,0.8573,0.0957,199.8,0.1127,0.8151,0.225,3,0.9359,True,0.2168,0.7345,0.6043,0.8445,focused_or_low_friction,synthetic_bootstrap
syn_02315,bootstrap_user_11,repetitive_admin,repetitive_admin_035,309.2,2.73,0.0607,0.7475,0.0949,474.6,0.025,0.8156,0.1812,11,0.7411,True,0.1468,0.8456,0.675,0.9135,focused_or_low_friction,synthetic_bootstrap
syn_02316,bootstrap_user_12,repetitive_admin,repetitive_admin_036,229.6,4.035,0.087,0.6833,0.0532,589.8,0.0149,0.7787,0.2176,12,1.0,True,0.1928,0.7848,0.7361,0.9739,automation_candidate,synthetic_bootstrap
syn_02317,bootstrap_user_01,deep_work,deep_work_037,1675.6,1.207,0.0601,0.3295,0.0,517.8,0.0796,0.8163,0.7085,2,0.3763,False,0.2183,0.6882,0.4067,0.624,focused_or_low_friction,synthetic_bootstrap
syn_02318,bootstrap_user_02,coding_debugging,coding_debugging_038,2251.9,0.624,0.2853,0.3771,0.3919,1215.8,0.1186,0.3864,0.8505,3,0.6253,False,0.4681,0.5986,0.4819,0.6918,high_friction,synthetic_bootstrap
syn_02319,bootstrap_user_03,support_lookup,support_lookup_039,421.2,3.429,0.1475,0.9934,0.0824,641.6,0.0464,0.7075,0.2647,4,0.7529,True,0.2982,0.7625,0.6801,0.8165,automation_candidate,synthetic_bootstrap
syn_02320,bootstrap_user_04,research_browsing,research_browsing_040,1054.7,1.913,0.2209,0.1119,0.0182,884.1,0.114,0.6014,0.6458,1,0.1301,False,0.322,0.6433,0.2535,0.5475,moderate_friction,synthetic_bootstrap
syn_02321,bootstrap_user_05,deep_work,deep_work_041,1866.8,0.5,0.0374,0.1345,0.1079,345.7,0.0425,0.7484,0.6142,1,0.2182,True,0.1906,0.7976,0.238,0.5734,focused_or_low_friction,synthetic_bootstrap
syn_02322,bootstrap_user_06,deep_work,deep_work_042,670.8,1.626,0.137,0.1728,0.1481,545.0,0.077,0.7208,0.8709,1,0.3041,True,0.2338,0.696,0.269,0.564,focused_or_low_friction,synthetic_bootstrap
syn_02323,bootstrap_user_07,support_lookup,support_lookup_043,202.3,4.331,0.2234,0.5339,0.1823,516.4,0.108,0.5208,0.432,4,0.7266,False,0.317,0.6523,0.4952,0.7898,moderate_friction,synthetic_bootstrap
syn_02324,bootstrap_user_08,deep_work,deep_work_044,1452.1,1.034,0.0681,0.2166,0.0752,523.2,0.0879,0.8263,0.7842,0,0.3617,True,0.1483,0.713,0.2803,0.5663,focused_or_low_friction,synthetic_bootstrap
syn_02325,bootstrap_user_09,repetitive_admin,repetitive_admin_045,384.7,3.537,0.1525,0.6709,0.1434,331.7,0.0,0.709,0.2847,0,0.9566,True,0.1853,0.7717,0.554,0.775,focused_or_low_friction,synthetic_bootstrap
syn_02326,bootstrap_user_10,research_browsing,research_browsing_046,1792.0,2.286,0.098,0.1905,0.1157,774.4,0.0818,0.5653,0.8016,3,0.4595,True,0.3711,0.6846,0.3947,0.6562,moderate_friction,synthetic_bootstrap
syn_02327,bootstrap_user_11,repetitive_admin,repetitive_admin_047,331.6,4.734,0.0374,1.0,0.041,495.4,0.0933,0.7813,0.075,4,0.8885,True,0.2025,0.7259,0.6405,0.8731,focused_or_low_friction,synthetic_bootstrap
syn_02328,bootstrap_user_12,repetitive_admin,repetitive_admin_048,686.2,2.822,0.1673,0.8884,0.0338,396.6,0.0583,0.7168,0.3727,5,0.8644,True,0.3325,0.7272,0.6854,0.8539,automation_candidate,synthetic_bootstrap
syn_02329,bootstrap_user_01,support_lookup,support_lookup_049,439.7,3.198,0.1876,0.4918,0.0094,378.7,0.0429,0.6089,0.327,7,0.6703,True,0.3249,0.7569,0.5188,0.8558,moderate_friction,synthetic_bootstrap
syn_02330,bootstrap_user_02,support_lookup,support_lookup_050,349.4,3.483,0.1525,0.6718,0.0933,292.5,0.085,0.5771,0.3028,10,0.8437,True,0.2471,0.6601,0.6602,0.9246,focused_or_low_friction,synthetic_bootstrap
syn_02331,bootstrap_user_03,support_lookup,support_lookup_051,323.0,4.604,0.1421,0.5541,0.1208,294.7,0.0628,0.5211,0.2442,7,0.8483,True,0.2682,0.6366,0.5904,0.9103,focused_or_low_friction,synthetic_bootstrap
syn_02332,bootstrap_user_04,repetitive_admin,repetitive_admin_052,135.1,4.144,0.0551,0.9881,0.0415,440.2,0.0279,0.7249,0.2984,11,0.9416,True,0.2112,0.7463,0.755,0.9496,automation_candidate,synthetic_bootstrap
syn_02333,bootstrap_user_05,research_browsing,research_browsing_053,1179.6,4.085,0.2304,0.2296,0.1146,817.3,0.0696,0.3914,0.8791,3,0.2861,False,0.3444,0.5408,0.3548,0.6035,moderate_friction,synthetic_bootstrap
syn_02334,bootstrap_user_06,deep_work,deep_work_054,932.4,0.112,0.0879,0.1015,0.0727,376.9,0.0287,0.8026,0.6786,1,0.2898,True,0.1511,0.8202,0.2172,0.5835,focused_or_low_friction,synthetic_bootstrap
syn_02335,bootstrap_user_07,support_lookup,support_lookup_055,140.6,5.418,0.1252,0.6085,0.2062,633.7,0.0,0.8045,0.3765,8,0.8204,True,0.2486,0.7159,0.5975,0.9099,focused_or_low_friction,synthetic_bootstrap
syn_02336,bootstrap_user_08,coding_debugging,coding_debugging_056,478.2,3.835,0.2402,0.2348,0.2324,868.2,0.1227,0.5353,0.7653,3,0.4066,True,0.333,0.5968,0.3629,0.6473,moderate_friction,synthetic_bootstrap
syn_02337,bootstrap_user_09,research_browsing,research_browsing_057,1714.2,4.239,0.247,0.1521,0.0,381.8,0.2183,0.7192,0.8162,0,0.3762,True,0.3709,0.449,0.2956,0.5661,moderate_friction,synthetic_bootstrap
syn_02338,bootstrap_user_10,repetitive_admin,repetitive_admin_058,552.8,5.128,0.0805,0.6,0.1209,216.2,0.0144,0.7639,0.4886,5,0.8304,True,0.2438,0.6851,0.607,0.8315,focused_or_low_friction,synthetic_bootstrap
syn_02339,bootstrap_user_11,support_lookup,support_lookup_059,278.6,4.74,0.1687,0.8167,0.0848,326.1,0.1099,0.4401,0.3431,6,0.7785,False,0.288,0.6112,0.6454,0.8585,focused_or_low_friction,synthetic_bootstrap
syn_02340,bootstrap_user_12,deep_work,deep_work_060,1591.3,0.381,0.0,0.2252,0.14,80.0,0.0,0.8309,0.7066,1,0.346,True,0.1071,0.8351,0.3128,0.5942,focused_or_low_friction,synthetic_bootstrap
syn_02341,bootstrap_user_01,deep_work,deep_work_001,1462.8,0.459,0.0,0.136,0.1301,391.4,0.0659,0.9205,0.7825,3,0.6209,True,0.1063,0.7813,0.3897,0.6988,focused_or_low_friction,synthetic_bootstrap
syn_02342,bootstrap_user_02,deep_work,deep_work_002,2520.1,0.328,0.0928,0.0866,0.0827,420.9,0.0952,0.9826,0.7275,1,0.2786,True,0.1671,0.7722,0.2362,0.5749,focused_or_low_friction,synthetic_bootstrap
syn_02343,bootstrap_user_03,coding_debugging,coding_debugging_003,1162.8,0.03,0.2568,0.2268,0.1839,680.6,0.156,0.7411,0.6667,3,0.2102,False,0.2974,0.7033,0.3458,0.6101,focused_or_low_friction,synthetic_bootstrap
syn_02344,bootstrap_user_04,repetitive_admin,repetitive_admin_004,451.3,2.288,0.2015,0.6792,0.0979,364.1,0.1098,0.6851,0.3716,8,0.9055,True,0.2004,0.6945,0.6109,0.9318,focused_or_low_friction,synthetic_bootstrap
syn_02345,bootstrap_user_05,coding_debugging,coding_debugging_005,1300.6,2.822,0.2282,0.1878,0.3204,449.0,0.1167,0.5201,0.7934,1,0.3406,True,0.3671,0.6061,0.352,0.5824,moderate_friction,synthetic_bootstrap
syn_02346,bootstrap_user_06,deep_work,deep_work_006,1560.2,0.584,0.1243,0.0569,0.0911,341.0,0.0731,0.8847,0.6131,2,0.614,True,0.1475,0.8097,0.3238,0.6949,focused_or_low_friction,synthetic_bootstrap
syn_02347,bootstrap_user_07,research_browsing,research_browsing_007,2110.5,2.172,0.4151,0.1226,0.1331,306.9,0.0993,0.4504,0.6847,3,0.1527,True,0.3645,0.6193,0.3196,0.5935,moderate_friction,synthetic_bootstrap
syn_02348,bootstrap_user_08,research_browsing,research_browsing_008,1985.1,2.135,0.3415,0.1164,0.0623,496.3,0.0769,0.5691,0.7329,2,0.0,True,0.3227,0.6282,0.2194,0.5271,moderate_friction,synthetic_bootstrap
syn_02349,bootstrap_user_09,deep_work,deep_work_009,2271.6,1.027,0.0717,0.0928,0.1291,773.0,0.0789,0.6921,0.6097,2,0.2969,True,0.2335,0.7422,0.2594,0.6161,focused_or_low_friction,synthetic_bootstrap
syn_02350,bootstrap_user_10,deep_work,deep_work_010,1782.7,0.84,0.0575,0.0666,0.1409,210.1,0.0869,0.8782,0.6959,3,0.2138,True,0.1442,0.8257,0.2925,0.6074,focused_or_low_friction,synthetic_bootstrap
syn_02351,bootstrap_user_11,deep_work,deep_work_011,2147.5,1.094,0.0839,0.234,0.0,499.9,0.0971,0.9015,0.5644,0,0.2277,True,0.1909,0.7449,0.3322,0.5592,focused_or_low_friction,synthetic_bootstrap
syn_02352,bootstrap_user_12,research_browsing,research_browsing_012,1493.2,3.137,0.2013,0.2544,0.1195,1065.8,0.0493,0.3945,0.7408,2,0.2486,True,0.3851,0.6452,0.3168,0.5883,moderate_friction,synthetic_bootstrap
syn_02353,bootstrap_user_01,repetitive_admin,repetitive_admin_013,597.5,4.569,0.0861,0.7787,0.0907,447.2,0.0885,0.8276,0.3314,11,0.7585,True,0.2487,0.6978,0.7454,0.8998,automation_candidate,synthetic_bootstrap
syn_02354,bootstrap_user_02,support_lookup,support_lookup_014,259.3,1.293,0.0963,0.6955,0.083,661.1,0.0238,0.6982,0.4075,9,0.7245,True,0.2494,0.7698,0.5723,0.8822,focused_or_low_friction,synthetic_bootstrap
syn_02355,bootstrap_user_03,support_lookup,support_lookup_015,79.4,3.268,0.1177,0.6114,0.1289,682.9,0.0679,0.7274,0.2414,10,0.4604,True,0.2607,0.7609,0.5724,0.8361,focused_or_low_friction,synthetic_bootstrap
syn_02356,bootstrap_user_04,coding_debugging,coding_debugging_016,288.3,2.901,0.2949,0.2644,0.1836,882.6,0.1174,0.5341,0.7131,1,0.3646,True,0.3772,0.5983,0.29,0.5981,moderate_friction,synthetic_bootstrap
syn_02357,bootstrap_user_05,support_lookup,support_lookup_017,357.3,3.528,0.2072,0.7613,0.041,270.6,0.0168,0.4814,0.2444,5,0.9412,True,0.2399,0.7372,0.6175,0.8885,focused_or_low_friction,synthetic_bootstrap
syn_02358,bootstrap_user_06,support_lookup,support_lookup_018,181.8,3.594,0.2654,0.4367,0.0267,604.0,0.0416,0.8152,0.343,6,0.8687,False,0.2344,0.7396,0.5323,0.881,focused_or_low_friction,synthetic_bootstrap
syn_02359,bootstrap_user_07,research_browsing,research_browsing_019,1026.6,3.195,0.1877,0.213,0.0874,707.7,0.1977,0.5457,0.8322,4,0.3468,True,0.3305,0.4688,0.3932,0.6468,moderate_friction,synthetic_bootstrap
syn_02360,bootstrap_user_08,deep_work,deep_work_020,1753.1,1.279,0.1106,0.1986,0.0288,540.9,0.1347,0.7042,0.6483,2,0.3618,True,0.2421,0.6795,0.3523,0.6276,focused_or_low_friction,synthetic_bootstrap
syn_02361,bootstrap_user_09,research_browsing,research_browsing_021,1732.1,3.045,0.1881,0.2592,0.0628,634.1,0.0522,0.6678,0.8986,1,0.2815,False,0.3505,0.6787,0.3021,0.555,moderate_friction,synthetic_bootstrap
syn_02362,bootstrap_user_10,deep_work,deep_work_022,254.4,1.319,0.0823,0.1539,0.1382,384.5,0.0548,0.7915,0.7289,2,0.546,True,0.1705,0.7723,0.2442,0.664,focused_or_low_friction,synthetic_bootstrap
syn_02363,bootstrap_user_11,support_lookup,support_lookup_023,401.9,4.554,0.1617,0.4942,0.1413,469.5,0.0572,0.4929,0.3122,5,0.8319,True,0.2858,0.655,0.5123,0.853,focused_or_low_friction,synthetic_bootstrap
syn_02364,bootstrap_user_12,research_browsing,research_browsing_024,828.6,4.104,0.068,0.2036,0.0746,496.0,0.061,0.6183,0.8345,0,0.4381,True,0.2653,0.6029,0.3142,0.5794,focused_or_low_friction,synthetic_bootstrap
syn_02365,bootstrap_user_01,coding_debugging,coding_debugging_025,524.5,1.724,0.2579,0.1251,0.3314,895.8,0.2353,0.7122,0.8376,0,0.1458,True,0.4095,0.5677,0.172,0.5059,moderate_friction,synthetic_bootstrap
syn_02366,bootstrap_user_02,coding_debugging,coding_debugging_026,836.2,2.69,0.2583,0.2228,0.3635,1486.0,0.1652,0.8156,0.5356,4,0.287,True,0.4256,0.6357,0.3669,0.6675,moderate_friction,synthetic_bootstrap
syn_02367,bootstrap_user_03,repetitive_admin,repetitive_admin_027,347.4,2.797,0.1657,0.7685,0.1368,589.4,0.0246,0.7828,0.3263,8,0.9353,True,0.2049,0.79,0.6494,0.9447,focused_or_low_friction,synthetic_bootstrap
syn_02368,bootstrap_user_04,support_lookup,support_lookup_028,187.2,4.198,0.0762,0.6816,0.1802,529.1,0.0884,0.6755,0.2476,13,0.5478,True,0.2308,0.7264,0.6163,0.8572,focused_or_low_friction,synthetic_bootstrap
syn_02369,bootstrap_user_05,repetitive_admin,repetitive_admin_029,803.3,3.236,0.0743,0.5148,0.1243,271.5,0.0374,0.8505,0.3853,6,0.8237,True,0.1969,0.7971,0.6268,0.8647,focused_or_low_friction,synthetic_bootstrap
syn_02370,bootstrap_user_06,support_lookup,support_lookup_030,295.7,4.525,0.1235,0.8109,0.0208,435.7,0.0648,0.66,0.3598,5,0.8441,True,0.2636,0.6925,0.5955,0.8503,focused_or_low_friction,synthetic_bootstrap
syn_02371,bootstrap_user_07,support_lookup,support_lookup_031,260.5,4.559,0.0391,0.4033,0.1167,410.5,0.0436,0.7169,0.2512,0,0.9557,False,0.2627,0.717,0.4592,0.7788,focused_or_low_friction,synthetic_bootstrap
syn_02372,bootstrap_user_08,repetitive_admin,repetitive_admin_032,229.7,3.14,0.0991,0.5906,0.1001,346.4,0.1017,0.7477,0.0252,1,1.0,True,0.1829,0.755,0.5666,0.8395,focused_or_low_friction,synthetic_bootstrap
syn_02373,bootstrap_user_09,repetitive_admin,repetitive_admin_033,134.0,4.529,0.1956,0.7207,0.0965,331.8,0.0,0.7922,0.3047,9,0.8986,True,0.2349,0.771,0.6525,0.9381,focused_or_low_friction,synthetic_bootstrap
syn_02374,bootstrap_user_10,repetitive_admin,repetitive_admin_034,379.2,4.25,0.1262,0.7098,0.1283,156.0,0.0416,0.6849,0.3174,9,0.8591,True,0.2177,0.731,0.6566,0.9267,focused_or_low_friction,synthetic_bootstrap
syn_02375,bootstrap_user_11,repetitive_admin,repetitive_admin_035,586.1,3.812,0.1211,0.4385,0.0713,461.9,0.0416,0.7673,0.2575,9,0.9721,True,0.2242,0.7277,0.656,0.9621,focused_or_low_friction,synthetic_bootstrap
syn_02376,bootstrap_user_12,deep_work,deep_work_036,2383.9,0.053,0.0695,0.3399,0.0766,904.7,0.0471,0.7682,0.6097,0,0.147,True,0.2309,0.7977,0.2718,0.5336,focused_or_low_friction,synthetic_bootstrap
syn_02377,bootstrap_user_01,research_browsing,research_browsing_037,2073.0,4.069,0.1967,0.2144,0.0182,709.3,0.1069,0.5351,0.8026,2,0.1424,True,0.4193,0.5508,0.2585,0.5543,moderate_friction,synthetic_bootstrap
syn_02378,bootstrap_user_02,coding_debugging,coding_debugging_038,45.0,4.004,0.2609,0.3163,0.2051,700.1,0.0872,0.6366,0.729,1,0.2894,True,0.2842,0.5853,0.2344,0.5774,focused_or_low_friction,synthetic_bootstrap
syn_02379,bootstrap_user_03,deep_work,deep_work_039,1998.7,1.477,0.0562,0.1529,0.0,510.3,0.0436,0.7953,0.7276,2,0.1756,True,0.1838,0.7902,0.3099,0.5716,focused_or_low_friction,synthetic_bootstrap
syn_02380,bootstrap_user_04,coding_debugging,coding_debugging_040,1822.8,0.918,0.3243,0.0823,0.4301,1155.4,0.1489,0.5633,0.7744,2,0.4219,True,0.4383,0.5835,0.3832,0.6276,moderate_friction,synthetic_bootstrap
syn_02381,bootstrap_user_05,research_browsing,research_browsing_041,1306.7,3.176,0.2192,0.1472,0.1018,560.5,0.0,0.6743,0.929,1,0.2505,True,0.2692,0.6983,0.3886,0.5436,focused_or_low_friction,synthetic_bootstrap
syn_02382,bootstrap_user_06,repetitive_admin,repetitive_admin_042,514.8,3.269,0.1729,0.8132,0.0535,154.3,0.0678,0.8069,0.2502,15,0.9756,False,0.2027,0.7111,0.7638,0.9639,automation_candidate,synthetic_bootstrap
syn_02383,bootstrap_user_07,deep_work,deep_work_043,881.9,0.0,0.1124,0.2438,0.0,403.8,0.0793,0.7966,0.5421,3,0.1879,False,0.0969,0.8023,0.3046,0.6194,focused_or_low_friction,synthetic_bootstrap
syn_02384,bootstrap_user_08,deep_work,deep_work_044,1414.9,1.037,0.0966,0.0,0.1159,662.6,0.0751,0.8012,0.8694,1,0.3301,True,0.2126,0.7163,0.2476,0.5707,focused_or_low_friction,synthetic_bootstrap
syn_02385,bootstrap_user_09,deep_work,deep_work_045,2584.5,1.163,0.0763,0.0809,0.0534,621.0,0.0163,1.0,0.6768,0,0.3718,False,0.1739,0.8121,0.2668,0.5817,focused_or_low_friction,synthetic_bootstrap
syn_02386,bootstrap_user_10,coding_debugging,coding_debugging_046,144.8,1.66,0.189,0.1898,0.2236,788.8,0.1444,0.6497,0.8499,2,0.4655,True,0.3363,0.5881,0.2625,0.6294,moderate_friction,synthetic_bootstrap
syn_02387,bootstrap_user_11,research_browsing,research_browsing_047,921.3,2.373,0.1877,0.2163,0.0456,441.5,0.0777,0.5858,0.7251,2,0.2571,True,0.2475,0.6903,0.3221,0.5923,focused_or_low_friction,synthetic_bootstrap
syn_02388,bootstrap_user_12,deep_work,deep_work_048,1190.8,0.704,0.0811,0.0773,0.1659,394.2,0.0542,0.8345,0.5894,2,0.4418,True,0.1683,0.7909,0.2888,0.6547,focused_or_low_friction,synthetic_bootstrap
syn_02389,bootstrap_user_01,coding_debugging,coding_debugging_049,953.5,1.749,0.056,0.1342,0.177,506.0,0.1667,0.6663,0.8165,3,0.5716,True,0.3114,0.5767,0.3754,0.6824,moderate_friction,synthetic_bootstrap
syn_02390,bootstrap_user_02,deep_work,deep_work_050,1287.6,1.359,0.101,0.2449,0.0198,341.6,0.0086,0.8489,0.6372,2,0.3538,True,0.0861,0.822,0.3545,0.627,focused_or_low_friction,synthetic_bootstrap
syn_02391,bootstrap_user_03,support_lookup,support_lookup_051,45.0,4.2,0.0986,0.4757,0.0772,542.2,0.0388,0.4614,0.3727,5,0.6962,True,0.2484,0.684,0.4442,0.8118,focused_or_low_friction,synthetic_bootstrap
syn_02392,bootstrap_user_04,coding_debugging,coding_debugging_052,1174.4,2.156,0.3702,0.3985,0.2985,618.4,0.0282,0.6811,0.6298,6,0.8091,True,0.291,0.7338,0.6192,0.8317,focused_or_low_friction,synthetic_bootstrap
syn_02393,bootstrap_user_05,repetitive_admin,repetitive_admin_053,223.2,5.098,0.0091,0.5455,0.0924,512.2,0.048,0.7804,0.3904,13,0.8102,True,0.2383,0.7232,0.6469,0.9057,focused_or_low_friction,synthetic_bootstrap
syn_02394,bootstrap_user_06,deep_work,deep_work_054,1469.4,1.087,0.0253,0.1698,0.0956,471.4,0.1112,0.7384,0.7477,2,0.255,True,0.2389,0.6986,0.2865,0.589,focused_or_low_friction,synthetic_bootstrap
syn_02395,bootstrap_user_07,support_lookup,support_lookup_055,145.6,5.606,0.2609,0.7264,0.1069,655.2,0.0353,0.6818,0.354,7,0.6087,True,0.3322,0.6495,0.5701,0.8372,moderate_friction,synthetic_bootstrap
syn_02396,bootstrap_user_08,research_browsing,research_browsing_056,606.5,3.092,0.0224,0.1566,0.0756,904.5,0.1934,0.7829,0.8927,2,0.3466,True,0.2576,0.5745,0.2943,0.5945,focused_or_low_friction,synthetic_bootstrap
syn_02397,bootstrap_user_09,repetitive_admin,repetitive_admin_057,530.5,0.919,0.1472,0.8407,0.0794,314.9,0.0091,0.6109,0.2954,7,0.8401,False,0.1711,0.8284,0.6893,0.9021,automation_candidate,synthetic_bootstrap
syn_02398,bootstrap_user_10,repetitive_admin,repetitive_admin_058,373.2,3.266,0.1095,0.8047,0.0,353.6,0.0516,0.6502,0.3144,11,0.8962,True,0.1931,0.7478,0.7166,0.9363,automation_candidate,synthetic_bootstrap
syn_02399,bootstrap_user_11,deep_work,deep_work_059,1682.2,1.31,0.0944,0.0539,0.1275,360.1,0.0671,0.8001,0.7535,3,0.3309,True,0.1378,0.7252,0.2781,0.6298,focused_or_low_friction,synthetic_bootstrap
syn_02400,bootstrap_user_12,support_lookup,support_lookup_060,291.1,4.172,0.1073,0.6399,0.1066,80.0,0.0932,0.7611,0.3338,8,0.7575,True,0.2872,0.7048,0.6136,0.8993,focused_or_low_friction,synthetic_bootstrap
syn_02401,bootstrap_user_01,support_lookup,support_lookup_001,231.5,5.651,0.0704,0.5881,0.147,407.2,0.0873,0.6904,0.3831,4,0.8304,True,0.2813,0.65,0.5554,0.8216,focused_or_low_friction,synthetic_bootstrap
syn_02402,bootstrap_user_02,coding_debugging,coding_debugging_002,585.0,2.081,0.2621,0.0275,0.3789,537.7,0.134,0.5266,0.9242,2,0.689,True,0.3464,0.5913,0.2996,0.6763,moderate_friction,synthetic_bootstrap
syn_02403,bootstrap_user_03,coding_debugging,coding_debugging_003,1122.5,2.686,0.3244,0.2443,0.2906,1000.1,0.1088,0.7163,0.7592,3,0.5787,True,0.4196,0.6167,0.3919,0.6911,moderate_friction,synthetic_bootstrap
syn_02404,bootstrap_user_04,research_browsing,research_browsing_004,1185.4,2.205,0.2538,0.1571,0.1064,873.1,0.1843,0.6151,0.8869,2,0.1124,True,0.3559,0.546,0.2567,0.5367,moderate_friction,synthetic_bootstrap
syn_02405,bootstrap_user_05,coding_debugging,coding_debugging_005,1633.6,3.848,0.1823,0.4525,0.1365,1260.7,0.0983,0.5844,0.7192,1,0.6302,True,0.4292,0.5683,0.4476,0.6638,moderate_friction,synthetic_bootstrap
syn_02406,bootstrap_user_06,repetitive_admin,repetitive_admin_006,315.0,2.433,0.1095,0.5862,0.1438,360.1,0.0612,0.8176,0.4825,12,0.8402,False,0.1975,0.7776,0.6348,0.9021,focused_or_low_friction,synthetic_bootstrap
syn_02407,bootstrap_user_07,support_lookup,support_lookup_007,266.5,4.556,0.0304,0.639,0.1466,511.8,0.0937,0.7757,0.3046,8,0.7943,True,0.2521,0.6737,0.6063,0.912,focused_or_low_friction,synthetic_bootstrap
syn_02408,bootstrap_user_08,repetitive_admin,repetitive_admin_008,522.4,2.982,0.066,0.7481,0.1777,97.6,0.057,0.6911,0.2374,8,0.8325,True,0.2138,0.7209,0.6991,0.9296,automation_candidate,synthetic_bootstrap
syn_02409,bootstrap_user_09,repetitive_admin,repetitive_admin_009,589.4,2.593,0.123,0.8661,0.1213,556.5,0.0612,0.8093,0.4209,7,0.8952,True,0.2233,0.7682,0.6995,0.9008,automation_candidate,synthetic_bootstrap
syn_02410,bootstrap_user_10,research_browsing,research_browsing_010,1156.4,2.333,0.188,0.1953,0.0,752.4,0.1116,0.6097,0.7901,0,0.1682,True,0.2784,0.6341,0.2289,0.5172,focused_or_low_friction,synthetic_bootstrap
syn_02411,bootstrap_user_11,coding_debugging,coding_debugging_011,1093.3,1.803,0.2484,0.206,0.4444,1281.1,0.1119,0.5646,0.5871,0,0.6229,True,0.4154,0.6511,0.3312,0.6553,moderate_friction,synthetic_bootstrap
syn_02412,bootstrap_user_12,research_browsing,research_browsing_012,724.7,1.528,0.1601,0.2007,0.1514,504.0,0.0869,0.5657,0.7356,2,0.3538,True,0.2653,0.67,0.3147,0.6152,focused_or_low_friction,synthetic_bootstrap
syn_02413,bootstrap_user_01,support_lookup,support_lookup_013,378.0,2.156,0.0796,0.6109,0.0,481.9,0.0854,0.6997,0.3687,6,0.7472,True,0.2522,0.7086,0.5703,0.8476,focused_or_low_friction,synthetic_bootstrap
syn_02414,bootstrap_user_02,support_lookup,support_lookup_014,186.2,4.969,0.1864,0.47,0.1746,714.7,0.0129,0.6526,0.3828,0,0.5779,True,0.2578,0.6895,0.3483,0.6685,focused_or_low_friction,synthetic_bootstrap
syn_02415,bootstrap_user_03,support_lookup,support_lookup_015,247.8,3.229,0.2691,0.6434,0.1497,216.1,0.0412,0.6736,0.4098,5,0.7399,True,0.2405,0.7647,0.5307,0.8183,focused_or_low_friction,synthetic_bootstrap
syn_02416,bootstrap_user_04,deep_work,deep_work_016,1819.9,0.233,0.0182,0.1329,0.1465,414.2,0.0737,0.7605,0.5058,2,0.3195,True,0.1672,0.7817,0.3198,0.6342,focused_or_low_friction,synthetic_bootstrap
syn_02417,bootstrap_user_05,repetitive_admin,repetitive_admin_017,226.3,3.418,0.1162,0.9049,0.0453,207.5,0.0376,0.7948,0.0002,12,0.8433,False,0.1261,0.8049,0.7107,0.9608,automation_candidate,synthetic_bootstrap
syn_02418,bootstrap_user_06,support_lookup,support_lookup_018,66.1,5.177,0.1352,0.5691,0.1522,530.1,0.0132,0.7273,0.5232,8,0.7035,True,0.2308,0.7044,0.5613,0.8631,focused_or_low_friction,synthetic_bootstrap
syn_02419,bootstrap_user_07,deep_work,deep_work_019,1420.3,0.508,0.1311,0.1153,0.1757,423.3,0.1267,0.8506,0.7507,1,0.3366,True,0.2143,0.7195,0.2393,0.5866,focused_or_low_friction,synthetic_bootstrap
syn_02420,bootstrap_user_08,research_browsing,research_browsing_020,1478.8,2.278,0.1709,0.2166,0.1849,598.9,0.2086,0.4484,0.8985,2,0.325,True,0.3683,0.5074,0.3224,0.5884,moderate_friction,synthetic_bootstrap
syn_02421,bootstrap_user_09,deep_work,deep_work_021,1478.9,0.203,0.1593,0.2413,0.0661,548.2,0.0851,0.7918,0.7765,1,0.087,True,0.1916,0.7284,0.226,0.5211,focused_or_low_friction,synthetic_bootstrap
syn_02422,bootstrap_user_10,repetitive_admin,repetitive_admin_022,186.1,2.837,0.0675,0.8357,0.1007,317.0,0.0657,0.7303,0.2531,8,1.0,True,0.1615,0.7821,0.6914,0.9696,automation_candidate,synthetic_bootstrap
syn_02423,bootstrap_user_11,coding_debugging,coding_debugging_023,1216.9,1.904,0.2366,0.1325,0.318,621.4,0.0782,0.6786,0.8887,3,0.4053,True,0.3696,0.6623,0.3492,0.6322,moderate_friction,synthetic_bootstrap
syn_02424,bootstrap_user_12,deep_work,deep_work_024,1932.3,0.157,0.0995,0.08,0.1097,317.7,0.1036,0.8078,0.5655,1,0.6147,True,0.1748,0.7444,0.3776,0.6783,focused_or_low_friction,synthetic_bootstrap
syn_02425,bootstrap_user_01,research_browsing,research_browsing_025,1758.2,3.205,0.3026,0.1996,0.1003,518.3,0.092,0.5243,0.8008,0,0.4236,True,0.3594,0.607,0.3237,0.5798,moderate_friction,synthetic_bootstrap
syn_02426,bootstrap_user_02,coding_debugging,coding_debugging_026,829.0,1.856,0.2894,0.1679,0.3606,645.0,0.0463,0.6078,0.6506,2,0.4124,True,0.3517,0.7202,0.3348,0.64,moderate_friction,synthetic_bootstrap
syn_02427,bootstrap_user_03,deep_work,deep_work_027,1790.4,1.086,0.0904,0.3004,0.0781,664.0,0.0266,0.7255,0.8484,1,0.2099,True,0.2481,0.7424,0.2929,0.5432,focused_or_low_friction,synthetic_bootstrap
syn_02428,bootstrap_user_04,coding_debugging,coding_debugging_028,265.5,1.778,0.3897,0.1616,0.1728,578.2,0.0695,0.6941,0.758,3,0.424,True,0.2635,0.6806,0.3043,0.6525,focused_or_low_friction,synthetic_bootstrap
syn_02429,bootstrap_user_05,coding_debugging,coding_debugging_029,676.7,1.284,0.1551,0.3232,0.2958,924.4,0.0746,0.678,0.6912,0,0.5492,True,0.2786,0.7191,0.3185,0.6244,focused_or_low_friction,synthetic_bootstrap
syn_02430,bootstrap_user_06,coding_debugging,coding_debugging_030,1293.8,1.664,0.2628,0.3539,0.3642,734.1,0.0949,0.3283,0.6378,3,0.313,True,0.4208,0.6427,0.3818,0.6392,moderate_friction,synthetic_bootstrap
syn_02431,bootstrap_user_07,research_browsing,research_browsing_031,1787.5,3.797,0.1321,0.1218,0.1902,404.3,0.0795,0.8159,0.7545,3,0.1774,True,0.3318,0.6481,0.316,0.5913,moderate_friction,synthetic_bootstrap
syn_02432,bootstrap_user_08,coding_debugging,coding_debugging_032,1435.0,1.388,0.5264,0.3438,0.2643,718.9,0.1956,0.571,0.6728,4,0.2239,False,0.4417,0.5217,0.342,0.6352,high_friction,synthetic_bootstrap
syn_02433,bootstrap_user_09,support_lookup,support_lookup_033,266.9,5.126,0.1257,0.4666,0.1728,615.1,0.0491,0.7521,0.3866,12,0.8564,True,0.2778,0.6826,0.6421,0.9177,focused_or_low_friction,synthetic_bootstrap
syn_02434,bootstrap_user_10,repetitive_admin,repetitive_admin_034,374.5,2.073,0.1553,0.84,0.0759,407.2,0.021,0.693,0.2318,10,0.8805,True,0.1797,0.7761,0.7347,0.9423,automation_candidate,synthetic_bootstrap
syn_02435,bootstrap_user_11,coding_debugging,coding_debugging_035,161.5,2.58,0.2841,0.2134,0.2992,607.6,0.1326,0.4655,0.7528,1,0.3602,True,0.349,0.5699,0.2336,0.5922,moderate_friction,synthetic_bootstrap
syn_02436,bootstrap_user_12,research_browsing,research_browsing_036,1816.5,4.149,0.2478,0.2346,0.2012,339.1,0.1638,0.7654,0.8347,4,0.5129,True,0.3588,0.5427,0.4127,0.688,moderate_friction,synthetic_bootstrap
syn_02437,bootstrap_user_01,support_lookup,support_lookup_037,531.1,5.247,0.1837,0.4367,0.1226,306.6,0.0828,0.4098,0.5122,5,0.6208,True,0.3935,0.5707,0.5308,0.7762,moderate_friction,synthetic_bootstrap
syn_02438,bootstrap_user_02,coding_debugging,coding_debugging_038,1271.4,2.916,0.2526,0.2827,0.1692,847.1,0.0621,0.7552,0.7276,3,0.4567,True,0.3001,0.6762,0.3833,0.6644,moderate_friction,synthetic_bootstrap
syn_02439,bootstrap_user_03,support_lookup,support_lookup_039,55.0,3.07,0.2738,0.6161,0.099,659.2,0.0635,0.7213,0.3955,8,0.745,True,0.2231,0.7126,0.5583,0.8888,focused_or_low_friction,synthetic_bootstrap
syn_02440,bootstrap_user_04,coding_debugging,coding_debugging_040,1030.7,1.812,0.5317,0.3819,0.3142,527.7,0.0,0.688,0.8466,3,0.1805,True,0.3293,0.7118,0.408,0.581,moderate_friction,synthetic_bootstrap
syn_02441,bootstrap_user_05,research_browsing,research_browsing_041,1744.7,3.634,0.2159,0.2132,0.0638,772.1,0.1003,0.4813,0.8652,0,0.2346,True,0.4241,0.5652,0.2691,0.5248,moderate_friction,synthetic_bootstrap
syn_02442,bootstrap_user_06,deep_work,deep_work_042,1774.5,0.931,0.158,0.2236,0.1364,461.8,0.0372,0.7075,0.6499,2,0.2898,True,0.1883,0.758,0.3604,0.6095,focused_or_low_friction,synthetic_bootstrap
syn_02443,bootstrap_user_07,repetitive_admin,repetitive_admin_043,535.0,2.894,0.0702,0.8339,0.1151,463.1,0.0447,0.6415,0.2785,14,0.7873,True,0.2901,0.7569,0.7293,0.9134,automation_candidate,synthetic_bootstrap
syn_02444,bootstrap_user_08,support_lookup,support_lookup_044,125.0,5.048,0.1208,0.4179,0.0623,557.5,0.0126,0.5214,0.4215,6,0.6986,True,0.2665,0.7211,0.4988,0.8291,focused_or_low_friction,synthetic_bootstrap
syn_02445,bootstrap_user_09,support_lookup,support_lookup_045,249.3,5.279,0.1897,0.3894,0.0123,356.3,0.0127,0.6872,0.2995,8,0.8341,True,0.222,0.7307,0.5225,0.9226,focused_or_low_friction,synthetic_bootstrap
syn_02446,bootstrap_user_10,support_lookup,support_lookup_046,331.1,5.767,0.2379,0.597,0.1383,244.0,0.0072,0.7067,0.5039,3,0.7915,True,0.2906,0.673,0.5372,0.7749,focused_or_low_friction,synthetic_bootstrap
syn_02447,bootstrap_user_11,deep_work,deep_work_047,1854.1,0.851,0.0309,0.1475,0.0701,388.0,0.0583,0.8178,0.5932,2,0.3062,True,0.1065,0.8137,0.3282,0.6204,focused_or_low_friction,synthetic_bootstrap
syn_02448,bootstrap_user_12,support_lookup,support_lookup_048,179.5,5.118,0.098,0.5801,0.0835,470.0,0.0794,0.6198,0.3226,9,0.7962,True,0.2624,0.6744,0.6179,0.9103,focused_or_low_friction,synthetic_bootstrap
syn_02449,bootstrap_user_01,support_lookup,support_lookup_049,127.5,2.771,0.2599,0.5826,0.0,388.6,0.0468,0.6287,0.4441,4,0.8836,True,0.1827,0.7099,0.503,0.8276,focused_or_low_friction,synthetic_bootstrap
syn_02450,bootstrap_user_02,support_lookup,support_lookup_050,264.0,4.755,0.133,0.6921,0.0901,978.3,0.0204,0.9298,0.2554,10,0.8727,True,0.2835,0.7739,0.6726,0.9375,focused_or_low_friction,synthetic_bootstrap
syn_02451,bootstrap_user_03,coding_debugging,coding_debugging_051,1166.5,1.886,0.2324,0.2741,0.2096,554.8,0.1477,0.6571,0.5893,1,0.1209,True,0.3344,0.6072,0.3206,0.552,moderate_friction,synthetic_bootstrap
syn_02452,bootstrap_user_04,coding_debugging,coding_debugging_052,1993.5,0.815,0.2123,0.0839,0.3949,755.0,0.0801,0.635,0.6643,2,0.4585,True,0.3719,0.708,0.3428,0.6499,moderate_friction,synthetic_bootstrap
syn_02453,bootstrap_user_05,coding_debugging,coding_debugging_053,1370.7,2.725,0.115,0.3808,0.3059,693.8,0.0548,0.8288,0.956,5,0.437,True,0.3634,0.6801,0.459,0.677,moderate_friction,synthetic_bootstrap
syn_02454,bootstrap_user_06,coding_debugging,coding_debugging_054,1202.2,3.927,0.438,0.2262,0.4525,779.0,0.0727,0.5786,0.7347,1,0.3475,True,0.4325,0.5918,0.3917,0.5912,moderate_friction,synthetic_bootstrap
syn_02455,bootstrap_user_07,coding_debugging,coding_debugging_055,1511.3,2.587,0.1118,0.1539,0.2803,1030.3,0.0722,0.4758,0.8648,1,0.2621,True,0.4151,0.6124,0.2946,0.5542,moderate_friction,synthetic_bootstrap
syn_02456,bootstrap_user_08,support_lookup,support_lookup_056,167.4,3.686,0.1771,0.3553,0.1578,272.9,0.0318,0.76,0.4226,7,0.6192,True,0.1997,0.7388,0.4753,0.8316,focused_or_low_friction,synthetic_bootstrap
syn_02457,bootstrap_user_09,coding_debugging,coding_debugging_057,1997.4,2.753,0.2212,0.3614,0.241,97.8,0.0375,0.3491,0.6816,2,0.197,True,0.3302,0.6416,0.3398,0.5825,moderate_friction,synthetic_bootstrap
syn_02458,bootstrap_user_10,deep_work,deep_work_058,2305.0,0.876,0.1602,0.1136,0.1972,450.5,0.0589,1.0,0.4971,1,0.1502,False,0.1389,0.8389,0.234,0.5704,focused_or_low_friction,synthetic_bootstrap
syn_02459,bootstrap_user_11,repetitive_admin,repetitive_admin_059,381.8,4.092,0.1478,0.7697,0.1286,589.2,0.0124,0.7835,0.2528,7,0.7391,True,0.2257,0.8108,0.5947,0.8819,focused_or_low_friction,synthetic_bootstrap
syn_02460,bootstrap_user_12,support_lookup,support_lookup_060,45.0,4.293,0.0795,0.6019,0.143,502.0,0.0471,0.6443,0.4532,3,0.8628,True,0.2566,0.6646,0.5006,0.7988,focused_or_low_friction,synthetic_bootstrap
syn_02461,bootstrap_user_01,research_browsing,research_browsing_001,1299.1,3.106,0.3063,0.1143,0.0987,716.7,0.095,0.666,0.8264,1,0.4513,True,0.3188,0.5874,0.3182,0.6062,moderate_friction,synthetic_bootstrap
syn_02462,bootstrap_user_02,coding_debugging,coding_debugging_002,1301.4,0.208,0.1919,0.1823,0.1562,514.3,0.1069,0.5562,0.679,0,0.3901,False,0.324,0.7225,0.2867,0.5861,moderate_friction,synthetic_bootstrap
syn_02463,bootstrap_user_03,deep_work,deep_work_003,1238.8,1.185,0.1096,0.3,0.1971,85.2,0.1263,0.8022,0.7349,2,0.4383,True,0.1678,0.6677,0.406,0.6364,focused_or_low_friction,synthetic_bootstrap
syn_02464,bootstrap_user_04,support_lookup,support_lookup_004,172.8,6.534,0.1188,0.5705,0.1005,242.6,0.0139,0.7512,0.1708,14,0.7806,True,0.2257,0.6742,0.6487,0.9247,focused_or_low_friction,synthetic_bootstrap
syn_02465,bootstrap_user_05,repetitive_admin,repetitive_admin_005,389.2,1.934,0.0821,0.9031,0.0873,431.9,0.0264,0.6209,0.2559,0,0.7723,True,0.1434,0.8185,0.5327,0.7324,focused_or_low_friction,synthetic_bootstrap
syn_02466,bootstrap_user_06,coding_debugging,coding_debugging_006,821.1,2.804,0.0991,0.1056,0.4117,1373.2,0.1342,0.6619,0.6618,2,0.4518,True,0.4039,0.6406,0.3313,0.6485,moderate_friction,synthetic_bootstrap
syn_02467,bootstrap_user_07,research_browsing,research_browsing_007,1658.5,2.262,0.2326,0.2293,0.0734,426.2,0.1281,0.5638,0.8109,3,0.4569,True,0.3394,0.5776,0.3663,0.6544,moderate_friction,synthetic_bootstrap
syn_02468,bootstrap_user_08,support_lookup,support_lookup_008,305.5,3.864,0.216,0.514,0.2065,554.9,0.0638,0.6117,0.5704,3,0.7197,True,0.3427,0.641,0.4476,0.749,moderate_friction,synthetic_bootstrap
syn_02469,bootstrap_user_09,support_lookup,support_lookup_009,230.9,4.423,0.3043,0.6987,0.1612,441.8,0.0755,0.5045,0.38,7,0.9721,True,0.3209,0.6091,0.6106,0.9249,moderate_friction,synthetic_bootstrap
syn_02470,bootstrap_user_10,repetitive_admin,repetitive_admin_010,375.8,4.502,0.1449,0.7822,0.1124,250.8,0.0287,0.7868,0.2021,2,0.7734,True,0.197,0.7682,0.5398,0.7841,focused_or_low_friction,synthetic_bootstrap
syn_02471,bootstrap_user_11,support_lookup,support_lookup_011,297.9,3.976,0.2157,0.5579,0.1352,425.1,0.0576,0.6328,0.3629,7,0.7405,True,0.299,0.7006,0.5474,0.8691,focused_or_low_friction,synthetic_bootstrap
syn_02472,bootstrap_user_12,research_browsing,research_browsing_012,906.5,3.095,0.2803,0.0733,0.0339,504.3,0.1004,0.3164,0.8459,2,0.0179,True,0.3253,0.5011,0.2518,0.518,moderate_friction,synthetic_bootstrap
syn_02473,bootstrap_user_01,coding_debugging,coding_debugging_013,1184.1,2.81,0.1668,0.2811,0.2339,730.0,0.1176,0.6023,0.8008,3,0.3552,True,0.383,0.6001,0.4149,0.6302,moderate_friction,synthetic_bootstrap
syn_02474,bootstrap_user_02,support_lookup,support_lookup_014,236.5,4.146,0.1804,0.6031,0.0945,391.3,0.0302,0.6711,0.4918,9,0.8288,True,0.2556,0.6841,0.5813,0.8982,focused_or_low_friction,synthetic_bootstrap
syn_02475,bootstrap_user_03,repetitive_admin,repetitive_admin_015,410.9,2.688,0.1566,0.8323,0.0107,361.1,0.0,0.7318,0.2697,15,0.9781,False,0.1587,0.7998,0.7211,0.9622,automation_candidate,synthetic_bootstrap
syn_02476,bootstrap_user_04,deep_work,deep_work_016,2563.3,0.39,0.0607,0.078,0.0271,509.9,0.0861,0.642,0.5498,2,0.3413,True,0.233,0.7231,0.2813,0.6344,focused_or_low_friction,synthetic_bootstrap
syn_02477,bootstrap_user_05,deep_work,deep_work_017,2059.0,0.508,0.0956,0.0583,0.0488,129.2,0.0,0.7819,0.725,1,0.4892,True,0.0855,0.8344,0.2703,0.6278,focused_or_low_friction,synthetic_bootstrap
syn_02478,bootstrap_user_06,repetitive_admin,repetitive_admin_018,438.9,0.915,0.1035,0.8043,0.1032,347.4,0.0485,0.6953,0.2502,11,0.8,True,0.1397,0.8369,0.6728,0.92,focused_or_low_friction,synthetic_bootstrap
syn_02479,bootstrap_user_07,repetitive_admin,repetitive_admin_019,230.6,4.022,0.1139,0.6244,0.1135,328.5,0.0013,0.8214,0.1905,20,0.82,True,0.208,0.8127,0.6666,0.9321,focused_or_low_friction,synthetic_bootstrap
syn_02480,bootstrap_user_08,research_browsing,research_browsing_020,1513.7,1.443,0.0201,0.3319,0.0191,998.4,0.1336,0.5945,0.7582,4,0.2104,True,0.3218,0.627,0.3276,0.6216,moderate_friction,synthetic_bootstrap
syn_02481,bootstrap_user_09,support_lookup,support_lookup_021,248.9,5.061,0.3261,0.884,0.0178,698.2,0.0289,0.5613,0.2949,5,0.6778,True,0.359,0.6906,0.5874,0.8166,moderate_friction,synthetic_bootstrap
syn_02482,bootstrap_user_10,repetitive_admin,repetitive_admin_022,267.2,4.384,0.1131,0.6448,0.0122,443.3,0.0384,0.7589,0.2918,10,0.8733,True,0.2056,0.7605,0.6806,0.9333,automation_candidate,synthetic_bootstrap
syn_02483,bootstrap_user_11,deep_work,deep_work_023,1214.6,1.278,0.0,0.2271,0.058,592.5,0.1377,0.8343,0.6753,1,0.2935,True,0.1779,0.6565,0.3307,0.5849,focused_or_low_friction,synthetic_bootstrap
syn_02484,bootstrap_user_12,repetitive_admin,repetitive_admin_024,544.7,3.243,0.0727,0.5808,0.0486,405.8,0.0,0.7782,0.2873,13,0.9161,True,0.1664,0.8034,0.7323,0.9446,automation_candidate,synthetic_bootstrap
syn_02485,bootstrap_user_01,coding_debugging,coding_debugging_025,1232.5,2.738,0.2108,0.2885,0.148,1023.2,0.0422,0.3928,0.9462,3,0.435,True,0.4169,0.627,0.3784,0.6327,moderate_friction,synthetic_bootstrap
syn_02486,bootstrap_user_02,repetitive_admin,repetitive_admin_026,553.5,4.371,0.1515,0.4601,0.0339,599.3,0.0525,0.7478,0.1968,5,0.9554,True,0.2954,0.7483,0.6058,0.8977,focused_or_low_friction,synthetic_bootstrap
syn_02487,bootstrap_user_03,coding_debugging,coding_debugging_027,1068.3,1.117,0.1238,0.3715,0.2967,904.0,0.1105,0.6388,0.7545,4,0.3125,True,0.3088,0.6749,0.3707,0.6476,moderate_friction,synthetic_bootstrap
syn_02488,bootstrap_user_04,coding_debugging,coding_debugging_028,1025.0,1.606,0.2827,0.3135,0.3076,1289.8,0.1398,0.5849,0.7114,3,0.5186,True,0.431,0.5833,0.4386,0.6818,moderate_friction,synthetic_bootstrap
syn_02489,bootstrap_user_05,deep_work,deep_work_029,2350.0,0.935,0.0,0.0074,0.1181,80.0,0.1044,0.8988,0.7935,1,0.4026,True,0.1311,0.7505,0.3031,0.5979,focused_or_low_friction,synthetic_bootstrap
syn_02490,bootstrap_user_06,coding_debugging,coding_debugging_030,1410.2,1.747,0.3614,0.3698,0.4166,1047.0,0.0204,0.6538,0.7846,4,0.4922,True,0.3699,0.7235,0.4624,0.6889,moderate_friction,synthetic_bootstrap
syn_02491,bootstrap_user_07,research_browsing,research_browsing_031,1801.4,4.696,0.1401,0.3007,0.1407,608.8,0.0646,0.6036,0.8229,2,0.2248,True,0.3568,0.6223,0.397,0.5724,moderate_friction,synthetic_bootstrap
syn_02492,bootstrap_user_08,support_lookup,support_lookup_032,178.7,4.372,0.2578,0.6559,0.0424,675.7,0.0418,0.68,0.2507,9,0.7479,True,0.2564,0.706,0.6058,0.9069,focused_or_low_friction,synthetic_bootstrap
syn_02493,bootstrap_user_09,deep_work,deep_work_033,1262.8,1.609,0.0893,0.1047,0.07,453.2,0.1198,0.7484,0.6431,1,0.5351,True,0.2361,0.6884,0.3736,0.6491,focused_or_low_friction,synthetic_bootstrap
syn_02494,bootstrap_user_10,research_browsing,research_browsing_034,1983.6,3.766,0.2899,0.1324,0.1914,596.1,0.138,0.6612,0.6903,2,0.3244,True,0.3999,0.5958,0.3177,0.6133,moderate_friction,synthetic_bootstrap
syn_02495,bootstrap_user_11,research_browsing,research_browsing_035,715.6,2.355,0.287,0.2473,0.1303,850.6,0.1228,0.5178,0.7244,0,0.2727,True,0.3406,0.5894,0.2522,0.5513,moderate_friction,synthetic_bootstrap
syn_02496,bootstrap_user_12,support_lookup,support_lookup_036,517.9,3.309,0.1896,0.7504,0.1121,374.8,0.0843,0.526,0.5516,7,0.7647,True,0.3219,0.6372,0.6586,0.8525,moderate_friction,synthetic_bootstrap
syn_02497,bootstrap_user_01,support_lookup,support_lookup_037,283.3,4.716,0.2109,0.9273,0.0879,801.8,0.048,0.5896,0.3512,6,0.8462,True,0.3385,0.6619,0.6352,0.8744,moderate_friction,synthetic_bootstrap
syn_02498,bootstrap_user_02,repetitive_admin,repetitive_admin_038,225.6,2.835,0.089,0.6688,0.0145,392.8,0.0263,0.5928,0.2252,5,0.8633,True,0.1381,0.7619,0.5128,0.8713,focused_or_low_friction,synthetic_bootstrap
syn_02499,bootstrap_user_03,coding_debugging,coding_debugging_039,1611.7,3.368,0.4361,0.181,0.4297,885.8,0.0589,0.5409,0.7028,3,0.4708,True,0.4739,0.6412,0.4042,0.6709,high_friction,synthetic_bootstrap
syn_02500,bootstrap_user_04,support_lookup,support_lookup_040,242.9,4.039,0.1709,0.4429,0.0598,960.3,0.0105,0.6872,0.3977,10,0.8267,True,0.2973,0.7709,0.5958,0.9089,focused_or_low_friction,synthetic_bootstrap
syn_02501,bootstrap_user_05,deep_work,deep_work_041,2571.0,0.811,0.0999,0.1205,0.098,488.7,0.0,0.8085,0.769,0,0.2316,True,0.239,0.8045,0.2479,0.5356,focused_or_low_friction,synthetic_bootstrap
syn_02502,bootstrap_user_06,coding_debugging,coding_debugging_042,1064.9,3.259,0.2213,0.2021,0.4341,519.1,0.0751,0.6246,0.8724,1,0.3205,False,0.3832,0.6189,0.332,0.5679,moderate_friction,synthetic_bootstrap
syn_02503,bootstrap_user_07,research_browsing,research_browsing_043,1414.8,1.342,0.2291,0.2986,0.034,477.5,0.0902,0.5399,0.9473,1,0.1642,False,0.277,0.6412,0.2705,0.5199,focused_or_low_friction,synthetic_bootstrap
syn_02504,bootstrap_user_08,research_browsing,research_browsing_044,1579.5,1.275,0.261,0.1974,0.0872,378.8,0.1208,0.6669,0.7575,1,0.3953,True,0.309,0.6498,0.3126,0.6004,moderate_friction,synthetic_bootstrap
syn_02505,bootstrap_user_09,repetitive_admin,repetitive_admin_045,415.9,1.875,0.1107,0.8544,0.0816,298.7,0.0285,0.7371,0.1565,4,0.9826,True,0.1467,0.8437,0.6299,0.8869,focused_or_low_friction,synthetic_bootstrap
syn_02506,bootstrap_user_10,deep_work,deep_work_046,1844.3,1.188,0.0026,0.2103,0.0609,398.5,0.1569,0.7078,0.7391,3,0.268,True,0.1994,0.6374,0.3246,0.6158,focused_or_low_friction,synthetic_bootstrap
syn_02507,bootstrap_user_11,research_browsing,research_browsing_047,1796.3,2.6,0.3036,0.2921,0.1216,765.6,0.0803,0.2652,0.8469,3,0.3291,True,0.415,0.5682,0.4028,0.6182,moderate_friction,synthetic_bootstrap
syn_02508,bootstrap_user_12,research_browsing,research_browsing_048,1682.8,4.477,0.3414,0.0823,0.136,511.0,0.0546,0.5457,0.9403,1,0.089,True,0.4059,0.5483,0.1918,0.5019,moderate_friction,synthetic_bootstrap
syn_02509,bootstrap_user_01,support_lookup,support_lookup_049,119.5,4.5,0.2424,0.5621,0.1424,684.7,0.0365,0.6479,0.2939,8,0.7288,True,0.2808,0.7289,0.5609,0.8969,focused_or_low_friction,synthetic_bootstrap
syn_02510,bootstrap_user_02,coding_debugging,coding_debugging_050,1553.1,3.027,0.2846,0.1803,0.213,367.5,0.1595,0.5736,0.5495,4,0.4332,True,0.3662,0.5555,0.4206,0.7024,moderate_friction,synthetic_bootstrap
syn_02511,bootstrap_user_03,support_lookup,support_lookup_051,312.9,3.964,0.2851,0.7429,0.1382,320.2,0.0225,0.7799,0.1193,6,0.8047,True,0.2539,0.7887,0.6017,0.8919,focused_or_low_friction,synthetic_bootstrap
syn_02512,bootstrap_user_04,support_lookup,support_lookup_052,348.1,4.999,0.1656,0.5126,0.1055,899.9,0.0373,0.8131,0.1669,4,0.7357,True,0.3192,0.7756,0.5149,0.8239,moderate_friction,synthetic_bootstrap
syn_02513,bootstrap_user_05,deep_work,deep_work_053,1773.1,0.652,0.1813,0.0604,0.0646,274.0,0.1029,0.7287,0.8622,2,0.3995,True,0.205,0.6864,0.2865,0.6114,focused_or_low_friction,synthetic_bootstrap
syn_02514,bootstrap_user_06,deep_work,deep_work_054,2059.6,0.43,0.0304,0.2157,0.0899,88.8,0.061,0.9424,0.664,1,0.1706,True,0.0926,0.8242,0.2743,0.5555,focused_or_low_friction,synthetic_bootstrap
syn_02515,bootstrap_user_07,repetitive_admin,repetitive_admin_055,365.5,2.438,0.2116,0.6354,0.0519,348.4,0.0469,0.7834,0.373,11,1.0,True,0.202,0.7588,0.7245,0.9552,automation_candidate,synthetic_bootstrap
syn_02516,bootstrap_user_08,research_browsing,research_browsing_056,1437.8,0.767,0.2591,0.2013,0.1379,490.8,0.1264,0.5475,0.7463,2,0.3183,True,0.3058,0.6463,0.2864,0.605,moderate_friction,synthetic_bootstrap
syn_02517,bootstrap_user_09,deep_work,deep_work_057,2497.3,0.45,0.1251,0.171,0.0968,586.9,0.0,0.7741,0.7546,3,0.3471,True,0.2067,0.8188,0.3518,0.6337,focused_or_low_friction,synthetic_bootstrap
syn_02518,bootstrap_user_10,repetitive_admin,repetitive_admin_058,427.3,1.923,0.1778,0.7882,0.052,473.6,0.0336,0.7132,0.227,7,0.9325,False,0.2316,0.8128,0.6434,0.9334,focused_or_low_friction,synthetic_bootstrap
syn_02519,bootstrap_user_11,support_lookup,support_lookup_059,262.1,3.209,0.0495,0.5055,0.0152,276.5,0.0113,0.7824,0.2187,6,0.9017,True,0.1535,0.8175,0.5526,0.9042,focused_or_low_friction,synthetic_bootstrap
syn_02520,bootstrap_user_12,repetitive_admin,repetitive_admin_060,736.8,3.613,0.1601,0.992,0.0911,529.2,0.0643,0.7817,0.1837,3,0.819,True,0.3176,0.7804,0.6862,0.8202,moderate_friction,synthetic_bootstrap
syn_02521,bootstrap_user_01,deep_work,deep_work_001,2068.9,1.044,0.0746,0.1243,0.0158,422.5,0.0758,0.9108,0.8033,2,0.5976,True,0.1993,0.7508,0.3212,0.668,focused_or_low_friction,synthetic_bootstrap
syn_02522,bootstrap_user_02,support_lookup,support_lookup_002,217.5,6.069,0.1589,0.5594,0.1098,449.9,0.0958,0.8485,0.3607,8,0.8872,True,0.2493,0.633,0.6152,0.9285,focused_or_low_friction,synthetic_bootstrap
syn_02523,bootstrap_user_03,repetitive_admin,repetitive_admin_003,479.1,1.408,0.0938,0.6316,0.1153,289.2,0.0362,0.6954,0.3591,12,0.8995,True,0.2242,0.7709,0.692,0.9318,automation_candidate,synthetic_bootstrap
syn_02524,bootstrap_user_04,coding_debugging,coding_debugging_004,933.6,1.069,0.2448,0.3131,0.4455,430.3,0.1309,0.8262,0.9031,0,0.725,True,0.2427,0.6344,0.4444,0.6429,focused_or_low_friction,synthetic_bootstrap
syn_02525,bootstrap_user_05,research_browsing,research_browsing_005,1530.1,2.369,0.226,0.2237,0.071,622.0,0.1548,0.4959,0.6914,1,0.1933,True,0.305,0.5698,0.3178,0.5579,moderate_friction,synthetic_bootstrap
syn_02526,bootstrap_user_06,deep_work,deep_work_006,1394.1,0.507,0.0706,0.0771,0.1392,290.0,0.059,0.7589,0.7807,1,0.5892,True,0.1884,0.754,0.3013,0.6461,focused_or_low_friction,synthetic_bootstrap
syn_02527,bootstrap_user_07,research_browsing,research_browsing_007,1333.4,2.253,0.0401,0.2611,0.1016,495.9,0.1288,0.5856,0.9128,2,0.2812,True,0.2836,0.6007,0.3534,0.5758,focused_or_low_friction,synthetic_bootstrap
syn_02528,bootstrap_user_08,research_browsing,research_browsing_008,765.7,2.05,0.1823,0.1582,0.1578,338.8,0.1085,0.5139,0.936,3,0.3286,True,0.2399,0.6308,0.2815,0.6073,focused_or_low_friction,synthetic_bootstrap
syn_02529,bootstrap_user_09,research_browsing,research_browsing_009,1978.5,3.607,0.2438,0.2772,0.1498,673.6,0.0889,0.5948,0.7918,2,0.4225,True,0.3972,0.5828,0.3921,0.6256,moderate_friction,synthetic_bootstrap
syn_02530,bootstrap_user_10,coding_debugging,coding_debugging_010,336.8,1.482,0.3467,0.3285,0.2979,832.3,0.1185,0.685,0.6999,1,0.4742,True,0.3043,0.6418,0.2972,0.6271,moderate_friction,synthetic_bootstrap
syn_02531,bootstrap_user_11,coding_debugging,coding_debugging_011,2185.9,1.335,0.2623,0.2035,0.1746,439.7,0.1284,0.688,0.664,5,0.1049,False,0.3202,0.6537,0.3184,0.629,moderate_friction,synthetic_bootstrap
syn_02532,bootstrap_user_12,coding_debugging,coding_debugging_012,1009.5,2.637,0.4403,0.3202,0.3056,759.2,0.1551,0.8173,0.7838,2,0.4563,True,0.3668,0.5953,0.409,0.635,moderate_friction,synthetic_bootstrap
syn_02533,bootstrap_user_01,coding_debugging,coding_debugging_013,1624.1,1.321,0.0884,0.2007,0.3024,311.8,0.0696,0.7512,0.7733,3,0.2722,True,0.2727,0.7275,0.3447,0.6127,focused_or_low_friction,synthetic_bootstrap
syn_02534,bootstrap_user_02,deep_work,deep_work_014,1885.6,1.471,0.1088,0.1771,0.0857,527.7,0.0716,0.8352,0.6458,1,0.2401,True,0.1937,0.7881,0.3151,0.575,focused_or_low_friction,synthetic_bootstrap
syn_02535,bootstrap_user_03,research_browsing,research_browsing_015,1283.0,2.534,0.2754,0.3354,0.1398,271.6,0.1532,0.7048,0.9759,2,0.3166,True,0.2859,0.5346,0.3591,0.577,focused_or_low_friction,synthetic_bootstrap
syn_02536,bootstrap_user_04,support_lookup,support_lookup_016,105.7,2.72,0.2453,0.6847,0.1725,603.4,0.0603,0.7889,0.3135,5,0.7835,True,0.2307,0.7249,0.5196,0.8408,focused_or_low_friction,synthetic_bootstrap
syn_02537,bootstrap_user_05,coding_debugging,coding_debugging_017,1085.8,2.303,0.2306,0.2906,0.1389,888.1,0.1896,0.5433,0.7258,2,0.3878,False,0.4267,0.5437,0.3545,0.6249,moderate_friction,synthetic_bootstrap
syn_02538,bootstrap_user_06,repetitive_admin,repetitive_admin_018,302.3,3.262,0.0,0.8463,0.0594,430.5,0.0631,0.8269,0.3293,11,0.9415,True,0.2186,0.7755,0.7165,0.9459,automation_candidate,synthetic_bootstrap
syn_02539,bootstrap_user_07,deep_work,deep_work_019,1379.4,0.707,0.1001,0.1576,0.1814,379.8,0.1072,0.73,0.8983,0,0.5989,True,0.1527,0.7091,0.3293,0.6119,focused_or_low_friction,synthetic_bootstrap
syn_02540,bootstrap_user_08,support_lookup,support_lookup_020,214.7,5.07,0.2332,0.6739,0.1668,565.5,0.0795,0.6078,0.4442,5,0.6775,True,0.3165,0.639,0.4924,0.7986,moderate_friction,synthetic_bootstrap
syn_02541,bootstrap_user_09,support_lookup,support_lookup_021,369.4,3.552,0.0,0.463,0.0946,600.0,0.056,0.539,0.2744,3,0.8159,True,0.3061,0.6884,0.4795,0.8085,moderate_friction,synthetic_bootstrap
syn_02542,bootstrap_user_10,support_lookup,support_lookup_022,462.9,5.069,0.1563,0.4916,0.1654,795.9,0.0255,0.5546,0.3907,8,0.8383,False,0.3712,0.6806,0.6216,0.9127,moderate_friction,synthetic_bootstrap
syn_02543,bootstrap_user_11,repetitive_admin,repetitive_admin_023,526.6,2.552,0.0835,0.6649,0.1481,252.8,0.0403,0.8098,0.1711,9,0.708,True,0.1966,0.8249,0.612,0.9065,focused_or_low_friction,synthetic_bootstrap
syn_02544,bootstrap_user_12,repetitive_admin,repetitive_admin_024,454.2,3.161,0.1979,0.7965,0.022,271.8,0.0315,0.7562,0.2631,7,1.0,True,0.2396,0.7744,0.6272,0.9459,focused_or_low_friction,synthetic_bootstrap
syn_02545,bootstrap_user_01,support_lookup,support_lookup_025,279.1,5.643,0.2307,0.6533,0.1112,431.0,0.0869,0.6166,0.2896,8,0.76,True,0.3349,0.607,0.5822,0.9053,moderate_friction,synthetic_bootstrap
syn_02546,bootstrap_user_02,repetitive_admin,repetitive_admin_026,334.0,5.538,0.1057,0.811,0.0278,239.2,0.0443,0.8931,0.1509,5,0.9321,True,0.1908,0.7646,0.6336,0.8974,focused_or_low_friction,synthetic_bootstrap
syn_02547,bootstrap_user_03,research_browsing,research_browsing_027,688.5,1.74,0.1414,0.198,0.039,705.1,0.0942,0.5125,0.8708,1,0.4723,True,0.2452,0.6507,0.2702,0.6061,focused_or_low_friction,synthetic_bootstrap
syn_02548,bootstrap_user_04,deep_work,deep_work_028,2446.5,0.95,0.001,0.0464,0.0698,606.2,0.0732,0.8044,0.684,0,0.4489,True,0.2285,0.7564,0.2572,0.6001,focused_or_low_friction,synthetic_bootstrap
syn_02549,bootstrap_user_05,repetitive_admin,repetitive_admin_029,257.7,2.067,0.2559,0.7105,0.1162,490.5,0.0543,0.6562,0.3319,4,0.9082,True,0.211,0.7419,0.5907,0.8472,focused_or_low_friction,synthetic_bootstrap
syn_02550,bootstrap_user_06,repetitive_admin,repetitive_admin_030,54.9,5.531,0.0716,0.7052,0.0965,422.6,0.0753,0.7949,0.4837,11,0.8506,True,0.2192,0.6833,0.6826,0.9046,automation_candidate,synthetic_bootstrap
syn_02551,bootstrap_user_07,support_lookup,support_lookup_031,360.4,0.503,0.0002,0.619,0.1017,523.6,0.0976,0.7802,0.3792,2,0.6671,True,0.2204,0.7706,0.4609,0.7363,focused_or_low_friction,synthetic_bootstrap
syn_02552,bootstrap_user_08,support_lookup,support_lookup_032,84.8,1.104,0.11,0.7985,0.1861,232.9,0.0144,0.7361,0.3115,11,0.8645,True,0.119,0.8581,0.6947,0.9287,automation_candidate,synthetic_bootstrap
syn_02553,bootstrap_user_09,coding_debugging,coding_debugging_033,1164.0,2.159,0.2321,0.0798,0.1901,548.1,0.0178,0.4402,0.4752,1,0.5145,True,0.2987,0.7411,0.3954,0.6641,focused_or_low_friction,synthetic_bootstrap
syn_02554,bootstrap_user_10,research_browsing,research_browsing_034,2486.7,3.159,0.1946,0.147,0.1296,615.6,0.1024,0.5696,0.7246,0,0.2197,True,0.4202,0.6249,0.2641,0.538,moderate_friction,synthetic_bootstrap
syn_02555,bootstrap_user_11,repetitive_admin,repetitive_admin_035,301.4,4.825,0.055,0.7247,0.1476,396.1,0.0412,0.8444,0.2872,9,0.9812,True,0.2102,0.7348,0.6845,0.9608,automation_candidate,synthetic_bootstrap
syn_02556,bootstrap_user_12,coding_debugging,coding_debugging_036,1150.8,1.592,0.3051,0.2785,0.3203,809.0,0.0941,0.5992,0.7279,1,0.5978,True,0.3586,0.6578,0.4002,0.6546,moderate_friction,synthetic_bootstrap
syn_02557,bootstrap_user_01,deep_work,deep_work_037,2421.3,1.203,0.0846,0.2251,0.1018,242.3,0.1156,0.668,0.3283,2,0.4032,True,0.2419,0.7358,0.3674,0.6764,focused_or_low_friction,synthetic_bootstrap
syn_02558,bootstrap_user_02,repetitive_admin,repetitive_admin_038,539.5,2.486,0.1057,0.7503,0.0933,336.7,0.0353,0.6392,0.2013,15,0.8388,True,0.189,0.8419,0.7029,0.9355,automation_candidate,synthetic_bootstrap
syn_02559,bootstrap_user_03,support_lookup,support_lookup_039,142.5,4.227,0.1086,0.6674,0.0344,724.7,0.0882,0.6481,0.1779,4,0.7963,True,0.2189,0.7171,0.5366,0.8377,focused_or_low_friction,synthetic_bootstrap
syn_02560,bootstrap_user_04,deep_work,deep_work_040,1861.7,1.037,0.0718,0.1452,0.1128,595.6,0.0999,0.9368,0.6825,0,0.4806,True,0.1722,0.7374,0.3324,0.6083,focused_or_low_friction,synthetic_bootstrap
syn_02561,bootstrap_user_05,coding_debugging,coding_debugging_041,1266.8,1.049,0.3538,0.4274,0.3324,713.4,0.0165,0.8356,0.6683,0,0.4355,True,0.3393,0.7729,0.3872,0.5987,moderate_friction,synthetic_bootstrap
syn_02562,bootstrap_user_06,coding_debugging,coding_debugging_042,1100.2,3.079,0.3452,0.2671,0.3915,425.9,0.121,0.6344,0.715,2,0.4388,True,0.4408,0.6139,0.4277,0.6389,high_friction,synthetic_bootstrap
syn_02563,bootstrap_user_07,coding_debugging,coding_debugging_043,861.6,1.339,0.2567,0.2514,0.1552,904.8,0.1541,0.3641,0.63,4,0.4724,True,0.3805,0.5644,0.3976,0.7025,moderate_friction,synthetic_bootstrap
syn_02564,bootstrap_user_08,support_lookup,support_lookup_044,146.1,4.32,0.2615,0.5579,0.1423,511.0,0.0924,0.6137,0.5311,9,0.8144,True,0.2861,0.6029,0.5706,0.8899,focused_or_low_friction,synthetic_bootstrap
syn_02565,bootstrap_user_09,coding_debugging,coding_debugging_045,560.6,1.658,0.1769,0.2972,0.3587,1109.6,0.0833,0.5211,0.5731,3,0.6156,True,0.3449,0.6818,0.4143,0.7226,moderate_friction,synthetic_bootstrap
syn_02566,bootstrap_user_10,repetitive_admin,repetitive_admin_046,569.6,5.119,0.1499,0.7877,0.0704,366.0,0.0464,0.707,0.2928,10,0.8651,True,0.2873,0.6819,0.7516,0.9311,automation_candidate,synthetic_bootstrap
syn_02567,bootstrap_user_11,deep_work,deep_work_047,1593.4,0.28,0.1031,0.1909,0.047,562.2,0.1054,0.978,0.6565,1,0.2772,True,0.1546,0.7959,0.276,0.583,focused_or_low_friction,synthetic_bootstrap
syn_02568,bootstrap_user_12,deep_work,deep_work_048,2035.9,0.693,0.0,0.2002,0.0026,421.3,0.0742,0.8193,0.6847,2,0.3936,True,0.2219,0.7667,0.2984,0.6312,focused_or_low_friction,synthetic_bootstrap
syn_02569,bootstrap_user_01,coding_debugging,coding_debugging_049,465.5,2.792,0.1049,0.119,0.1646,898.9,0.1665,0.5062,0.7622,0,0.3157,False,0.3286,0.5665,0.1675,0.5575,moderate_friction,synthetic_bootstrap
syn_02570,bootstrap_user_02,research_browsing,research_browsing_050,982.5,3.498,0.2596,0.2214,0.1104,398.3,0.071,0.858,0.6992,0,0.3816,True,0.2891,0.7305,0.3289,0.5815,focused_or_low_friction,synthetic_bootstrap
syn_02571,bootstrap_user_03,deep_work,deep_work_051,1954.7,0.0,0.1316,0.0,0.023,471.3,0.1019,0.7013,0.6257,0,0.312,True,0.1793,0.7519,0.237,0.5729,focused_or_low_friction,synthetic_bootstrap
syn_02572,bootstrap_user_04,support_lookup,support_lookup_052,316.1,4.145,0.2374,0.6154,0.0854,622.7,0.0473,0.6271,0.4775,9,0.7603,True,0.2918,0.6694,0.5714,0.8828,focused_or_low_friction,synthetic_bootstrap
syn_02573,bootstrap_user_05,coding_debugging,coding_debugging_053,1099.2,2.861,0.3411,0.282,0.3137,738.6,0.1601,0.4399,0.6533,3,0.6339,True,0.4169,0.5037,0.4466,0.7176,moderate_friction,synthetic_bootstrap
syn_02574,bootstrap_user_06,research_browsing,research_browsing_054,1704.1,4.737,0.1936,0.1161,0.1035,294.8,0.1718,0.4323,0.8251,2,0.3753,True,0.3901,0.4642,0.36,0.6098,moderate_friction,synthetic_bootstrap
syn_02575,bootstrap_user_07,support_lookup,support_lookup_055,439.6,2.977,0.0329,0.4189,0.0193,304.1,0.0202,0.6184,0.4541,8,0.7278,True,0.3069,0.77,0.5273,0.8775,moderate_friction,synthetic_bootstrap
syn_02576,bootstrap_user_08,coding_debugging,coding_debugging_056,1154.7,1.94,0.5003,0.221,0.3149,351.3,0.0682,0.5494,0.7686,1,0.4268,True,0.3386,0.6062,0.3466,0.607,moderate_friction,synthetic_bootstrap
syn_02577,bootstrap_user_09,coding_debugging,coding_debugging_057,1146.4,2.026,0.1884,0.2262,0.2677,509.1,0.1042,0.8091,0.705,0,0.6256,True,0.3223,0.6814,0.3645,0.6418,moderate_friction,synthetic_bootstrap
syn_02578,bootstrap_user_10,research_browsing,research_browsing_058,903.5,4.255,0.3645,0.1064,0.0,646.1,0.0648,0.4951,0.7809,2,0.2063,True,0.3328,0.5258,0.3057,0.5729,moderate_friction,synthetic_bootstrap
syn_02579,bootstrap_user_11,deep_work,deep_work_059,1574.5,0.231,0.0437,0.1662,0.0923,566.0,0.0975,0.7263,0.3846,2,0.4257,True,0.1858,0.7672,0.3437,0.6753,focused_or_low_friction,synthetic_bootstrap
syn_02580,bootstrap_user_12,research_browsing,research_browsing_060,889.7,3.767,0.1381,0.3448,0.0749,825.6,0.0855,0.7405,0.904,1,0.333,True,0.2998,0.5974,0.3546,0.5673,focused_or_low_friction,synthetic_bootstrap
syn_02581,bootstrap_user_01,deep_work,deep_work_001,1425.9,0.868,0.0406,0.1798,0.0006,248.0,0.0483,0.8072,0.5288,1,0.4434,True,0.0465,0.799,0.3658,0.6399,focused_or_low_friction,synthetic_bootstrap
syn_02582,bootstrap_user_02,research_browsing,research_browsing_002,1543.0,3.448,0.2708,0.1033,0.1107,753.8,0.1154,0.5328,0.7962,1,0.3737,True,0.3646,0.5734,0.3177,0.5904,moderate_friction,synthetic_bootstrap
syn_02583,bootstrap_user_03,deep_work,deep_work_003,1557.9,0.029,0.0777,0.0996,0.114,357.0,0.01,0.7093,0.6373,2,0.2103,True,0.1663,0.8552,0.2742,0.5911,focused_or_low_friction,synthetic_bootstrap
syn_02584,bootstrap_user_04,repetitive_admin,repetitive_admin_004,377.2,2.579,0.1524,0.682,0.1168,506.4,0.0623,0.6952,0.238,1,0.8558,True,0.1917,0.8085,0.5359,0.7779,focused_or_low_friction,synthetic_bootstrap
syn_02585,bootstrap_user_05,deep_work,deep_work_005,1379.8,1.724,0.0552,0.2164,0.0944,366.9,0.0665,0.9349,0.7676,1,0.104,True,0.1218,0.7658,0.2456,0.5264,focused_or_low_friction,synthetic_bootstrap
syn_02586,bootstrap_user_06,support_lookup,support_lookup_006,199.1,3.534,0.2616,0.3904,0.1469,581.6,0.0578,0.6152,0.4135,5,0.7451,True,0.3288,0.6563,0.4689,0.8192,moderate_friction,synthetic_bootstrap
syn_02587,bootstrap_user_07,repetitive_admin,repetitive_admin_007,398.5,2.979,0.0284,0.5093,0.0936,215.0,0.0805,0.6486,0.3351,6,0.8101,True,0.2112,0.7375,0.5338,0.8673,focused_or_low_friction,synthetic_bootstrap
syn_02588,bootstrap_user_08,deep_work,deep_work_008,2095.6,0.806,0.0133,0.1803,0.075,80.0,0.0644,0.6845,0.5568,1,0.341,True,0.1706,0.7712,0.3025,0.6109,focused_or_low_friction,synthetic_bootstrap
syn_02589,bootstrap_user_09,support_lookup,support_lookup_009,264.3,5.746,0.008,0.7889,0.0792,379.8,0.0479,0.5713,0.2456,9,0.806,True,0.2797,0.6911,0.6332,0.922,focused_or_low_friction,synthetic_bootstrap
syn_02590,bootstrap_user_10,support_lookup,support_lookup_010,278.0,5.045,0.0517,0.6571,0.0762,617.6,0.032,0.7642,0.3332,5,0.7177,True,0.2399,0.7533,0.551,0.822,focused_or_low_friction,synthetic_bootstrap
syn_02591,bootstrap_user_11,coding_debugging,coding_debugging_011,476.5,2.223,0.2852,0.0982,0.3008,921.0,0.1564,0.7293,0.9589,3,0.4975,False,0.4054,0.5452,0.3374,0.6468,moderate_friction,synthetic_bootstrap
syn_02592,bootstrap_user_12,research_browsing,research_browsing_012,2205.5,2.137,0.3133,0.2165,0.0794,620.1,0.1233,0.6233,0.9195,2,0.2076,True,0.3467,0.5736,0.2851,0.5566,moderate_friction,synthetic_bootstrap
syn_02593,bootstrap_user_01,coding_debugging,coding_debugging_013,1396.2,3.794,0.3039,0.2039,0.2302,997.1,0.0903,0.5546,0.8151,4,0.2857,True,0.4394,0.5493,0.3384,0.6336,moderate_friction,synthetic_bootstrap
syn_02594,bootstrap_user_02,deep_work,deep_work_014,1279.7,1.271,0.1125,0.3466,0.0579,689.4,0.0997,0.7755,0.6653,1,0.381,True,0.1986,0.7325,0.3902,0.6079,focused_or_low_friction,synthetic_bootstrap
syn_02595,bootstrap_user_03,repetitive_admin,repetitive_admin_015,644.1,2.027,0.1171,0.8051,0.0365,209.8,0.0492,0.7028,0.2628,6,1.0,True,0.2322,0.801,0.6435,0.9235,focused_or_low_friction,synthetic_bootstrap
syn_02596,bootstrap_user_04,research_browsing,research_browsing_016,2083.1,3.688,0.2341,0.2646,0.0976,844.0,0.0162,0.6781,0.8147,2,0.1989,True,0.3696,0.6542,0.3364,0.567,moderate_friction,synthetic_bootstrap
syn_02597,bootstrap_user_05,deep_work,deep_work_017,2586.6,0.16,0.1045,0.1164,0.0632,463.5,0.0836,0.8348,0.5669,3,0.3597,True,0.2256,0.7497,0.339,0.6594,focused_or_low_friction,synthetic_bootstrap
syn_02598,bootstrap_user_06,support_lookup,support_lookup_018,243.6,5.523,0.1159,0.7416,0.0572,592.4,0.0685,0.6445,0.2465,5,0.8823,True,0.3332,0.6784,0.6149,0.8735,moderate_friction,synthetic_bootstrap
syn_02599,bootstrap_user_07,research_browsing,research_browsing_019,1574.5,5.121,0.2669,0.187,0.0862,614.8,0.1293,0.4898,0.7499,2,0.2458,True,0.4223,0.5051,0.3495,0.5865,moderate_friction,synthetic_bootstrap
syn_02600,bootstrap_user_08,research_browsing,research_browsing_020,1408.8,0.0,0.1412,0.2366,0.0581,838.2,0.1556,0.5481,0.7528,2,0.2947,True,0.2406,0.6244,0.2819,0.5983,focused_or_low_friction,synthetic_bootstrap
syn_02601,bootstrap_user_09,support_lookup,support_lookup_021,45.0,3.706,0.06,0.5696,0.0856,601.6,0.0525,0.4909,0.3981,14,0.8975,False,0.2449,0.6793,0.6027,0.9266,focused_or_low_friction,synthetic_bootstrap
syn_02602,bootstrap_user_10,coding_debugging,coding_debugging_022,1208.3,1.178,0.3042,0.1736,0.1286,603.8,0.1626,0.6252,0.3647,1,0.5465,True,0.3216,0.6462,0.3835,0.6853,moderate_friction,synthetic_bootstrap
syn_02603,bootstrap_user_11,support_lookup,support_lookup_023,263.5,3.525,0.2257,0.8191,0.1292,538.7,0.0347,0.7538,0.3038,8,0.8662,True,0.2843,0.774,0.6207,0.9301,focused_or_low_friction,synthetic_bootstrap
syn_02604,bootstrap_user_12,coding_debugging,coding_debugging_024,713.4,0.965,0.1216,0.3925,0.2014,487.1,0.0972,0.5279,0.9462,2,0.4823,False,0.2216,0.6242,0.3454,0.622,focused_or_low_friction,synthetic_bootstrap
syn_02605,bootstrap_user_01,deep_work,deep_work_025,1437.5,0.08,0.0868,0.1231,0.0129,469.1,0.1105,0.9158,0.438,1,0.1855,True,0.1597,0.7855,0.2512,0.5863,focused_or_low_friction,synthetic_bootstrap
syn_02606,bootstrap_user_02,deep_work,deep_work_026,1385.5,1.532,0.0,0.1055,0.0467,140.2,0.1241,0.6758,0.6341,1,0.2599,True,0.1536,0.6686,0.2962,0.5814,focused_or_low_friction,synthetic_bootstrap
syn_02607,bootstrap_user_03,coding_debugging,coding_debugging_027,1332.3,3.95,0.2921,0.2989,0.2641,1225.0,0.1005,0.5987,0.7741,2,0.3501,True,0.4777,0.5852,0.3832,0.6096,high_friction,synthetic_bootstrap
syn_02608,bootstrap_user_04,repetitive_admin,repetitive_admin_028,460.6,4.16,0.0544,0.7202,0.0,476.2,0.0265,0.672,0.2678,10,1.0,True,0.2049,0.7592,0.6986,0.9679,automation_candidate,synthetic_bootstrap
syn_02609,bootstrap_user_05,coding_debugging,coding_debugging_029,1476.2,2.049,0.3774,0.2152,0.3545,531.1,0.1969,0.423,0.6492,0,0.532,True,0.414,0.5296,0.3532,0.6251,moderate_friction,synthetic_bootstrap
syn_02610,bootstrap_user_06,repetitive_admin,repetitive_admin_030,478.1,3.822,0.1053,0.8292,0.0742,424.0,0.0418,0.5719,0.2676,5,0.9714,True,0.2896,0.7219,0.6765,0.8932,focused_or_low_friction,synthetic_bootstrap
syn_02611,bootstrap_user_07,research_browsing,research_browsing_031,660.0,2.66,0.1602,0.3483,0.0655,903.7,0.1684,0.7167,0.7525,4,0.5415,True,0.2854,0.5646,0.4237,0.7051,focused_or_low_friction,synthetic_bootstrap
syn_02612,bootstrap_user_08,coding_debugging,coding_debugging_032,1129.2,2.364,0.1317,0.2433,0.4144,991.9,0.0793,0.598,0.5732,2,0.3724,True,0.3516,0.6644,0.4043,0.6393,moderate_friction,synthetic_bootstrap
syn_02613,bootstrap_user_09,support_lookup,support_lookup_033,217.7,3.293,0.245,0.6796,0.0996,456.8,0.0714,0.7139,0.383,7,0.7293,True,0.2476,0.685,0.5281,0.8639,focused_or_low_friction,synthetic_bootstrap
syn_02614,bootstrap_user_10,coding_debugging,coding_debugging_034,1059.6,3.091,0.052,0.2009,0.3273,1058.8,0.19,0.5816,0.9173,3,0.534,True,0.4209,0.5298,0.3826,0.6609,moderate_friction,synthetic_bootstrap
syn_02615,bootstrap_user_11,repetitive_admin,repetitive_admin_035,45.0,3.349,0.1071,0.8813,0.0585,288.3,0.0149,0.6833,0.5467,2,0.7532,True,0.235,0.7575,0.5346,0.7377,focused_or_low_friction,synthetic_bootstrap
syn_02616,bootstrap_user_12,support_lookup,support_lookup_036,221.5,2.632,0.1441,0.6038,0.1105,481.5,0.0777,0.5888,0.258,3,0.8105,True,0.268,0.7545,0.4684,0.8092,focused_or_low_friction,synthetic_bootstrap
syn_02617,bootstrap_user_01,repetitive_admin,repetitive_admin_037,423.5,2.995,0.0278,0.6566,0.1427,297.7,0.026,0.7353,0.3712,7,0.8702,True,0.2094,0.7904,0.6327,0.9005,focused_or_low_friction,synthetic_bootstrap
syn_02618,bootstrap_user_02,research_browsing,research_browsing_038,416.2,2.667,0.3068,0.1354,0.1026,559.9,0.0907,0.7201,0.6861,2,0.3302,True,0.2653,0.6708,0.2532,0.6152,focused_or_low_friction,synthetic_bootstrap
syn_02619,bootstrap_user_03,research_browsing,research_browsing_039,1409.8,3.089,0.279,0.2233,0.0443,697.7,0.137,0.7554,0.7193,2,0.2583,True,0.2966,0.599,0.3366,0.5932,focused_or_low_friction,synthetic_bootstrap
syn_02620,bootstrap_user_04,research_browsing,research_browsing_040,864.9,4.594,0.081,0.223,0.0,593.9,0.134,0.6655,0.7916,2,0.3681,True,0.3124,0.5298,0.3493,0.612,moderate_friction,synthetic_bootstrap
syn_02621,bootstrap_user_05,research_browsing,research_browsing_041,253.2,1.496,0.1566,0.2492,0.076,586.4,0.125,0.4995,0.6404,1,0.2855,True,0.2542,0.6431,0.2481,0.587,focused_or_low_friction,synthetic_bootstrap
syn_02622,bootstrap_user_06,research_browsing,research_browsing_042,1910.3,3.19,0.1177,0.0804,0.0424,413.5,0.115,0.8065,0.817,2,0.4154,True,0.3181,0.6496,0.3221,0.6208,moderate_friction,synthetic_bootstrap
syn_02623,bootstrap_user_07,repetitive_admin,repetitive_admin_043,734.1,4.315,0.1227,0.7028,0.0627,363.0,0.0469,0.7112,0.2586,3,0.8145,True,0.3015,0.7331,0.6091,0.8101,moderate_friction,synthetic_bootstrap
syn_02624,bootstrap_user_08,research_browsing,research_browsing_044,1793.1,2.05,0.156,0.0615,0.1512,783.2,0.1765,0.7699,0.7661,1,0.0845,True,0.3376,0.5575,0.2003,0.5217,moderate_friction,synthetic_bootstrap
syn_02625,bootstrap_user_09,support_lookup,support_lookup_045,251.7,5.372,0.1226,0.6366,0.2032,194.9,0.0926,0.6981,0.4993,9,0.7237,True,0.2467,0.6091,0.5964,0.871,focused_or_low_friction,synthetic_bootstrap
syn_02626,bootstrap_user_10,support_lookup,support_lookup_046,290.4,5.247,0.3066,0.5634,0.1672,568.1,0.0208,0.645,0.3727,4,0.6859,True,0.3246,0.6647,0.5371,0.7868,moderate_friction,synthetic_bootstrap
syn_02627,bootstrap_user_11,support_lookup,support_lookup_047,45.0,4.434,0.2223,0.4948,0.0984,458.4,0.0577,0.7263,0.4231,5,0.6396,True,0.2307,0.6743,0.4479,0.7916,focused_or_low_friction,synthetic_bootstrap
syn_02628,bootstrap_user_12,repetitive_admin,repetitive_admin_048,354.7,3.507,0.2708,0.8023,0.1338,446.4,0.0523,0.7873,0.3277,11,0.8647,True,0.2079,0.7447,0.6758,0.9269,focused_or_low_friction,synthetic_bootstrap
syn_02629,bootstrap_user_01,repetitive_admin,repetitive_admin_049,523.0,4.539,0.1068,0.8654,0.0904,383.4,0.0522,0.6652,0.1841,1,0.8014,False,0.2259,0.7013,0.5791,0.7707,focused_or_low_friction,synthetic_bootstrap
syn_02630,bootstrap_user_02,repetitive_admin,repetitive_admin_050,306.2,3.469,0.0833,0.6962,0.046,318.2,0.0482,0.7279,0.4781,8,0.8432,True,0.1964,0.6884,0.6168,0.9034,focused_or_low_friction,synthetic_bootstrap
syn_02631,bootstrap_user_03,deep_work,deep_work_051,1871.2,1.159,0.0483,0.1522,0.1238,282.7,0.1044,0.8651,0.6665,3,0.4119,True,0.1977,0.724,0.3693,0.6605,focused_or_low_friction,synthetic_bootstrap
syn_02632,bootstrap_user_04,support_lookup,support_lookup_052,289.6,1.13,0.2284,0.5912,0.087,444.0,0.0837,0.5679,0.4825,2,0.8196,True,0.2813,0.7161,0.4527,0.762,focused_or_low_friction,synthetic_bootstrap
syn_02633,bootstrap_user_05,research_browsing,research_browsing_053,1075.0,1.655,0.1583,0.1031,0.0437,1046.8,0.024,0.7151,0.7011,1,0.1754,True,0.2852,0.769,0.2466,0.5522,focused_or_low_friction,synthetic_bootstrap
syn_02634,bootstrap_user_06,coding_debugging,coding_debugging_054,2318.3,2.185,0.2866,0.1714,0.2195,641.4,0.1426,0.6728,0.8491,1,0.5025,True,0.4157,0.5664,0.3195,0.6162,moderate_friction,synthetic_bootstrap
syn_02635,bootstrap_user_07,support_lookup,support_lookup_055,313.9,5.347,0.1305,0.6992,0.17,454.9,0.0168,0.5286,0.2856,5,0.7864,True,0.3093,0.7081,0.5699,0.8448,moderate_friction,synthetic_bootstrap
syn_02636,bootstrap_user_08,support_lookup,support_lookup_056,386.5,5.428,0.2493,0.5343,0.1042,650.1,0.054,0.5901,0.2787,4,0.6739,False,0.3239,0.6356,0.5308,0.795,moderate_friction,synthetic_bootstrap
syn_02637,bootstrap_user_09,support_lookup,support_lookup_057,191.9,3.878,0.2116,0.7542,0.0963,686.0,0.0091,0.5994,0.4144,12,0.6935,True,0.2798,0.7281,0.6223,0.8736,focused_or_low_friction,synthetic_bootstrap
syn_02638,bootstrap_user_10,repetitive_admin,repetitive_admin_058,237.5,2.686,0.1513,0.68,0.1268,362.3,0.068,0.7651,0.2396,11,0.7626,True,0.1745,0.7728,0.6482,0.9119,focused_or_low_friction,synthetic_bootstrap
syn_02639,bootstrap_user_11,research_browsing,research_browsing_059,942.4,1.948,0.2271,0.057,0.1504,600.8,0.0515,0.4373,0.8251,2,0.2078,True,0.2722,0.6412,0.2994,0.5679,focused_or_low_friction,synthetic_bootstrap
syn_02640,bootstrap_user_12,repetitive_admin,repetitive_admin_060,739.6,2.988,0.1459,0.7671,0.0112,230.5,0.0,0.7804,0.4745,12,0.8636,True,0.231,0.8123,0.7466,0.9089,automation_candidate,synthetic_bootstrap
syn_02641,bootstrap_user_01,coding_debugging,coding_debugging_001,1128.1,1.207,0.3461,0.225,0.3397,1039.8,0.0183,0.5775,0.6759,2,0.2636,True,0.3447,0.7501,0.3421,0.5998,moderate_friction,synthetic_bootstrap
syn_02642,bootstrap_user_02,coding_debugging,coding_debugging_002,1238.6,0.466,0.4944,0.1991,0.4745,974.8,0.0884,0.8348,0.7767,2,0.3652,True,0.3839,0.6931,0.3262,0.6131,moderate_friction,synthetic_bootstrap
syn_02643,bootstrap_user_03,support_lookup,support_lookup_003,184.4,3.467,0.3218,0.751,0.1218,421.5,0.0435,0.6233,0.5568,7,0.8648,True,0.2518,0.6778,0.5602,0.8769,focused_or_low_friction,synthetic_bootstrap
syn_02644,bootstrap_user_04,research_browsing,research_browsing_004,1947.7,2.177,0.1685,0.2451,0.0651,601.8,0.0,0.5413,0.8475,1,0.3671,True,0.3444,0.6972,0.3189,0.5826,moderate_friction,synthetic_bootstrap
syn_02645,bootstrap_user_05,repetitive_admin,repetitive_admin_005,199.6,3.108,0.0947,0.8352,0.055,324.9,0.0297,0.7424,0.4789,0,0.8562,True,0.1607,0.7676,0.5315,0.7266,focused_or_low_friction,synthetic_bootstrap
syn_02646,bootstrap_user_06,research_browsing,research_browsing_006,1211.9,2.282,0.3042,0.2196,0.0969,784.5,0.158,0.5736,0.8244,2,0.2446,True,0.3318,0.5472,0.3306,0.5772,moderate_friction,synthetic_bootstrap
syn_02647,bootstrap_user_07,coding_debugging,coding_debugging_007,624.6,2.984,0.3009,0.3725,0.3613,737.7,0.1116,0.6394,0.9223,3,0.4007,True,0.369,0.5505,0.3647,0.627,moderate_friction,synthetic_bootstrap
syn_02648,bootstrap_user_08,coding_debugging,coding_debugging_008,644.5,1.407,0.3685,0.2426,0.2258,740.9,0.0877,0.6158,0.5693,1,0.2182,True,0.2849,0.6604,0.2979,0.5787,focused_or_low_friction,synthetic_bootstrap
syn_02649,bootstrap_user_09,coding_debugging,coding_debugging_009,1928.0,2.943,0.2178,0.261,0.2934,621.7,0.1662,0.8308,0.573,5,0.3373,True,0.3891,0.6482,0.4327,0.6981,moderate_friction,synthetic_bootstrap
syn_02650,bootstrap_user_10,research_browsing,research_browsing_010,1556.2,3.939,0.311,0.2209,0.1509,518.5,0.0233,0.799,0.717,1,0.2602,False,0.2954,0.7004,0.3404,0.5715,focused_or_low_friction,synthetic_bootstrap
syn_02651,bootstrap_user_11,research_browsing,research_browsing_011,1660.0,3.613,0.1825,0.1465,0.156,535.3,0.0829,0.6915,0.7985,1,0.2405,True,0.3467,0.6294,0.267,0.5568,moderate_friction,synthetic_bootstrap
syn_02652,bootstrap_user_12,support_lookup,support_lookup_012,284.1,4.045,0.107,0.5418,0.1448,743.6,0.0283,0.5669,0.4364,5,0.8453,True,0.3252,0.6786,0.5454,0.8415,moderate_friction,synthetic_bootstrap
syn_02653,bootstrap_user_01,coding_debugging,coding_debugging_013,155.3,3.033,0.2763,0.2841,0.3237,336.5,0.1683,0.6468,0.7956,1,0.4537,True,0.3258,0.521,0.3996,0.6105,moderate_friction,synthetic_bootstrap
syn_02654,bootstrap_user_02,coding_debugging,coding_debugging_014,1372.3,3.398,0.2525,0.2799,0.3905,501.1,0.0664,0.717,0.6982,1,0.3317,True,0.3126,0.6247,0.3706,0.5916,moderate_friction,synthetic_bootstrap
syn_02655,bootstrap_user_03,support_lookup,support_lookup_015,327.2,7.323,0.1767,0.4536,0.1086,646.5,0.0909,0.7533,0.423,7,0.8637,True,0.3182,0.6249,0.5804,0.8927,moderate_friction,synthetic_bootstrap
syn_02656,bootstrap_user_04,research_browsing,research_browsing_016,1616.9,0.0,0.359,0.2725,0.0217,580.2,0.1233,0.4283,0.8391,3,0.3389,True,0.3084,0.6095,0.3256,0.6215,moderate_friction,synthetic_bootstrap
syn_02657,bootstrap_user_05,repetitive_admin,repetitive_admin_017,385.6,2.935,0.0118,0.8167,0.1051,447.9,0.0629,0.7144,0.2193,4,0.9834,True,0.1557,0.772,0.5822,0.8795,focused_or_low_friction,synthetic_bootstrap
syn_02658,bootstrap_user_06,support_lookup,support_lookup_018,284.8,4.472,0.1366,0.4979,0.1381,505.1,0.0017,0.7804,0.2566,3,0.9259,True,0.238,0.7572,0.504,0.8382,focused_or_low_friction,synthetic_bootstrap
syn_02659,bootstrap_user_07,deep_work,deep_work_019,1581.3,1.347,0.1447,0.1633,0.1225,412.3,0.0451,0.7,0.7123,2,0.2887,True,0.1957,0.7441,0.3027,0.6017,focused_or_low_friction,synthetic_bootstrap
syn_02660,bootstrap_user_08,repetitive_admin,repetitive_admin_020,605.5,3.693,0.1165,0.7292,0.0324,89.7,0.0341,0.7225,0.3331,7,0.8225,True,0.2424,0.7569,0.6683,0.8931,focused_or_low_friction,synthetic_bootstrap
syn_02661,bootstrap_user_09,research_browsing,research_browsing_021,1363.6,4.262,0.1705,0.1768,0.112,795.2,0.1308,0.6373,0.8215,2,0.4082,True,0.3483,0.5803,0.3408,0.6185,moderate_friction,synthetic_bootstrap
syn_02662,bootstrap_user_10,repetitive_admin,repetitive_admin_022,408.3,4.588,0.1124,0.6199,0.1279,342.4,0.0434,0.5618,0.2673,11,0.8255,True,0.25,0.6881,0.6664,0.9243,focused_or_low_friction,synthetic_bootstrap
syn_02663,bootstrap_user_11,repetitive_admin,repetitive_admin_023,342.4,4.865,0.1381,0.5112,0.0829,374.8,0.0858,0.726,0.2615,15,0.7745,True,0.2431,0.6691,0.6241,0.9122,focused_or_low_friction,synthetic_bootstrap
syn_02664,bootstrap_user_12,repetitive_admin,repetitive_admin_024,623.8,3.665,0.1561,0.8268,0.0937,242.1,0.0028,0.8786,0.3008,8,1.0,True,0.1612,0.7761,0.7217,0.9639,automation_candidate,synthetic_bootstrap
syn_02665,bootstrap_user_01,support_lookup,support_lookup_025,271.7,5.97,0.2475,0.287,0.25,446.1,0.0968,0.7146,0.3606,6,0.6788,True,0.3415,0.5813,0.5174,0.8314,moderate_friction,synthetic_bootstrap
syn_02666,bootstrap_user_02,coding_debugging,coding_debugging_026,1143.6,4.083,0.2321,0.1809,0.3591,712.6,0.1487,0.7682,0.8299,5,0.5345,True,0.42,0.5655,0.4284,0.7165,moderate_friction,synthetic_bootstrap
syn_02667,bootstrap_user_03,research_browsing,research_browsing_027,1104.5,2.899,0.32,0.1894,0.0997,615.0,0.0923,0.4403,0.8636,1,0.3081,True,0.3704,0.5583,0.2809,0.5659,moderate_friction,synthetic_bootstrap
syn_02668,bootstrap_user_04,deep_work,deep_work_028,2294.7,0.428,0.0877,0.2519,0.0535,431.4,0.0628,0.8305,0.6732,2,0.2755,True,0.2216,0.7913,0.2975,0.6031,focused_or_low_friction,synthetic_bootstrap
syn_02669,bootstrap_user_05,support_lookup,support_lookup_029,255.9,4.15,0.3218,0.6066,0.1791,540.1,0.0614,0.6246,0.3313,9,0.7169,True,0.3577,0.6617,0.6173,0.8895,moderate_friction,synthetic_bootstrap
syn_02670,bootstrap_user_06,support_lookup,support_lookup_030,364.8,5.343,0.1291,0.6045,0.104,896.3,0.0597,0.6417,0.2337,4,0.7216,True,0.3226,0.668,0.497,0.8123,moderate_friction,synthetic_bootstrap
syn_02671,bootstrap_user_07,coding_debugging,coding_debugging_031,1730.9,2.296,0.3141,0.131,0.4161,1170.8,0.1033,0.5573,0.7752,4,0.5418,True,0.5164,0.5921,0.4307,0.7024,high_friction,synthetic_bootstrap
syn_02672,bootstrap_user_08,support_lookup,support_lookup_032,214.6,1.288,0.143,0.548,0.1221,670.8,0.0658,0.8609,0.3022,1,0.8178,True,0.1668,0.8086,0.4194,0.7607,focused_or_low_friction,synthetic_bootstrap
syn_02673,bootstrap_user_09,repetitive_admin,repetitive_admin_033,317.3,4.723,0.1275,0.6882,0.1439,341.6,0.0131,0.6206,0.272,1,0.7662,True,0.2625,0.7601,0.532,0.7514,focused_or_low_friction,synthetic_bootstrap
syn_02674,bootstrap_user_10,support_lookup,support_lookup_034,259.6,3.616,0.2111,0.8517,0.1171,436.8,0.0553,0.6333,0.4204,4,0.8306,True,0.2843,0.6729,0.579,0.8172,focused_or_low_friction,synthetic_bootstrap
syn_02675,bootstrap_user_11,support_lookup,support_lookup_035,207.3,4.211,0.1267,0.7816,0.1193,228.7,0.0201,0.7805,0.3402,5,0.9029,True,0.1665,0.7376,0.6167,0.8674,focused_or_low_friction,synthetic_bootstrap
syn_02676,bootstrap_user_12,support_lookup,support_lookup_036,462.9,5.307,0.1494,0.5905,0.1124,156.4,0.0607,0.7184,0.555,10,0.983,True,0.3562,0.6452,0.6848,0.9291,automation_candidate,synthetic_bootstrap
syn_02677,bootstrap_user_01,support_lookup,support_lookup_037,93.0,4.456,0.2253,0.5832,0.0329,804.9,0.0722,0.8321,0.4416,11,0.9063,True,0.2489,0.6775,0.5907,0.9236,focused_or_low_friction,synthetic_bootstrap
syn_02678,bootstrap_user_02,coding_debugging,coding_debugging_038,1894.3,2.238,0.3305,0.1069,0.3819,673.5,0.163,0.5346,0.8532,4,0.3548,True,0.4984,0.5417,0.327,0.6463,high_friction,synthetic_bootstrap
syn_02679,bootstrap_user_03,coding_debugging,coding_debugging_039,1460.1,2.259,0.2854,0.2474,0.297,554.9,0.0242,0.4206,0.7499,0,0.5217,True,0.373,0.6867,0.3605,0.6104,moderate_friction,synthetic_bootstrap
syn_02680,bootstrap_user_04,repetitive_admin,repetitive_admin_040,482.8,1.242,0.0,0.6918,0.0969,503.5,0.0447,0.7622,0.3586,7,0.907,True,0.1437,0.8152,0.6361,0.9112,focused_or_low_friction,synthetic_bootstrap
syn_02681,bootstrap_user_05,coding_debugging,coding_debugging_041,780.0,2.786,0.167,0.1817,0.3242,606.5,0.0751,0.3231,0.8039,2,0.2877,False,0.3362,0.5793,0.2903,0.5904,moderate_friction,synthetic_bootstrap
syn_02682,bootstrap_user_06,research_browsing,research_browsing_042,1901.9,4.577,0.3401,0.2859,0.0701,1017.9,0.1002,0.3949,0.7659,2,0.2226,True,0.4886,0.5238,0.3656,0.5787,high_friction,synthetic_bootstrap
syn_02683,bootstrap_user_07,deep_work,deep_work_043,1710.0,0.473,0.0065,0.143,0.0631,428.7,0.0,0.6985,0.731,0,0.3272,True,0.1285,0.8241,0.2685,0.5641,focused_or_low_friction,synthetic_bootstrap
syn_02684,bootstrap_user_08,support_lookup,support_lookup_044,314.6,2.978,0.1092,0.766,0.0988,585.9,0.0451,0.7055,0.0862,10,0.7445,True,0.2158,0.7911,0.6568,0.9258,focused_or_low_friction,synthetic_bootstrap
syn_02685,bootstrap_user_09,repetitive_admin,repetitive_admin_045,441.2,2.007,0.1723,0.6571,0.057,350.6,0.0699,0.7369,0.2258,7,0.9575,True,0.2117,0.7797,0.6869,0.9398,automation_candidate,synthetic_bootstrap
syn_02686,bootstrap_user_10,coding_debugging,coding_debugging_046,1308.6,2.363,0.2578,0.2757,0.0,1047.2,0.0364,0.531,0.58,1,0.3724,True,0.3759,0.7387,0.3556,0.616,moderate_friction,synthetic_bootstrap
syn_02687,bootstrap_user_11,repetitive_admin,repetitive_admin_047,387.1,3.98,0.0688,0.6041,0.0653,375.6,0.0,0.836,0.304,11,0.7344,True,0.1634,0.8038,0.6321,0.8971,focused_or_low_friction,synthetic_bootstrap
syn_02688,bootstrap_user_12,coding_debugging,coding_debugging_048,1491.3,2.289,0.1984,0.4588,0.2734,544.2,0.0057,0.6199,0.7891,1,0.5075,True,0.2859,0.7354,0.4209,0.6247,focused_or_low_friction,synthetic_bootstrap
syn_02689,bootstrap_user_01,repetitive_admin,repetitive_admin_049,251.1,4.157,0.1763,0.5823,0.0917,406.4,0.048,0.6936,0.2652,12,0.8927,True,0.1668,0.6876,0.6301,0.9414,focused_or_low_friction,synthetic_bootstrap
syn_02690,bootstrap_user_02,support_lookup,support_lookup_050,184.5,3.757,0.1748,0.6156,0.1076,725.9,0.0097,0.6934,0.3962,3,0.8434,True,0.2498,0.7051,0.5275,0.8008,focused_or_low_friction,synthetic_bootstrap
syn_02691,bootstrap_user_03,research_browsing,research_browsing_051,1463.3,3.444,0.0,0.1375,0.0283,934.6,0.0547,0.7575,0.8762,2,0.4362,True,0.2705,0.6955,0.3129,0.6189,focused_or_low_friction,synthetic_bootstrap
syn_02692,bootstrap_user_04,repetitive_admin,repetitive_admin_052,221.1,2.879,0.0671,0.9438,0.111,305.1,0.02,0.7705,0.3988,9,0.7839,True,0.1503,0.7993,0.6471,0.8981,focused_or_low_friction,synthetic_bootstrap
syn_02693,bootstrap_user_05,research_browsing,research_browsing_053,1853.9,3.58,0.2414,0.2206,0.0305,540.4,0.058,0.6261,0.718,2,0.2803,True,0.3032,0.6527,0.3103,0.5989,moderate_friction,synthetic_bootstrap
syn_02694,bootstrap_user_06,research_browsing,research_browsing_054,867.8,2.843,0.3275,0.1127,0.0111,442.0,0.0907,0.8043,0.8311,1,0.283,True,0.2416,0.6332,0.2633,0.5635,focused_or_low_friction,synthetic_bootstrap
syn_02695,bootstrap_user_07,research_browsing,research_browsing_055,1698.0,2.422,0.2985,0.265,0.1307,600.7,0.0401,0.5531,0.7465,1,0.2713,True,0.3269,0.6417,0.2993,0.5707,moderate_friction,synthetic_bootstrap
syn_02696,bootstrap_user_08,deep_work,deep_work_056,2645.2,1.047,0.0321,0.2531,0.078,860.0,0.0905,0.8652,0.7637,3,0.2973,True,0.2357,0.7337,0.338,0.6202,focused_or_low_friction,synthetic_bootstrap
syn_02697,bootstrap_user_09,coding_debugging,coding_debugging_057,1514.2,1.903,0.4616,0.3726,0.304,528.8,0.1501,0.3795,0.7941,1,0.5959,True,0.4371,0.5291,0.438,0.6462,moderate_friction,synthetic_bootstrap
syn_02698,bootstrap_user_10,deep_work,deep_work_058,1487.0,0.651,0.1276,0.2305,0.0724,340.7,0.0252,0.8403,0.7613,2,0.239,True,0.0948,0.8182,0.3056,0.5834,focused_or_low_friction,synthetic_bootstrap
syn_02699,bootstrap_user_11,repetitive_admin,repetitive_admin_059,490.3,2.413,0.1109,0.7552,0.0766,146.8,0.1014,0.7985,0.2835,8,0.9947,True,0.1705,0.7612,0.6961,0.9647,automation_candidate,synthetic_bootstrap
syn_02700,bootstrap_user_12,research_browsing,research_browsing_060,845.1,4.198,0.2465,0.1082,0.1245,725.0,0.1056,0.6261,0.8501,3,0.3129,True,0.3398,0.5839,0.3401,0.6137,moderate_friction,synthetic_bootstrap
syn_02701,bootstrap_user_01,coding_debugging,coding_debugging_001,953.0,2.25,0.4632,0.3149,0.3152,1076.5,0.0728,0.6462,0.9076,3,0.6469,True,0.4045,0.6398,0.3992,0.6903,moderate_friction,synthetic_bootstrap
syn_02702,bootstrap_user_02,support_lookup,support_lookup_002,278.0,5.537,0.225,0.3467,0.0427,499.4,0.0742,0.7114,0.3593,9,0.8337,True,0.3157,0.6321,0.5703,0.9153,moderate_friction,synthetic_bootstrap
syn_02703,bootstrap_user_03,repetitive_admin,repetitive_admin_003,293.0,3.687,0.1478,0.6841,0.1054,580.6,0.0194,0.8259,0.3886,7,0.9241,True,0.242,0.7191,0.6499,0.9119,focused_or_low_friction,synthetic_bootstrap
syn_02704,bootstrap_user_04,coding_debugging,coding_debugging_004,599.5,2.281,0.1905,0.3897,0.2771,639.1,0.156,0.6905,0.6866,1,0.2623,False,0.3101,0.6095,0.3335,0.5757,moderate_friction,synthetic_bootstrap
syn_02705,bootstrap_user_05,coding_debugging,coding_debugging_005,223.1,1.908,0.2472,0.3381,0.1531,1053.9,0.1897,0.4209,0.7217,3,0.5422,True,0.336,0.4803,0.34,0.6865,moderate_friction,synthetic_bootstrap
syn_02706,bootstrap_user_06,support_lookup,support_lookup_006,238.1,3.96,0.3455,0.592,0.1325,498.3,0.0672,0.7153,0.4583,4,0.8053,True,0.2597,0.6487,0.5327,0.8063,focused_or_low_friction,synthetic_bootstrap
syn_02707,bootstrap_user_07,research_browsing,research_browsing_007,1119.2,5.873,0.3067,0.2161,0.1755,820.0,0.1192,0.4103,0.8532,3,0.2289,True,0.4193,0.49,0.3624,0.5923,moderate_friction,synthetic_bootstrap
syn_02708,bootstrap_user_08,repetitive_admin,repetitive_admin_008,639.0,3.219,0.0902,0.9762,0.0651,347.6,0.0638,0.7139,0.3578,10,0.8988,True,0.2176,0.7177,0.753,0.9318,automation_candidate,synthetic_bootstrap
syn_02709,bootstrap_user_09,deep_work,deep_work_009,1946.3,0.433,0.0067,0.0583,0.1094,573.7,0.0597,0.788,0.7414,2,0.4923,True,0.1651,0.8017,0.3067,0.6491,focused_or_low_friction,synthetic_bootstrap
syn_02710,bootstrap_user_10,coding_debugging,coding_debugging_010,745.1,3.004,0.4394,0.2583,0.1996,1179.0,0.1188,0.6342,0.6796,4,0.2648,True,0.4491,0.5686,0.3821,0.6447,high_friction,synthetic_bootstrap
syn_02711,bootstrap_user_11,research_browsing,research_browsing_011,2039.2,3.231,0.1407,0.2304,0.1696,725.3,0.0727,0.6167,0.6892,1,0.269,True,0.3356,0.6577,0.3422,0.577,moderate_friction,synthetic_bootstrap
syn_02712,bootstrap_user_12,repetitive_admin,repetitive_admin_012,387.8,1.042,0.1263,0.9378,0.0983,382.0,0.0388,0.7919,0.3008,11,0.7723,True,0.1523,0.8446,0.649,0.907,focused_or_low_friction,synthetic_bootstrap
syn_02713,bootstrap_user_01,repetitive_admin,repetitive_admin_013,361.1,3.742,0.1622,0.7163,0.0,463.4,0.0975,0.6645,0.2374,11,0.9267,True,0.262,0.6579,0.6866,0.9532,automation_candidate,synthetic_bootstrap
syn_02714,bootstrap_user_02,deep_work,deep_work_014,2113.2,0.761,0.0983,0.1396,0.0682,406.5,0.0351,0.7621,0.6733,1,0.4181,True,0.2261,0.8149,0.2972,0.6162,focused_or_low_friction,synthetic_bootstrap
syn_02715,bootstrap_user_03,research_browsing,research_browsing_015,1448.9,4.334,0.1623,0.1202,0.165,802.1,0.1637,0.6179,0.7796,0,0.3164,True,0.4195,0.5396,0.3202,0.5556,moderate_friction,synthetic_bootstrap
syn_02716,bootstrap_user_04,repetitive_admin,repetitive_admin_016,751.7,1.648,0.1339,0.6076,0.1421,308.2,0.0803,0.6996,0.322,8,0.8589,True,0.2918,0.7574,0.671,0.9261,focused_or_low_friction,synthetic_bootstrap
syn_02717,bootstrap_user_05,support_lookup,support_lookup_017,363.8,3.799,0.3308,0.7169,0.0884,630.5,0.0912,0.719,0.3822,0,0.6933,True,0.3197,0.6729,0.4991,0.6975,moderate_friction,synthetic_bootstrap
syn_02718,bootstrap_user_06,research_browsing,research_browsing_018,1293.7,1.059,0.1537,0.2348,0.1628,192.0,0.114,0.4039,0.8072,2,0.5832,True,0.3038,0.635,0.3779,0.6639,moderate_friction,synthetic_bootstrap
syn_02719,bootstrap_user_07,deep_work,deep_work_019,1859.4,0.8,0.0428,0.0836,0.0695,245.1,0.06,0.8044,0.6962,2,0.3264,True,0.1616,0.7912,0.277,0.6131,focused_or_low_friction,synthetic_bootstrap
syn_02720,bootstrap_user_08,support_lookup,support_lookup_020,161.7,3.764,0.1655,0.7689,0.1447,519.4,0.117,0.6565,0.5155,10,0.9051,True,0.2746,0.6255,0.671,0.9144,focused_or_low_friction,synthetic_bootstrap
syn_02721,bootstrap_user_09,support_lookup,support_lookup_021,181.1,3.984,0.3134,0.701,0.1577,300.2,0.047,0.6934,0.3554,3,0.866,True,0.2453,0.7177,0.5885,0.8113,focused_or_low_friction,synthetic_bootstrap
syn_02722,bootstrap_user_10,coding_debugging,coding_debugging_022,1786.4,1.983,0.1586,0.263,0.5347,1127.9,0.0997,0.7818,0.8369,0,0.5686,True,0.4253,0.6682,0.3962,0.6117,moderate_friction,synthetic_bootstrap
syn_02723,bootstrap_user_11,repetitive_admin,repetitive_admin_023,300.9,3.08,0.1002,0.8154,0.0679,159.0,0.0366,0.6548,0.1506,13,0.9243,True,0.1294,0.782,0.7004,0.963,automation_candidate,synthetic_bootstrap
syn_02724,bootstrap_user_12,support_lookup,support_lookup_024,235.8,4.385,0.2044,0.6642,0.071,532.7,0.0984,0.4503,0.3958,3,0.9304,True,0.3403,0.5859,0.5528,0.8226,moderate_friction,synthetic_bootstrap
syn_02725,bootstrap_user_01,deep_work,deep_work_025,1987.6,0.0,0.0873,0.1991,0.0193,558.4,0.084,0.9305,0.6387,2,0.391,True,0.149,0.8022,0.2669,0.6361,focused_or_low_friction,synthetic_bootstrap
syn_02726,bootstrap_user_02,coding_debugging,coding_debugging_026,1403.4,2.277,0.2888,0.3121,0.2589,791.3,0.1433,0.6161,0.5356,3,0.429,False,0.3777,0.5974,0.3985,0.6805,moderate_friction,synthetic_bootstrap
syn_02727,bootstrap_user_03,coding_debugging,coding_debugging_027,1749.2,2.46,0.4331,0.3936,0.2256,566.8,0.0936,0.6776,0.5798,3,0.4766,True,0.3674,0.6576,0.5018,0.6871,moderate_friction,synthetic_bootstrap
syn_02728,bootstrap_user_04,deep_work,deep_work_028,1652.6,0.948,0.0497,0.1689,0.0587,403.4,0.178,0.8286,0.5236,2,0.4855,True,0.1759,0.6678,0.3378,0.6735,focused_or_low_friction,synthetic_bootstrap
syn_02729,bootstrap_user_05,repetitive_admin,repetitive_admin_029,391.5,2.833,0.0865,0.8658,0.1168,544.7,0.0263,0.6571,0.2877,10,0.8657,True,0.2635,0.7777,0.726,0.9319,automation_candidate,synthetic_bootstrap
syn_02730,bootstrap_user_06,research_browsing,research_browsing_030,1609.0,3.105,0.2885,0.1186,0.0515,745.2,0.0281,0.6414,0.7097,3,0.2524,True,0.3245,0.6795,0.3392,0.6154,moderate_friction,synthetic_bootstrap
syn_02731,bootstrap_user_07,deep_work,deep_work_031,1946.5,0.77,0.0598,0.1184,0.2079,148.4,0.0319,0.9142,0.7902,1,0.1397,True,0.1246,0.7975,0.2447,0.5326,focused_or_low_friction,synthetic_bootstrap
syn_02732,bootstrap_user_08,repetitive_admin,repetitive_admin_032,259.1,4.124,0.1213,0.6142,0.0482,548.6,0.0416,0.7953,0.279,1,0.9197,True,0.247,0.7161,0.4312,0.789,focused_or_low_friction,synthetic_bootstrap
syn_02733,bootstrap_user_09,support_lookup,support_lookup_033,323.9,3.581,0.0656,0.634,0.0875,290.3,0.0575,0.7167,0.3792,7,0.8343,False,0.2349,0.7353,0.5751,0.8906,focused_or_low_friction,synthetic_bootstrap
syn_02734,bootstrap_user_10,repetitive_admin,repetitive_admin_034,295.6,2.454,0.1024,0.8297,0.1411,552.0,0.0032,0.6555,0.3457,13,0.7827,True,0.1743,0.8098,0.6716,0.9042,focused_or_low_friction,synthetic_bootstrap
syn_02735,bootstrap_user_11,repetitive_admin,repetitive_admin_035,447.4,1.988,0.022,1.0,0.0828,657.5,0.0953,0.5928,0.3162,3,0.8363,True,0.2061,0.7125,0.6095,0.8086,focused_or_low_friction,synthetic_bootstrap
syn_02736,bootstrap_user_12,support_lookup,support_lookup_036,263.9,3.057,0.1919,0.7676,0.1237,507.9,0.0702,0.5165,0.4647,3,0.9452,True,0.3104,0.6819,0.5637,0.818,moderate_friction,synthetic_bootstrap
syn_02737,bootstrap_user_01,repetitive_admin,repetitive_admin_037,302.0,2.258,0.2251,0.7324,0.0354,447.2,0.0603,0.7104,0.1902,11,0.9357,True,0.1957,0.7583,0.6991,0.9611,automation_candidate,synthetic_bootstrap
syn_02738,bootstrap_user_02,support_lookup,support_lookup_038,196.5,2.773,0.27,0.4861,0.0152,755.6,0.0077,0.621,0.2395,4,1.0,True,0.2528,0.7983,0.5032,0.8813,focused_or_low_friction,synthetic_bootstrap
syn_02739,bootstrap_user_03,coding_debugging,coding_debugging_039,1583.8,2.538,0.3629,0.1675,0.3444,777.7,0.1565,0.5506,0.9232,3,0.4025,True,0.4677,0.5063,0.3743,0.6273,high_friction,synthetic_bootstrap
syn_02740,bootstrap_user_04,support_lookup,support_lookup_040,258.8,6.632,0.1453,0.6043,0.0883,856.4,0.0166,0.6694,0.3944,3,1.0,True,0.3365,0.7005,0.5642,0.8402,moderate_friction,synthetic_bootstrap
syn_02741,bootstrap_user_05,deep_work,deep_work_041,1871.8,0.645,0.0773,0.2365,0.0689,80.0,0.0787,0.825,0.6995,1,0.2465,True,0.1919,0.7601,0.3093,0.5702,focused_or_low_friction,synthetic_bootstrap
syn_02742,bootstrap_user_06,research_browsing,research_browsing_042,833.1,2.679,0.1299,0.2835,0.0222,731.9,0.127,0.6131,0.6124,0,0.314,True,0.2476,0.6186,0.2931,0.575,focused_or_low_friction,synthetic_bootstrap
syn_02743,bootstrap_user_07,deep_work,deep_work_043,1187.3,0.8,0.0,0.1095,0.0566,445.7,0.1755,0.7414,0.7206,2,0.4172,True,0.2208,0.6666,0.3304,0.6328,focused_or_low_friction,synthetic_bootstrap
syn_02744,bootstrap_user_08,coding_debugging,coding_debugging_044,463.6,2.287,0.2239,0.1538,0.2374,765.5,0.1228,0.718,0.8135,3,0.4278,True,0.2999,0.6048,0.2859,0.6468,focused_or_low_friction,synthetic_bootstrap
syn_02745,bootstrap_user_09,repetitive_admin,repetitive_admin_045,473.1,4.74,0.111,0.6231,0.1188,119.7,0.0813,0.611,0.3457,6,0.8857,True,0.2439,0.6366,0.6178,0.8849,focused_or_low_friction,synthetic_bootstrap
syn_02746,bootstrap_user_10,coding_debugging,coding_debugging_046,1786.4,2.361,0.2849,0.2569,0.1995,826.6,0.0804,0.7555,0.7998,1,0.3804,True,0.3642,0.6401,0.333,0.5916,moderate_friction,synthetic_bootstrap
syn_02747,bootstrap_user_11,repetitive_admin,repetitive_admin_047,471.7,4.237,0.1339,1.0,0.0529,476.2,0.0167,0.885,0.4159,11,0.7211,True,0.2062,0.7785,0.6977,0.8804,automation_candidate,synthetic_bootstrap
syn_02748,bootstrap_user_12,repetitive_admin,repetitive_admin_048,460.5,2.846,0.0733,0.7911,0.0779,353.4,0.0721,0.9114,0.3076,1,0.7353,True,0.2119,0.7842,0.5424,0.7394,focused_or_low_friction,synthetic_bootstrap
syn_02749,bootstrap_user_01,support_lookup,support_lookup_049,254.1,5.455,0.2293,0.4875,0.1324,242.3,0.0734,0.6317,0.3777,7,0.8182,True,0.296,0.6343,0.5891,0.8867,focused_or_low_friction,synthetic_bootstrap
syn_02750,bootstrap_user_02,deep_work,deep_work_050,2748.4,0.792,0.0544,0.113,0.1125,413.4,0.01,0.9098,0.7615,3,0.5113,True,0.1925,0.8522,0.3191,0.6739,focused_or_low_friction,synthetic_bootstrap
syn_02751,bootstrap_user_03,repetitive_admin,repetitive_admin_051,367.1,3.141,0.1753,0.6554,0.0515,324.0,0.0641,0.7339,0.1349,3,0.8709,True,0.1986,0.7545,0.5769,0.839,focused_or_low_friction,synthetic_bootstrap
syn_02752,bootstrap_user_04,coding_debugging,coding_debugging_052,1266.0,2.501,0.3207,0.3997,0.1976,670.5,0.0832,0.7483,0.6826,1,0.4052,True,0.3648,0.6598,0.3791,0.6119,moderate_friction,synthetic_bootstrap
syn_02753,bootstrap_user_05,research_browsing,research_browsing_053,895.1,2.621,0.4507,0.2106,0.1299,649.9,0.1169,0.6744,0.845,2,0.3019,True,0.3459,0.5811,0.3781,0.5891,moderate_friction,synthetic_bootstrap
syn_02754,bootstrap_user_06,deep_work,deep_work_054,2325.3,0.497,0.0215,0.1181,0.0358,367.5,0.0412,0.7938,0.6485,2,0.3252,True,0.191,0.8176,0.2827,0.6185,focused_or_low_friction,synthetic_bootstrap
syn_02755,bootstrap_user_07,research_browsing,research_browsing_055,906.9,1.386,0.0814,0.2638,0.1471,521.5,0.1783,0.654,0.8163,3,0.3742,True,0.2508,0.5929,0.3205,0.6331,focused_or_low_friction,synthetic_bootstrap
syn_02756,bootstrap_user_08,coding_debugging,coding_debugging_056,739.7,3.82,0.189,0.0549,0.3904,844.6,0.1152,0.5927,0.8111,5,0.347,True,0.4086,0.5557,0.3864,0.6719,moderate_friction,synthetic_bootstrap
syn_02757,bootstrap_user_09,research_browsing,research_browsing_057,1907.6,1.634,0.3635,0.0848,0.0656,800.4,0.1621,0.5918,0.7496,2,0.2546,True,0.3828,0.5587,0.2406,0.5887,moderate_friction,synthetic_bootstrap
syn_02758,bootstrap_user_10,coding_debugging,coding_debugging_058,832.6,2.093,0.1557,0.0655,0.398,519.9,0.0345,0.7826,0.8049,4,0.4907,True,0.2908,0.725,0.3384,0.6861,focused_or_low_friction,synthetic_bootstrap
syn_02759,bootstrap_user_11,coding_debugging,coding_debugging_059,522.6,2.074,0.159,0.1602,0.2848,1143.4,0.0245,0.6133,0.5949,2,0.5502,True,0.3039,0.7457,0.3544,0.6812,moderate_friction,synthetic_bootstrap
syn_02760,bootstrap_user_12,support_lookup,support_lookup_060,205.2,5.813,0.1444,0.683,0.1005,653.4,0.1208,0.6322,0.3582,5,0.7314,True,0.318,0.5714,0.5331,0.8224,moderate_friction,synthetic_bootstrap
syn_02761,bootstrap_user_01,coding_debugging,coding_debugging_001,45.0,3.446,0.4608,0.3049,0.2126,451.5,0.0218,0.6803,0.8465,3,0.5401,True,0.2931,0.669,0.3297,0.6709,focused_or_low_friction,synthetic_bootstrap
syn_02762,bootstrap_user_02,research_browsing,research_browsing_002,854.8,3.888,0.2067,0.1591,0.1195,729.1,0.1544,0.4781,0.8452,1,0.2785,True,0.3816,0.4998,0.2914,0.5607,moderate_friction,synthetic_bootstrap
syn_02763,bootstrap_user_03,deep_work,deep_work_003,2513.0,0.607,0.0564,0.0,0.0792,280.9,0.07,0.8392,0.5715,1,0.1581,True,0.1478,0.8373,0.2625,0.5634,focused_or_low_friction,synthetic_bootstrap
syn_02764,bootstrap_user_04,repetitive_admin,repetitive_admin_004,621.3,1.905,0.1094,0.5756,0.1537,488.0,0.0184,0.7733,0.1317,7,0.846,True,0.2536,0.8575,0.6169,0.9232,focused_or_low_friction,synthetic_bootstrap
syn_02765,bootstrap_user_05,deep_work,deep_work_005,182.4,1.503,0.0471,0.1582,0.203,235.1,0.0809,0.8597,0.7892,2,0.4911,True,0.1808,0.7396,0.2457,0.6431,focused_or_low_friction,synthetic_bootstrap
syn_02766,bootstrap_user_06,research_browsing,research_browsing_006,1511.8,2.038,0.1931,0.077,0.0779,900.4,0.131,0.617,0.6721,2,0.2925,True,0.3727,0.6175,0.287,0.6075,moderate_friction,synthetic_bootstrap
syn_02767,bootstrap_user_07,support_lookup,support_lookup_007,351.8,3.576,0.187,0.3604,0.0946,754.9,0.0701,0.7499,0.4652,11,0.7553,True,0.3746,0.6977,0.5233,0.883,moderate_friction,synthetic_bootstrap
syn_02768,bootstrap_user_08,coding_debugging,coding_debugging_008,832.3,2.622,0.0972,0.1638,0.267,808.6,0.1898,0.6857,0.6086,8,0.4177,True,0.2965,0.5643,0.4129,0.7814,focused_or_low_friction,synthetic_bootstrap
syn_02769,bootstrap_user_09,research_browsing,research_browsing_009,1606.5,0.066,0.3084,0.2452,0.0772,851.5,0.0554,0.4789,0.844,2,0.225,True,0.3679,0.7157,0.2992,0.57,moderate_friction,synthetic_bootstrap
syn_02770,bootstrap_user_10,research_browsing,research_browsing_010,1172.3,3.574,0.1424,0.2735,0.1475,1074.9,0.0699,0.4688,0.8441,1,0.4199,False,0.4199,0.5971,0.3848,0.5962,moderate_friction,synthetic_bootstrap
syn_02771,bootstrap_user_11,deep_work,deep_work_011,1541.5,0.898,0.0773,0.1415,0.1812,208.4,0.0798,0.8243,0.7443,0,0.3141,True,0.1096,0.7693,0.238,0.5592,focused_or_low_friction,synthetic_bootstrap
syn_02772,bootstrap_user_12,coding_debugging,coding_debugging_012,378.6,3.053,0.2432,0.21,0.2719,1059.3,0.0724,0.6755,0.6059,3,0.5464,True,0.2986,0.6637,0.3907,0.7014,focused_or_low_friction,synthetic_bootstrap
syn_02773,bootstrap_user_01,research_browsing,research_browsing_013,1810.9,2.781,0.2203,0.2038,0.0814,770.4,0.1345,0.4462,0.7608,1,0.2693,True,0.3996,0.5404,0.3405,0.5685,moderate_friction,synthetic_bootstrap
syn_02774,bootstrap_user_02,deep_work,deep_work_014,1802.5,1.459,0.152,0.0653,0.0655,374.9,0.0925,0.8781,0.6947,1,0.5482,True,0.2089,0.7264,0.3232,0.6462,focused_or_low_friction,synthetic_bootstrap
syn_02775,bootstrap_user_03,coding_debugging,coding_debugging_015,1403.2,3.589,0.3135,0.1911,0.448,908.4,0.1085,0.723,0.7522,6,0.4203,True,0.4537,0.6075,0.4338,0.7198,high_friction,synthetic_bootstrap
syn_02776,bootstrap_user_04,repetitive_admin,repetitive_admin_016,366.4,3.697,0.0679,0.6509,0.0806,541.2,0.0524,0.7458,0.1741,15,0.9486,True,0.1755,0.7751,0.6888,0.9662,automation_candidate,synthetic_bootstrap
syn_02777,bootstrap_user_05,coding_debugging,coding_debugging_017,1447.2,2.49,0.3371,0.1683,0.196,613.4,0.1154,0.5834,0.7453,1,0.4191,True,0.399,0.6235,0.3446,0.6078,moderate_friction,synthetic_bootstrap
syn_02778,bootstrap_user_06,support_lookup,support_lookup_018,299.5,4.783,0.139,0.8321,0.1279,551.9,0.0806,0.7541,0.223,7,1.0,True,0.284,0.7117,0.6858,0.9507,automation_candidate,synthetic_bootstrap
syn_02779,bootstrap_user_07,repetitive_admin,repetitive_admin_019,473.0,2.742,0.0915,0.649,0.1473,317.5,0.0843,0.7012,0.2254,10,0.7561,True,0.2244,0.7341,0.626,0.912,focused_or_low_friction,synthetic_bootstrap
syn_02780,bootstrap_user_08,deep_work,deep_work_020,2785.7,0.785,0.0762,0.2198,0.0479,654.2,0.0786,0.7093,0.627,0,0.3597,True,0.224,0.7532,0.3058,0.5847,focused_or_low_friction,synthetic_bootstrap
syn_02781,bootstrap_user_09,deep_work,deep_work_021,2404.6,1.324,0.0831,0.19,0.0196,575.3,0.0964,0.8963,0.6494,1,0.315,True,0.2151,0.7148,0.3204,0.5933,focused_or_low_friction,synthetic_bootstrap
syn_02782,bootstrap_user_10,deep_work,deep_work_022,1568.4,1.288,0.1069,0.2492,0.1419,618.7,0.1254,0.8852,0.6106,0,0.2504,True,0.1542,0.7185,0.2933,0.5593,focused_or_low_friction,synthetic_bootstrap
syn_02783,bootstrap_user_11,coding_debugging,coding_debugging_023,1650.7,2.095,0.2395,0.3716,0.2908,714.1,0.0755,0.6414,0.6869,2,0.623,True,0.3661,0.6552,0.4584,0.6883,moderate_friction,synthetic_bootstrap
syn_02784,bootstrap_user_12,repetitive_admin,repetitive_admin_024,336.0,2.832,0.0689,0.7436,0.0279,433.5,0.0336,0.8045,0.3285,8,0.9277,True,0.1983,0.7712,0.6271,0.9425,focused_or_low_friction,synthetic_bootstrap
syn_02785,bootstrap_user_01,repetitive_admin,repetitive_admin_025,347.6,3.839,0.0887,0.6526,0.0506,418.9,0.069,0.631,0.2286,0,0.6687,True,0.2303,0.7204,0.5033,0.7097,focused_or_low_friction,synthetic_bootstrap
syn_02786,bootstrap_user_02,coding_debugging,coding_debugging_026,345.9,0.328,0.1564,0.028,0.2387,931.5,0.1148,0.723,0.7571,2,0.3464,True,0.2318,0.6353,0.21,0.6107,focused_or_low_friction,synthetic_bootstrap
syn_02787,bootstrap_user_03,coding_debugging,coding_debugging_027,1205.4,3.612,0.3566,0.2709,0.2688,569.1,0.086,0.7151,0.7664,4,0.4349,True,0.3971,0.6331,0.429,0.6768,moderate_friction,synthetic_bootstrap
syn_02788,bootstrap_user_04,support_lookup,support_lookup_028,315.6,4.901,0.1425,0.5862,0.0645,472.5,0.0909,0.7441,0.4214,9,0.7535,True,0.289,0.6504,0.609,0.8878,focused_or_low_friction,synthetic_bootstrap
syn_02789,bootstrap_user_05,research_browsing,research_browsing_029,1605.7,4.112,0.0387,0.1162,0.0954,755.5,0.2147,0.4627,0.7432,1,0.2105,True,0.3935,0.4856,0.2907,0.5559,moderate_friction,synthetic_bootstrap
syn_02790,bootstrap_user_06,repetitive_admin,repetitive_admin_030,291.0,3.004,0.0577,0.838,0.1388,172.6,0.0569,0.67,0.2863,8,0.7527,True,0.1708,0.7441,0.6355,0.9038,focused_or_low_friction,synthetic_bootstrap
syn_02791,bootstrap_user_07,research_browsing,research_browsing_031,914.7,2.798,0.0546,0.0,0.0515,532.9,0.0221,0.5203,0.7573,2,0.3737,True,0.2456,0.6759,0.3094,0.6175,focused_or_low_friction,synthetic_bootstrap
syn_02792,bootstrap_user_08,deep_work,deep_work_032,2500.3,0.296,0.0268,0.0363,0.0618,517.2,0.1393,0.8913,0.7186,2,0.397,True,0.2344,0.7258,0.2921,0.628,focused_or_low_friction,synthetic_bootstrap
syn_02793,bootstrap_user_09,coding_debugging,coding_debugging_033,916.2,2.302,0.2518,0.121,0.3873,1166.9,0.0981,0.6465,0.8062,2,0.4465,True,0.3843,0.6396,0.3631,0.6299,moderate_friction,synthetic_bootstrap
syn_02794,bootstrap_user_10,research_browsing,research_browsing_034,1811.3,2.996,0.112,0.2686,0.0633,484.6,0.0834,0.3708,0.7826,2,0.248,True,0.3778,0.6114,0.2845,0.5831,moderate_friction,synthetic_bootstrap
syn_02795,bootstrap_user_11,research_browsing,research_browsing_035,2066.9,2.739,0.3711,0.1317,0.093,669.7,0.0634,0.3855,0.6082,5,0.0998,True,0.4239,0.592,0.2839,0.6345,moderate_friction,synthetic_bootstrap
syn_02796,bootstrap_user_12,support_lookup,support_lookup_036,45.0,4.651,0.0944,0.7036,0.1062,535.4,0.0464,0.6324,0.2616,4,0.6805,True,0.2281,0.6659,0.5105,0.7987,focused_or_low_friction,synthetic_bootstrap
syn_02797,bootstrap_user_01,coding_debugging,coding_debugging_037,738.3,2.16,0.2503,0.389,0.2616,992.2,0.1355,0.4597,0.7388,1,0.2508,True,0.3986,0.6262,0.3121,0.5665,moderate_friction,synthetic_bootstrap
syn_02798,bootstrap_user_02,repetitive_admin,repetitive_admin_038,452.4,3.51,0.0882,0.8889,0.1679,302.3,0.102,0.6908,0.183,7,0.9295,True,0.2608,0.7161,0.7414,0.9379,automation_candidate,synthetic_bootstrap
syn_02799,bootstrap_user_03,coding_debugging,coding_debugging_039,1338.8,3.577,0.1857,0.2197,0.2998,558.0,0.0496,0.652,0.7865,3,0.5683,True,0.3417,0.6288,0.4293,0.6852,moderate_friction,synthetic_bootstrap
syn_02800,bootstrap_user_04,coding_debugging,coding_debugging_040,1319.5,3.408,0.1505,0.2772,0.4436,519.6,0.0382,0.4478,0.7824,1,0.4869,True,0.4319,0.6516,0.3794,0.6203,moderate_friction,synthetic_bootstrap
syn_02801,bootstrap_user_05,research_browsing,research_browsing_041,1199.0,3.867,0.1238,0.2746,0.0875,828.0,0.1002,0.5171,0.745,4,0.2646,True,0.3458,0.567,0.3415,0.6367,moderate_friction,synthetic_bootstrap
syn_02802,bootstrap_user_06,support_lookup,support_lookup_042,383.3,4.068,0.2458,0.9219,0.1434,580.7,0.0968,0.7404,0.2211,10,0.7854,True,0.3454,0.711,0.7146,0.9198,automation_candidate,synthetic_bootstrap
syn_02803,bootstrap_user_07,deep_work,deep_work_043,1041.3,1.054,0.1288,0.1054,0.0798,80.0,0.0738,0.72,0.7317,2,0.3518,True,0.1674,0.7289,0.3086,0.6151,focused_or_low_friction,synthetic_bootstrap
syn_02804,bootstrap_user_08,support_lookup,support_lookup_044,201.7,5.49,0.1067,0.675,0.1709,335.2,0.0197,0.5556,0.5599,5,0.67,True,0.211,0.6351,0.556,0.7828,focused_or_low_friction,synthetic_bootstrap
syn_02805,bootstrap_user_09,deep_work,deep_work_045,1322.3,0.683,0.0947,0.1736,0.0634,548.3,0.1378,0.7351,0.6316,1,0.434,True,0.1928,0.6635,0.2956,0.6252,focused_or_low_friction,synthetic_bootstrap
syn_02806,bootstrap_user_10,repetitive_admin,repetitive_admin_046,448.9,2.686,0.0995,0.7126,0.1737,315.3,0.0916,0.8582,0.3604,5,0.871,True,0.2644,0.7548,0.5927,0.857,focused_or_low_friction,synthetic_bootstrap
syn_02807,bootstrap_user_11,repetitive_admin,repetitive_admin_047,687.7,2.847,0.1531,0.8043,0.0939,366.2,0.0751,0.6833,0.3914,7,0.967,True,0.3038,0.7144,0.7285,0.9223,automation_candidate,synthetic_bootstrap
syn_02808,bootstrap_user_12,coding_debugging,coding_debugging_048,1357.0,0.0,0.1901,0.2569,0.328,963.9,0.1774,0.6745,0.5116,3,0.5902,True,0.3579,0.6615,0.4515,0.7237,moderate_friction,synthetic_bootstrap
syn_02809,bootstrap_user_01,repetitive_admin,repetitive_admin_049,367.0,3.793,0.1457,0.7265,0.0994,406.2,0.0883,0.8009,0.384,5,0.7939,True,0.2504,0.7111,0.5587,0.8349,focused_or_low_friction,synthetic_bootstrap
syn_02810,bootstrap_user_02,deep_work,deep_work_050,2190.3,0.517,0.1137,0.1729,0.0787,353.5,0.0853,0.8266,0.5753,2,0.4888,True,0.1889,0.7639,0.3579,0.6682,focused_or_low_friction,synthetic_bootstrap
syn_02811,bootstrap_user_03,deep_work,deep_work_051,1734.3,0.856,0.1268,0.1414,0.0,593.9,0.0959,0.832,0.5626,1,0.2642,True,0.1717,0.7311,0.3358,0.591,focused_or_low_friction,synthetic_bootstrap
syn_02812,bootstrap_user_04,research_browsing,research_browsing_052,2101.0,3.305,0.217,0.3261,0.1812,487.2,0.1224,0.5581,0.7785,2,0.2897,True,0.3965,0.5988,0.3467,0.594,moderate_friction,synthetic_bootstrap
syn_02813,bootstrap_user_05,coding_debugging,coding_debugging_053,1535.1,1.232,0.3061,0.3443,0.3569,697.7,0.1142,0.7918,0.6608,3,0.5551,True,0.4043,0.7263,0.4714,0.697,moderate_friction,synthetic_bootstrap
syn_02814,bootstrap_user_06,deep_work,deep_work_054,2348.1,0.022,0.014,0.1432,0.0571,562.7,0.0,0.8696,0.6624,1,0.5788,True,0.1121,0.8842,0.3484,0.6577,focused_or_low_friction,synthetic_bootstrap
syn_02815,bootstrap_user_07,deep_work,deep_work_055,1713.0,1.858,0.0905,0.2312,0.1062,678.7,0.0668,0.7349,0.7566,2,0.4454,True,0.2494,0.681,0.3482,0.6356,focused_or_low_friction,synthetic_bootstrap
syn_02816,bootstrap_user_08,support_lookup,support_lookup_056,189.5,4.895,0.1413,0.4415,0.0816,627.7,0.0639,0.5855,0.4523,11,0.8809,False,0.2935,0.6424,0.5433,0.9159,focused_or_low_friction,synthetic_bootstrap
syn_02817,bootstrap_user_09,repetitive_admin,repetitive_admin_057,226.4,3.999,0.1311,0.7297,0.054,520.7,0.0131,0.6601,0.2482,2,0.7895,True,0.1878,0.7801,0.5381,0.7826,focused_or_low_friction,synthetic_bootstrap
syn_02818,bootstrap_user_10,support_lookup,support_lookup_058,243.2,2.597,0.1851,0.3456,0.0836,563.8,0.0861,0.6448,0.2931,4,0.7432,True,0.2633,0.7162,0.4483,0.8106,focused_or_low_friction,synthetic_bootstrap
syn_02819,bootstrap_user_11,support_lookup,support_lookup_059,260.1,2.698,0.0912,0.6982,0.0413,451.4,0.0566,0.5567,0.1765,3,0.609,True,0.2347,0.7393,0.4523,0.7686,focused_or_low_friction,synthetic_bootstrap
syn_02820,bootstrap_user_12,research_browsing,research_browsing_060,1933.1,3.484,0.1641,0.275,0.1069,720.0,0.0579,0.3981,0.6744,4,0.2007,True,0.3959,0.62,0.3663,0.6292,moderate_friction,synthetic_bootstrap
syn_02821,bootstrap_user_01,repetitive_admin,repetitive_admin_001,393.5,3.68,0.0576,0.6671,0.0,137.8,0.0111,0.8168,0.2527,11,0.8908,True,0.1217,0.8123,0.6875,0.9424,automation_candidate,synthetic_bootstrap
syn_02822,bootstrap_user_02,coding_debugging,coding_debugging_002,2090.3,1.889,0.3605,0.2276,0.2298,1006.1,0.1946,0.6388,0.6517,3,0.4591,True,0.4777,0.5379,0.4253,0.6741,high_friction,synthetic_bootstrap
syn_02823,bootstrap_user_03,deep_work,deep_work_003,2187.7,1.221,0.1022,0.2307,0.112,404.2,0.0854,0.8107,0.7141,2,0.3123,True,0.2122,0.6954,0.3538,0.6074,focused_or_low_friction,synthetic_bootstrap
syn_02824,bootstrap_user_04,research_browsing,research_browsing_004,1524.0,2.327,0.2732,0.1394,0.0746,732.4,0.1815,0.6136,0.7379,1,0.4019,True,0.3839,0.5572,0.3362,0.6044,moderate_friction,synthetic_bootstrap
syn_02825,bootstrap_user_05,research_browsing,research_browsing_005,2356.5,1.512,0.4366,0.2549,0.2312,433.7,0.1291,0.5991,0.8707,2,0.3429,True,0.407,0.5719,0.3499,0.5963,moderate_friction,synthetic_bootstrap
syn_02826,bootstrap_user_06,coding_debugging,coding_debugging_006,867.0,2.087,0.1215,0.2456,0.2071,771.4,0.0457,0.6079,0.81,2,0.2893,True,0.3123,0.7013,0.3171,0.5901,moderate_friction,synthetic_bootstrap
syn_02827,bootstrap_user_07,support_lookup,support_lookup_007,197.0,3.902,0.1753,0.3957,0.0608,745.2,0.0662,0.7827,0.4717,6,0.7603,True,0.2784,0.719,0.4692,0.8385,focused_or_low_friction,synthetic_bootstrap
syn_02828,bootstrap_user_08,repetitive_admin,repetitive_admin_008,441.4,2.944,0.1168,0.6377,0.077,359.2,0.0362,0.8112,0.139,9,0.7863,True,0.168,0.8256,0.5777,0.9299,focused_or_low_friction,synthetic_bootstrap
syn_02829,bootstrap_user_09,coding_debugging,coding_debugging_009,1175.9,2.241,0.1733,0.2582,0.1787,768.6,0.0375,0.8355,0.8061,3,0.2863,True,0.2788,0.7372,0.3611,0.6123,focused_or_low_friction,synthetic_bootstrap
syn_02830,bootstrap_user_10,coding_debugging,coding_debugging_010,1201.2,2.508,0.2613,0.2742,0.2362,503.5,0.1924,0.6558,0.9006,2,0.7575,True,0.3955,0.519,0.4465,0.6963,moderate_friction,synthetic_bootstrap
syn_02831,bootstrap_user_11,repetitive_admin,repetitive_admin_011,402.7,2.707,0.1788,0.7189,0.1132,497.5,0.0924,0.7779,0.1289,7,0.858,True,0.2594,0.7795,0.6316,0.9265,focused_or_low_friction,synthetic_bootstrap
syn_02832,bootstrap_user_12,support_lookup,support_lookup_012,503.0,3.881,0.1586,0.478,0.032,307.6,0.0904,0.7342,0.2628,7,0.8706,True,0.3331,0.7218,0.6087,0.9136,moderate_friction,synthetic_bootstrap
syn_02833,bootstrap_user_01,support_lookup,support_lookup_013,380.2,1.85,0.1625,0.7836,0.1096,653.7,0.1034,0.7304,0.3317,8,0.6229,True,0.3086,0.7355,0.6154,0.8659,moderate_friction,synthetic_bootstrap
syn_02834,bootstrap_user_02,research_browsing,research_browsing_014,1489.3,3.162,0.3849,0.1034,0.1696,938.9,0.1523,0.5315,0.8274,1,0.2325,True,0.4155,0.5097,0.2501,0.5513,moderate_friction,synthetic_bootstrap
syn_02835,bootstrap_user_03,coding_debugging,coding_debugging_015,1393.8,3.671,0.5217,0.1366,0.2142,767.0,0.1411,0.5999,0.8278,3,0.1885,True,0.4335,0.4994,0.3065,0.5853,moderate_friction,synthetic_bootstrap
syn_02836,bootstrap_user_04,coding_debugging,coding_debugging_016,1484.6,2.275,0.2412,0.4609,0.2219,884.1,0.139,0.6408,0.6413,1,0.5225,True,0.3905,0.5909,0.443,0.6462,moderate_friction,synthetic_bootstrap
syn_02837,bootstrap_user_05,coding_debugging,coding_debugging_017,1831.6,1.394,0.2573,0.2569,0.4199,671.1,0.1297,0.7752,0.5829,1,0.4224,False,0.3969,0.703,0.3349,0.6281,moderate_friction,synthetic_bootstrap
syn_02838,bootstrap_user_06,repetitive_admin,repetitive_admin_018,488.5,0.464,0.2063,0.8759,0.0713,94.1,0.047,0.8504,0.3324,16,0.8451,True,0.1084,0.8291,0.6881,0.9214,automation_candidate,synthetic_bootstrap
syn_02839,bootstrap_user_07,repetitive_admin,repetitive_admin_019,546.9,2.098,0.187,0.8155,0.0916,379.4,0.0217,0.8038,0.2398,11,0.988,True,0.2489,0.8353,0.77,0.9682,automation_candidate,synthetic_bootstrap
syn_02840,bootstrap_user_08,deep_work,deep_work_020,1189.9,0.537,0.0502,0.2658,0.0775,581.4,0.081,0.7996,0.543,0,0.3215,True,0.1403,0.7884,0.3654,0.5852,focused_or_low_friction,synthetic_bootstrap
syn_02841,bootstrap_user_09,coding_debugging,coding_debugging_021,1817.6,2.276,0.2932,0.3102,0.3307,962.9,0.1168,0.6269,0.6608,3,0.1099,True,0.3953,0.6317,0.3232,0.5857,moderate_friction,synthetic_bootstrap
syn_02842,bootstrap_user_10,support_lookup,support_lookup_022,392.5,4.464,0.1839,0.6789,0.0692,730.4,0.0822,0.6097,0.2488,5,0.7792,True,0.3403,0.6577,0.5767,0.8475,moderate_friction,synthetic_bootstrap
syn_02843,bootstrap_user_11,support_lookup,support_lookup_023,240.6,4.886,0.1825,0.6723,0.1224,484.9,0.0805,0.3856,0.3205,5,0.8019,True,0.3443,0.6232,0.5302,0.8445,moderate_friction,synthetic_bootstrap
syn_02844,bootstrap_user_12,repetitive_admin,repetitive_admin_024,453.5,1.919,0.1488,0.664,0.0478,157.6,0.0472,0.6358,0.1316,9,0.9375,True,0.1457,0.7969,0.6813,0.9686,automation_candidate,synthetic_bootstrap
syn_02845,bootstrap_user_01,repetitive_admin,repetitive_admin_025,399.5,3.526,0.0938,0.6738,0.0536,459.6,0.0703,0.69,0.3555,2,0.8463,True,0.2036,0.6881,0.516,0.7839,focused_or_low_friction,synthetic_bootstrap
syn_02846,bootstrap_user_02,support_lookup,support_lookup_026,322.0,4.206,0.1333,0.5974,0.0072,622.9,0.0,0.5893,0.3513,8,0.8139,True,0.3165,0.7833,0.5895,0.9113,moderate_friction,synthetic_bootstrap
syn_02847,bootstrap_user_03,repetitive_admin,repetitive_admin_027,405.0,3.04,0.0833,0.7651,0.1309,80.0,0.0449,0.874,0.3193,10,0.7319,True,0.1923,0.797,0.6371,0.8947,focused_or_low_friction,synthetic_bootstrap
syn_02848,bootstrap_user_04,deep_work,deep_work_028,2021.4,0.333,0.0215,0.2142,0.1448,316.3,0.0334,0.7498,0.6998,0,0.5041,True,0.1746,0.7912,0.3451,0.612,focused_or_low_friction,synthetic_bootstrap
syn_02849,bootstrap_user_05,coding_debugging,coding_debugging_029,1399.6,0.69,0.2052,0.2243,0.2475,1006.6,0.0701,0.6886,0.7685,2,0.5259,True,0.3436,0.7035,0.3694,0.6543,moderate_friction,synthetic_bootstrap
syn_02850,bootstrap_user_06,repetitive_admin,repetitive_admin_030,349.6,3.26,0.1206,0.7367,0.0871,454.5,0.0122,0.7858,0.1287,0,1.0,True,0.1712,0.7901,0.5508,0.8046,focused_or_low_friction,synthetic_bootstrap
syn_02851,bootstrap_user_07,repetitive_admin,repetitive_admin_031,451.0,3.443,0.0476,0.6668,0.0948,411.0,0.0538,0.8084,0.2691,14,0.8365,True,0.2248,0.7401,0.7055,0.9268,automation_candidate,synthetic_bootstrap
syn_02852,bootstrap_user_08,support_lookup,support_lookup_032,196.0,3.089,0.146,0.641,0.0318,524.8,0.0535,0.7638,0.2903,10,0.8287,True,0.233,0.7994,0.6052,0.9223,focused_or_low_friction,synthetic_bootstrap
syn_02853,bootstrap_user_09,coding_debugging,coding_debugging_033,767.0,2.586,0.1235,0.1099,0.4307,928.7,0.0571,0.9549,0.5818,3,0.3085,True,0.2663,0.7588,0.2911,0.6448,focused_or_low_friction,synthetic_bootstrap
syn_02854,bootstrap_user_10,repetitive_admin,repetitive_admin_034,732.4,2.582,0.1488,0.7206,0.0579,90.4,0.0432,0.7155,0.3119,17,0.9116,True,0.2373,0.7465,0.7438,0.9405,automation_candidate,synthetic_bootstrap
syn_02855,bootstrap_user_11,coding_debugging,coding_debugging_035,769.5,2.155,0.2256,0.0722,0.4267,743.4,0.0835,0.4885,0.6725,1,0.2528,True,0.3427,0.6568,0.2642,0.575,moderate_friction,synthetic_bootstrap
syn_02856,bootstrap_user_12,research_browsing,research_browsing_036,1407.4,3.095,0.2546,0.1127,0.145,390.4,0.1121,0.4354,0.7903,3,0.3667,True,0.3419,0.576,0.323,0.6343,moderate_friction,synthetic_bootstrap
syn_02857,bootstrap_user_01,coding_debugging,coding_debugging_037,893.7,2.317,0.3735,0.1853,0.3695,840.1,0.1168,0.516,0.6815,2,0.4672,True,0.368,0.5497,0.3977,0.65,moderate_friction,synthetic_bootstrap
syn_02858,bootstrap_user_02,support_lookup,support_lookup_038,354.4,1.888,0.1861,0.571,0.1709,482.2,0.0764,0.6175,0.2844,9,0.8978,True,0.3139,0.7224,0.5545,0.9403,moderate_friction,synthetic_bootstrap
syn_02859,bootstrap_user_03,coding_debugging,coding_debugging_039,1104.9,2.656,0.1133,0.0417,0.2505,616.6,0.1685,0.6113,0.7935,3,0.6396,True,0.3399,0.5305,0.4046,0.7022,moderate_friction,synthetic_bootstrap
syn_02860,bootstrap_user_04,support_lookup,support_lookup_040,371.4,5.347,0.17,0.4264,0.1057,398.0,0.0877,0.6173,0.3107,13,0.8699,True,0.3217,0.6116,0.6733,0.9302,moderate_friction,synthetic_bootstrap
syn_02861,bootstrap_user_05,support_lookup,support_lookup_041,409.2,2.756,0.1386,0.5011,0.1341,715.5,0.049,0.6229,0.1448,4,0.9407,True,0.3335,0.7645,0.5486,0.8778,moderate_friction,synthetic_bootstrap
syn_02862,bootstrap_user_06,support_lookup,support_lookup_042,261.9,4.689,0.2901,0.5325,0.1031,377.2,0.001,0.752,0.5522,9,0.813,True,0.2873,0.7268,0.5772,0.887,focused_or_low_friction,synthetic_bootstrap
syn_02863,bootstrap_user_07,repetitive_admin,repetitive_admin_043,464.1,3.067,0.17,0.589,0.0968,269.1,0.0653,0.9555,0.35,13,0.9322,True,0.1935,0.782,0.6356,0.9411,focused_or_low_friction,synthetic_bootstrap
syn_02864,bootstrap_user_08,deep_work,deep_work_044,1658.1,0.764,0.0184,0.0724,0.1569,80.0,0.0909,0.9131,0.6773,3,0.2987,True,0.1335,0.7638,0.2874,0.6309,focused_or_low_friction,synthetic_bootstrap
syn_02865,bootstrap_user_09,support_lookup,support_lookup_045,242.0,3.35,0.113,0.4741,0.1308,340.2,0.0227,0.5526,0.3826,9,0.8651,True,0.254,0.7344,0.5809,0.9204,focused_or_low_friction,synthetic_bootstrap
syn_02866,bootstrap_user_10,deep_work,deep_work_046,2020.1,0.472,0.0262,0.2582,0.0963,639.3,0.036,0.7876,0.5423,2,0.2763,True,0.2277,0.8429,0.3488,0.619,focused_or_low_friction,synthetic_bootstrap
syn_02867,bootstrap_user_11,support_lookup,support_lookup_047,139.8,2.071,0.2577,0.3288,0.0849,373.9,0.0322,0.6159,0.2439,3,0.8155,True,0.1566,0.7816,0.4266,0.8121,focused_or_low_friction,synthetic_bootstrap
syn_02868,bootstrap_user_12,support_lookup,support_lookup_048,304.7,4.035,0.1322,0.7186,0.1268,179.0,0.0534,0.6655,0.2397,6,0.8392,True,0.2489,0.7067,0.5761,0.886,focused_or_low_friction,synthetic_bootstrap
syn_02869,bootstrap_user_01,research_browsing,research_browsing_049,1657.8,4.291,0.1135,0.2562,0.0993,163.0,0.0383,0.653,0.6701,1,0.2902,True,0.275,0.7007,0.3278,0.5846,focused_or_low_friction,synthetic_bootstrap
syn_02870,bootstrap_user_02,deep_work,deep_work_050,1849.3,1.004,0.1156,0.2341,0.0683,567.3,0.043,0.8138,0.7301,2,0.4184,True,0.193,0.7859,0.401,0.632,focused_or_low_friction,synthetic_bootstrap
syn_02871,bootstrap_user_03,coding_debugging,coding_debugging_051,1484.6,2.543,0.1294,0.1556,0.2676,1016.6,0.0532,0.6807,0.732,3,0.3898,False,0.3447,0.7091,0.3607,0.6471,moderate_friction,synthetic_bootstrap
syn_02872,bootstrap_user_04,support_lookup,support_lookup_052,152.3,4.568,0.4539,0.5938,0.1927,80.0,0.0519,0.7555,0.3617,5,0.7874,True,0.3193,0.6971,0.5144,0.8359,moderate_friction,synthetic_bootstrap
syn_02873,bootstrap_user_05,deep_work,deep_work_053,1683.6,0.699,0.0366,0.1376,0.0763,233.9,0.1135,0.8537,0.6159,2,0.2343,True,0.1613,0.7572,0.2754,0.5997,focused_or_low_friction,synthetic_bootstrap
syn_02874,bootstrap_user_06,repetitive_admin,repetitive_admin_054,466.7,3.126,0.0602,0.6999,0.0973,419.8,0.0,0.7549,0.2825,0,0.7954,True,0.2357,0.7881,0.5363,0.7349,focused_or_low_friction,synthetic_bootstrap
syn_02875,bootstrap_user_07,deep_work,deep_work_055,859.8,1.429,0.0681,0.0928,0.1077,276.8,0.1006,0.8101,0.299,1,0.3729,True,0.1506,0.7974,0.2989,0.6499,focused_or_low_friction,synthetic_bootstrap
syn_02876,bootstrap_user_08,repetitive_admin,repetitive_admin_056,529.1,3.944,0.0221,0.8519,0.0931,343.4,0.041,0.6466,0.3431,9,0.9066,True,0.2495,0.7282,0.7484,0.9355,automation_candidate,synthetic_bootstrap
syn_02877,bootstrap_user_09,repetitive_admin,repetitive_admin_057,511.0,3.373,0.1119,0.5078,0.0006,332.1,0.0881,0.6766,0.2134,4,0.7568,False,0.2391,0.7093,0.5105,0.8236,focused_or_low_friction,synthetic_bootstrap
syn_02878,bootstrap_user_10,support_lookup,support_lookup_058,197.4,4.584,0.2112,0.377,0.072,503.9,0.0732,0.6728,0.4505,2,0.8315,True,0.274,0.6549,0.4428,0.7688,focused_or_low_friction,synthetic_bootstrap
syn_02879,bootstrap_user_11,support_lookup,support_lookup_059,205.5,3.164,0.1846,0.405,0.1298,621.6,0.0119,0.6763,0.3362,11,0.921,True,0.2722,0.7651,0.5976,0.9399,focused_or_low_friction,synthetic_bootstrap
syn_02880,bootstrap_user_12,deep_work,deep_work_060,1673.8,0.351,0.0841,0.1433,0.0799,439.3,0.0824,0.891,0.6216,0,0.4314,True,0.1621,0.7654,0.296,0.6033,focused_or_low_friction,synthetic_bootstrap
syn_02881,bootstrap_user_01,deep_work,deep_work_001,1942.5,0.319,0.0418,0.1383,0.1491,490.5,0.0571,0.8039,0.6134,1,0.4367,True,0.229,0.7654,0.3516,0.6281,focused_or_low_friction,synthetic_bootstrap
syn_02882,bootstrap_user_02,deep_work,deep_work_002,2894.6,0.873,0.0384,0.2431,0.1039,355.3,0.0411,0.7875,0.6993,2,0.3841,True,0.1984,0.8058,0.3391,0.6271,focused_or_low_friction,synthetic_bootstrap
syn_02883,bootstrap_user_03,support_lookup,support_lookup_003,443.8,3.517,0.2116,0.9046,0.1621,654.2,0.0689,0.6653,0.3409,5,0.6364,True,0.3179,0.7147,0.5952,0.8007,moderate_friction,synthetic_bootstrap
syn_02884,bootstrap_user_04,repetitive_admin,repetitive_admin_004,276.7,4.606,0.0331,0.6401,0.0571,399.4,0.0316,0.8716,0.1429,24,0.7753,True,0.1862,0.7922,0.6743,0.9267,focused_or_low_friction,synthetic_bootstrap
syn_02885,bootstrap_user_05,support_lookup,support_lookup_005,222.1,4.716,0.121,0.7122,0.1191,341.9,0.0728,0.6965,0.2811,5,0.8412,True,0.2409,0.7081,0.6112,0.8591,focused_or_low_friction,synthetic_bootstrap
syn_02886,bootstrap_user_06,repetitive_admin,repetitive_admin_006,615.5,3.617,0.0659,0.827,0.0723,445.8,0.0311,0.686,0.2099,3,0.8131,True,0.2682,0.7537,0.6065,0.8156,focused_or_low_friction,synthetic_bootstrap
syn_02887,bootstrap_user_07,deep_work,deep_work_007,1801.6,1.616,0.0454,0.0394,0.0244,295.1,0.0537,1.0,0.7767,1,0.5723,True,0.1246,0.7725,0.3419,0.6424,focused_or_low_friction,synthetic_bootstrap
syn_02888,bootstrap_user_08,research_browsing,research_browsing_008,1315.0,4.658,0.2591,0.2527,0.0092,276.2,0.0267,0.5286,0.6769,3,0.2761,True,0.2809,0.6476,0.3228,0.6253,focused_or_low_friction,synthetic_bootstrap
syn_02889,bootstrap_user_09,deep_work,deep_work_009,1775.6,1.025,0.1093,0.1246,0.0045,632.0,0.0643,0.7956,0.9019,2,0.2877,True,0.2228,0.7088,0.2856,0.5787,focused_or_low_friction,synthetic_bootstrap
syn_02890,bootstrap_user_10,deep_work,deep_work_010,2350.7,0.76,0.1294,0.1445,0.0556,150.4,0.091,0.8437,0.7781,2,0.5981,True,0.1906,0.7178,0.3796,0.6711,focused_or_low_friction,synthetic_bootstrap
syn_02891,bootstrap_user_11,deep_work,deep_work_011,1336.5,1.211,0.0432,0.2113,0.1503,170.3,0.0261,0.8388,0.6928,1,0.2928,True,0.1365,0.7843,0.3171,0.5826,focused_or_low_friction,synthetic_bootstrap
syn_02892,bootstrap_user_12,research_browsing,research_browsing_012,1062.8,2.535,0.3294,0.2564,0.0502,458.0,0.1489,0.4079,0.9163,2,0.2306,True,0.3784,0.4628,0.3355,0.5627,moderate_friction,synthetic_bootstrap
syn_02893,bootstrap_user_01,coding_debugging,coding_debugging_013,1637.5,1.911,0.2721,0.2536,0.3734,590.3,0.0993,0.599,0.7879,7,0.3173,True,0.38,0.6209,0.3998,0.7123,moderate_friction,synthetic_bootstrap
syn_02894,bootstrap_user_02,coding_debugging,coding_debugging_014,411.3,3.265,0.3192,0.2493,0.2126,760.5,0.0422,0.607,0.7534,2,0.314,True,0.3462,0.6544,0.2458,0.6031,moderate_friction,synthetic_bootstrap
syn_02895,bootstrap_user_03,research_browsing,research_browsing_015,1711.7,3.598,0.2368,0.3116,0.1012,744.8,0.1335,0.6853,0.7822,1,0.4168,True,0.4034,0.5797,0.3329,0.6028,moderate_friction,synthetic_bootstrap
syn_02896,bootstrap_user_04,deep_work,deep_work_016,1882.0,0.815,0.1415,0.2347,0.1206,80.0,0.047,0.7909,0.6459,2,0.5276,True,0.1409,0.7653,0.3555,0.6694,focused_or_low_friction,synthetic_bootstrap
syn_02897,bootstrap_user_05,research_browsing,research_browsing_017,1291.6,3.886,0.3068,0.1499,0.0985,1018.3,0.0358,0.6566,0.8424,1,0.2978,True,0.3613,0.6237,0.2875,0.5659,moderate_friction,synthetic_bootstrap
syn_02898,bootstrap_user_06,repetitive_admin,repetitive_admin_018,699.3,2.76,0.1321,0.8142,0.0715,384.7,0.0651,0.6637,0.1264,5,0.9983,True,0.2727,0.7404,0.7345,0.9169,automation_candidate,synthetic_bootstrap
syn_02899,bootstrap_user_07,coding_debugging,coding_debugging_019,964.5,1.791,0.2653,0.4913,0.3442,739.2,0.0,0.7588,0.6505,1,0.3131,True,0.2904,0.7501,0.3981,0.5927,focused_or_low_friction,synthetic_bootstrap
syn_02900,bootstrap_user_08,support_lookup,support_lookup_020,176.8,4.731,0.1491,0.416,0.1059,509.8,0.0224,0.464,0.3911,6,0.7685,True,0.2282,0.6778,0.5076,0.8502,focused_or_low_friction,synthetic_bootstrap
syn_02901,bootstrap_user_09,repetitive_admin,repetitive_admin_021,392.6,1.784,0.0804,0.6658,0.0168,428.3,0.0501,0.6821,0.3786,6,0.9784,True,0.1616,0.761,0.5993,0.9042,focused_or_low_friction,synthetic_bootstrap
syn_02902,bootstrap_user_10,research_browsing,research_browsing_022,814.8,3.159,0.184,0.1461,0.0979,871.0,0.0829,0.6021,0.8355,0,0.3627,True,0.3338,0.5933,0.2587,0.5604,moderate_friction,synthetic_bootstrap
syn_02903,bootstrap_user_11,deep_work,deep_work_023,1772.8,0.75,0.081,0.1215,0.0993,80.0,0.1063,0.9378,0.6247,2,0.5517,True,0.1453,0.7991,0.4061,0.678,focused_or_low_friction,synthetic_bootstrap
syn_02904,bootstrap_user_12,research_browsing,research_browsing_024,819.6,2.547,0.3004,0.2198,0.1353,80.0,0.0123,0.7941,0.8619,2,0.1509,True,0.2207,0.6909,0.2635,0.5493,focused_or_low_friction,synthetic_bootstrap
syn_02905,bootstrap_user_01,repetitive_admin,repetitive_admin_025,476.3,3.79,0.0886,0.8379,0.118,146.9,0.0991,0.845,0.3007,7,0.9231,True,0.2052,0.7489,0.6347,0.9222,focused_or_low_friction,synthetic_bootstrap
syn_02906,bootstrap_user_02,coding_debugging,coding_debugging_026,800.8,2.603,0.2743,0.31,0.1605,713.8,0.1575,0.4457,0.696,2,0.4709,True,0.3594,0.5353,0.3883,0.6492,moderate_friction,synthetic_bootstrap
syn_02907,bootstrap_user_03,research_browsing,research_browsing_027,1267.7,2.964,0.3511,0.0838,0.1171,442.7,0.2077,0.5907,0.6986,2,0.1249,True,0.3701,0.5268,0.2962,0.5624,moderate_friction,synthetic_bootstrap
syn_02908,bootstrap_user_04,deep_work,deep_work_028,1747.6,1.057,0.1204,0.33,0.0598,721.7,0.0363,0.9144,0.6179,1,0.3158,True,0.1938,0.8388,0.2889,0.5973,focused_or_low_friction,synthetic_bootstrap
syn_02909,bootstrap_user_05,research_browsing,research_browsing_029,1262.7,1.805,0.3015,0.2936,0.0913,495.3,0.0292,0.8139,0.9055,0,0.3787,True,0.2415,0.6945,0.2678,0.556,focused_or_low_friction,synthetic_bootstrap
syn_02910,bootstrap_user_06,support_lookup,support_lookup_030,255.4,6.574,0.1059,0.7359,0.1624,649.9,0.1199,0.7555,0.5585,3,0.8645,True,0.3248,0.4936,0.5352,0.7866,moderate_friction,synthetic_bootstrap
syn_02911,bootstrap_user_07,coding_debugging,coding_debugging_031,773.9,2.705,0.2177,0.2403,0.2396,746.6,0.0967,0.5404,0.8021,5,0.2592,True,0.3014,0.5696,0.387,0.651,moderate_friction,synthetic_bootstrap
syn_02912,bootstrap_user_08,deep_work,deep_work_032,2803.7,0.652,0.1717,0.0981,0.0783,750.2,0.0435,0.8933,0.6452,1,0.2889,True,0.2717,0.8095,0.269,0.5873,focused_or_low_friction,synthetic_bootstrap
syn_02913,bootstrap_user_09,support_lookup,support_lookup_033,190.7,4.674,0.2507,0.5843,0.1582,569.5,0.0572,0.7512,0.3041,3,0.7847,True,0.2689,0.7217,0.5157,0.7972,focused_or_low_friction,synthetic_bootstrap
syn_02914,bootstrap_user_10,coding_debugging,coding_debugging_034,1048.2,2.195,0.2889,0.2926,0.3053,739.8,0.0333,0.5319,0.7477,3,0.2121,True,0.3294,0.7064,0.3615,0.6008,moderate_friction,synthetic_bootstrap
syn_02915,bootstrap_user_11,support_lookup,support_lookup_035,303.0,4.22,0.1299,0.5621,0.1346,473.2,0.0751,0.6743,0.3925,8,0.7374,True,0.3128,0.7157,0.5883,0.8872,moderate_friction,synthetic_bootstrap
syn_02916,bootstrap_user_12,deep_work,deep_work_036,405.5,0.459,0.0857,0.0621,0.0327,374.6,0.0938,0.8694,0.6433,1,0.2488,True,0.1472,0.785,0.1822,0.5775,focused_or_low_friction,synthetic_bootstrap
syn_02917,bootstrap_user_01,repetitive_admin,repetitive_admin_037,223.3,2.851,0.1714,0.5117,0.0766,417.1,0.1101,0.6859,0.2678,15,0.8129,True,0.2242,0.6946,0.622,0.9211,focused_or_low_friction,synthetic_bootstrap
syn_02918,bootstrap_user_02,research_browsing,research_browsing_038,1276.2,5.484,0.0341,0.1574,0.0873,620.5,0.164,0.5264,0.8394,2,0.4006,True,0.369,0.4725,0.3358,0.6144,moderate_friction,synthetic_bootstrap
syn_02919,bootstrap_user_03,deep_work,deep_work_039,2599.5,0.457,0.0561,0.0815,0.1101,363.9,0.1406,0.8627,0.6523,1,0.3367,True,0.2058,0.7193,0.2529,0.5984,focused_or_low_friction,synthetic_bootstrap
syn_02920,bootstrap_user_04,coding_debugging,coding_debugging_040,2109.4,2.019,0.1288,0.1325,0.2656,1285.6,0.0915,0.5688,0.8045,4,0.5123,True,0.4161,0.6281,0.3478,0.6915,moderate_friction,synthetic_bootstrap
syn_02921,bootstrap_user_05,research_browsing,research_browsing_041,1238.0,2.533,0.1724,0.2023,0.0671,575.1,0.0857,0.5762,0.8292,0,0.3544,True,0.3039,0.6301,0.3106,0.5591,moderate_friction,synthetic_bootstrap
syn_02922,bootstrap_user_06,deep_work,deep_work_042,1592.2,1.0,0.1372,0.1104,0.067,563.5,0.0578,0.7625,0.7222,1,0.4966,True,0.179,0.75,0.329,0.63,focused_or_low_friction,synthetic_bootstrap
syn_02923,bootstrap_user_07,deep_work,deep_work_043,1960.2,1.043,0.0523,0.2408,0.0072,309.4,0.0815,0.7642,0.649,1,0.325,True,0.1534,0.729,0.3041,0.5959,focused_or_low_friction,synthetic_bootstrap
syn_02924,bootstrap_user_08,coding_debugging,coding_debugging_044,1596.7,3.186,0.2274,0.2908,0.2982,1113.9,0.1096,0.5878,0.88,1,0.4647,True,0.4771,0.5595,0.3589,0.6031,high_friction,synthetic_bootstrap
syn_02925,bootstrap_user_09,deep_work,deep_work_045,1095.8,1.467,0.0234,0.2071,0.0187,910.3,0.0259,0.8234,0.8012,1,0.4177,True,0.2006,0.8016,0.3096,0.6008,focused_or_low_friction,synthetic_bootstrap
syn_02926,bootstrap_user_10,support_lookup,support_lookup_046,409.7,4.723,0.3359,0.5118,0.0779,478.2,0.0236,0.7526,0.3517,3,0.7077,True,0.3565,0.7221,0.4883,0.7722,moderate_friction,synthetic_bootstrap
syn_02927,bootstrap_user_11,coding_debugging,coding_debugging_047,935.6,1.985,0.4759,0.2166,0.3858,694.4,0.1841,0.4759,0.8007,1,0.7299,True,0.3941,0.4811,0.4358,0.6789,moderate_friction,synthetic_bootstrap
syn_02928,bootstrap_user_12,support_lookup,support_lookup_048,325.8,5.0,0.1925,0.5785,0.1643,364.5,0.0616,0.598,0.283,5,0.7165,True,0.2805,0.6753,0.5257,0.8277,focused_or_low_friction,synthetic_bootstrap
syn_02929,bootstrap_user_01,repetitive_admin,repetitive_admin_049,424.6,3.033,0.09,0.8656,0.0652,471.5,0.0715,0.7155,0.1542,4,0.9623,True,0.2186,0.7515,0.6946,0.8821,automation_candidate,synthetic_bootstrap
syn_02930,bootstrap_user_02,coding_debugging,coding_debugging_050,709.4,2.326,0.3352,0.1094,0.2242,661.0,0.1431,0.5618,0.5764,0,0.3126,True,0.3116,0.565,0.2884,0.579,moderate_friction,synthetic_bootstrap
syn_02931,bootstrap_user_03,support_lookup,support_lookup_051,340.8,4.308,0.159,0.7164,0.145,342.4,0.0345,0.7307,0.3898,8,0.7006,True,0.2892,0.7099,0.5651,0.8784,focused_or_low_friction,synthetic_bootstrap
syn_02932,bootstrap_user_04,repetitive_admin,repetitive_admin_052,320.0,2.995,0.2221,0.6194,0.0775,645.6,0.0172,0.7994,0.2089,10,1.0,True,0.2157,0.79,0.6646,0.9749,focused_or_low_friction,synthetic_bootstrap
syn_02933,bootstrap_user_05,support_lookup,support_lookup_053,203.5,2.559,0.0097,0.512,0.1084,721.5,0.0379,0.6792,0.1729,4,0.5453,True,0.2079,0.8114,0.449,0.7756,focused_or_low_friction,synthetic_bootstrap
syn_02934,bootstrap_user_06,research_browsing,research_browsing_054,2616.2,2.521,0.1317,0.34,0.0385,935.6,0.1063,0.632,0.6851,5,0.2541,True,0.3829,0.631,0.4092,0.6638,moderate_friction,synthetic_bootstrap
syn_02935,bootstrap_user_07,coding_debugging,coding_debugging_055,532.6,2.331,0.2137,0.1617,0.2059,1010.3,0.0825,0.5898,0.7627,4,0.2907,True,0.3063,0.6399,0.3226,0.6412,moderate_friction,synthetic_bootstrap
syn_02936,bootstrap_user_08,support_lookup,support_lookup_056,45.0,3.193,0.1615,0.6695,0.171,214.5,0.1025,0.7121,0.3335,2,0.7328,True,0.2119,0.6894,0.4363,0.7582,focused_or_low_friction,synthetic_bootstrap
syn_02937,bootstrap_user_09,repetitive_admin,repetitive_admin_057,530.2,3.05,0.1058,0.7086,0.0542,274.0,0.0044,0.6842,0.1,10,0.8066,True,0.1992,0.8123,0.6576,0.9396,focused_or_low_friction,synthetic_bootstrap
syn_02938,bootstrap_user_10,deep_work,deep_work_058,1910.9,1.65,0.1255,0.2524,0.0251,415.5,0.0721,0.9343,0.7717,1,0.0754,True,0.197,0.7368,0.2582,0.5187,focused_or_low_friction,synthetic_bootstrap
syn_02939,bootstrap_user_11,repetitive_admin,repetitive_admin_059,512.0,4.332,0.0733,0.791,0.1445,565.6,0.0341,0.7665,0.3551,8,0.8401,True,0.2465,0.7305,0.6486,0.9174,focused_or_low_friction,synthetic_bootstrap
syn_02940,bootstrap_user_12,deep_work,deep_work_060,1854.7,1.19,0.059,0.0,0.0841,499.3,0.0883,0.7623,0.5595,2,0.3922,False,0.1569,0.7528,0.276,0.6459,focused_or_low_friction,synthetic_bootstrap
syn_02941,bootstrap_user_01,research_browsing,research_browsing_001,1541.3,3.174,0.4069,0.1738,0.2,668.0,0.0767,0.4533,0.7298,2,0.3155,True,0.4327,0.6152,0.292,0.6063,moderate_friction,synthetic_bootstrap
syn_02942,bootstrap_user_02,repetitive_admin,repetitive_admin_002,571.8,4.883,0.0122,0.6639,0.046,506.6,0.0376,0.6991,0.3221,14,0.8551,True,0.2591,0.7386,0.6892,0.9251,automation_candidate,synthetic_bootstrap
syn_02943,bootstrap_user_03,coding_debugging,coding_debugging_003,1092.6,1.356,0.1477,0.0455,0.2485,1060.5,0.0008,0.6697,0.6551,1,0.4681,True,0.3411,0.7936,0.3137,0.6309,moderate_friction,synthetic_bootstrap
syn_02944,bootstrap_user_04,deep_work,deep_work_004,1995.8,1.915,0.0654,0.2408,0.0604,300.5,0.1508,0.8202,0.7025,2,0.2429,True,0.192,0.6626,0.3294,0.5914,focused_or_low_friction,synthetic_bootstrap
syn_02945,bootstrap_user_05,repetitive_admin,repetitive_admin_005,329.9,5.228,0.1184,0.7323,0.1337,266.3,0.0344,0.7657,0.1324,7,1.0,True,0.2331,0.7714,0.6978,0.9616,automation_candidate,synthetic_bootstrap
syn_02946,bootstrap_user_06,support_lookup,support_lookup_006,216.8,6.272,0.1041,0.7459,0.0845,439.2,0.0762,0.8634,0.5172,8,0.7963,True,0.2953,0.6047,0.6162,0.887,focused_or_low_friction,synthetic_bootstrap
syn_02947,bootstrap_user_07,repetitive_admin,repetitive_admin_007,262.1,2.981,0.0445,0.5033,0.0272,308.0,0.0676,0.6667,0.1934,10,0.8829,True,0.1846,0.7379,0.5871,0.9475,focused_or_low_friction,synthetic_bootstrap
syn_02948,bootstrap_user_08,coding_debugging,coding_debugging_008,1435.9,1.402,0.2443,0.069,0.1693,1107.4,0.1084,0.5408,0.6711,5,0.328,True,0.4141,0.6749,0.3236,0.684,moderate_friction,synthetic_bootstrap
syn_02949,bootstrap_user_09,research_browsing,research_browsing_009,650.3,1.786,0.2858,0.3394,0.1383,504.9,0.1694,0.5237,0.7335,1,0.2303,True,0.3347,0.5488,0.2522,0.5621,moderate_friction,synthetic_bootstrap
syn_02950,bootstrap_user_10,research_browsing,research_browsing_010,1642.9,1.95,0.137,0.2361,0.0637,550.4,0.1121,0.5456,0.7657,0,0.2793,True,0.3244,0.6183,0.3043,0.5479,moderate_friction,synthetic_bootstrap
syn_02951,bootstrap_user_11,deep_work,deep_work_011,2113.7,0.421,0.1429,0.163,0.0744,736.3,0.0,0.7259,0.7442,2,0.5476,True,0.2414,0.7868,0.3609,0.6626,focused_or_low_friction,synthetic_bootstrap
syn_02952,bootstrap_user_12,coding_debugging,coding_debugging_012,1070.7,2.965,0.2541,0.3411,0.2172,758.8,0.1096,0.7944,0.8033,3,0.5096,True,0.3446,0.606,0.4465,0.6685,moderate_friction,synthetic_bootstrap
syn_02953,bootstrap_user_01,deep_work,deep_work_013,1785.8,0.641,0.0407,0.1963,0.1156,278.0,0.0358,0.9713,0.7661,2,0.4227,True,0.1235,0.8235,0.3583,0.6288,focused_or_low_friction,synthetic_bootstrap
syn_02954,bootstrap_user_02,research_browsing,research_browsing_014,643.3,1.878,0.1098,0.2482,0.095,448.4,0.0989,0.5042,0.6852,3,0.2821,True,0.2052,0.6582,0.2756,0.6258,focused_or_low_friction,synthetic_bootstrap
syn_02955,bootstrap_user_03,support_lookup,support_lookup_015,504.5,2.225,0.3237,0.6174,0.1009,626.1,0.0319,0.7385,0.4544,7,0.815,True,0.3428,0.7414,0.6022,0.8767,moderate_friction,synthetic_bootstrap
syn_02956,bootstrap_user_04,repetitive_admin,repetitive_admin_016,339.3,2.468,0.1508,0.5989,0.0819,467.6,0.1073,0.7975,0.133,3,0.9981,True,0.1602,0.7348,0.5821,0.8711,focused_or_low_friction,synthetic_bootstrap
syn_02957,bootstrap_user_05,deep_work,deep_work_017,1856.4,1.091,0.0783,0.0618,0.0006,299.8,0.0849,0.7253,0.7783,0,0.1518,True,0.1997,0.7426,0.1672,0.5145,focused_or_low_friction,synthetic_bootstrap
syn_02958,bootstrap_user_06,deep_work,deep_work_018,2511.8,0.883,0.0489,0.2045,0.1578,147.8,0.0628,0.7764,0.7426,3,0.3588,True,0.2031,0.753,0.2897,0.6381,focused_or_low_friction,synthetic_bootstrap
syn_02959,bootstrap_user_07,repetitive_admin,repetitive_admin_019,497.6,4.186,0.1844,0.5813,0.1043,579.3,0.1259,0.7831,0.3784,4,0.7701,True,0.2519,0.6496,0.5802,0.8071,focused_or_low_friction,synthetic_bootstrap
syn_02960,bootstrap_user_08,research_browsing,research_browsing_020,1706.3,3.777,0.2155,0.1472,0.2077,921.4,0.1523,0.5833,0.7533,3,0.2632,True,0.4396,0.5407,0.3784,0.6129,moderate_friction,synthetic_bootstrap
syn_02961,bootstrap_user_09,coding_debugging,coding_debugging_021,506.0,2.261,0.5152,0.3297,0.2803,987.7,0.0976,0.7713,0.8021,1,0.4534,True,0.3829,0.6312,0.3396,0.6096,moderate_friction,synthetic_bootstrap
syn_02962,bootstrap_user_10,research_browsing,research_browsing_022,1559.5,2.207,0.1789,0.1597,0.1048,594.8,0.1651,0.4648,0.6612,4,0.2019,False,0.3625,0.548,0.3265,0.6311,moderate_friction,synthetic_bootstrap
syn_02963,bootstrap_user_11,deep_work,deep_work_023,1659.0,0.96,0.0416,0.1359,0.0881,648.3,0.0636,0.7419,0.6255,2,0.1374,True,0.1955,0.7757,0.2745,0.5743,focused_or_low_friction,synthetic_bootstrap
syn_02964,bootstrap_user_12,support_lookup,support_lookup_024,193.3,3.001,0.124,0.4242,0.1274,490.7,0.014,0.5983,0.4317,10,0.6616,True,0.2047,0.7191,0.5566,0.8636,focused_or_low_friction,synthetic_bootstrap
syn_02965,bootstrap_user_01,repetitive_admin,repetitive_admin_025,263.9,4.724,0.0801,0.6848,0.0278,546.1,0.0842,0.6806,0.2725,11,0.8223,True,0.2268,0.6707,0.6228,0.9229,focused_or_low_friction,synthetic_bootstrap
syn_02966,bootstrap_user_02,support_lookup,support_lookup_026,130.6,5.006,0.1988,0.726,0.0819,224.6,0.0451,0.8638,0.2539,6,0.5486,True,0.1822,0.7407,0.5178,0.8117,focused_or_low_friction,synthetic_bootstrap
syn_02967,bootstrap_user_03,repetitive_admin,repetitive_admin_027,192.2,2.536,0.1078,0.6005,0.046,510.7,0.0313,0.7796,0.2623,3,0.8334,True,0.2083,0.7936,0.4912,0.8144,focused_or_low_friction,synthetic_bootstrap
syn_02968,bootstrap_user_04,repetitive_admin,repetitive_admin_028,556.4,4.461,0.0811,0.7013,0.1245,446.5,0.081,0.8454,0.3354,9,0.8063,True,0.2615,0.7356,0.6777,0.9113,focused_or_low_friction,synthetic_bootstrap
syn_02969,bootstrap_user_05,support_lookup,support_lookup_029,278.6,3.107,0.2764,0.5202,0.0958,755.7,0.0866,0.575,0.2413,6,0.7324,True,0.3013,0.6324,0.5415,0.8591,moderate_friction,synthetic_bootstrap
syn_02970,bootstrap_user_06,repetitive_admin,repetitive_admin_030,546.2,4.61,0.1412,0.6662,0.1209,288.8,0.0102,0.7267,0.3211,5,0.7762,True,0.268,0.7475,0.6648,0.838,focused_or_low_friction,synthetic_bootstrap
syn_02971,bootstrap_user_07,support_lookup,support_lookup_031,246.4,5.201,0.0641,0.6963,0.0869,518.3,0.1106,0.6228,0.2161,3,0.8073,True,0.283,0.6165,0.6029,0.8134,focused_or_low_friction,synthetic_bootstrap
syn_02972,bootstrap_user_08,coding_debugging,coding_debugging_032,1759.0,2.317,0.1127,0.3984,0.4137,806.7,0.1599,0.5556,0.624,3,0.2026,True,0.4428,0.5997,0.3627,0.6133,high_friction,synthetic_bootstrap
syn_02973,bootstrap_user_09,deep_work,deep_work_033,1595.5,0.198,0.0556,0.1022,0.1396,421.8,0.0703,0.7886,0.5079,1,0.4079,True,0.1724,0.8208,0.365,0.6335,focused_or_low_friction,synthetic_bootstrap
syn_02974,bootstrap_user_10,research_browsing,research_browsing_034,785.6,3.258,0.2512,0.1544,0.0684,759.7,0.1301,0.4536,0.6562,1,0.2192,True,0.3096,0.556,0.2368,0.5686,moderate_friction,synthetic_bootstrap
syn_02975,bootstrap_user_11,support_lookup,support_lookup_035,104.9,3.377,0.16,0.5134,0.1171,213.8,0.0535,0.6397,0.2007,7,0.5731,True,0.2141,0.6981,0.4961,0.8467,focused_or_low_friction,synthetic_bootstrap
syn_02976,bootstrap_user_12,coding_debugging,coding_debugging_036,575.3,1.669,0.4347,0.1773,0.4614,700.6,0.0958,0.7026,0.7744,3,0.3551,True,0.3172,0.6698,0.3555,0.6334,moderate_friction,synthetic_bootstrap
syn_02977,bootstrap_user_01,coding_debugging,coding_debugging_037,1158.3,0.604,0.195,0.1578,0.2444,550.0,0.126,0.6372,0.878,2,0.448,False,0.3321,0.6178,0.3386,0.6216,moderate_friction,synthetic_bootstrap
syn_02978,bootstrap_user_02,coding_debugging,coding_debugging_038,1166.0,2.473,0.2866,0.4113,0.2109,533.0,0.059,0.5781,0.7493,2,0.5609,True,0.3289,0.6283,0.4892,0.6653,moderate_friction,synthetic_bootstrap
syn_02979,bootstrap_user_03,coding_debugging,coding_debugging_039,1078.6,3.673,0.2116,0.3231,0.2437,1253.0,0.156,0.7034,0.6475,5,0.7053,True,0.4159,0.5922,0.4712,0.7811,moderate_friction,synthetic_bootstrap
syn_02980,bootstrap_user_04,research_browsing,research_browsing_040,1922.9,4.126,0.1693,0.0046,0.1167,400.6,0.0306,0.6245,0.9054,2,0.4422,True,0.3033,0.6237,0.3412,0.6169,moderate_friction,synthetic_bootstrap
syn_02981,bootstrap_user_05,coding_debugging,coding_debugging_041,847.0,2.937,0.2349,0.3121,0.3429,715.4,0.1347,0.3724,0.6114,2,0.5842,True,0.4374,0.529,0.4391,0.6877,moderate_friction,synthetic_bootstrap
syn_02982,bootstrap_user_06,repetitive_admin,repetitive_admin_042,467.6,3.448,0.1141,0.6455,0.0701,506.7,0.0294,0.5457,0.3266,14,0.7759,True,0.2764,0.7102,0.6546,0.9048,focused_or_low_friction,synthetic_bootstrap
syn_02983,bootstrap_user_07,deep_work,deep_work_043,1426.2,0.876,0.0709,0.2384,0.1325,171.8,0.0232,0.8691,0.6285,1,0.4156,True,0.0877,0.7833,0.3396,0.621,focused_or_low_friction,synthetic_bootstrap
syn_02984,bootstrap_user_08,coding_debugging,coding_debugging_044,715.3,2.26,0.2703,0.1425,0.5087,784.4,0.0713,0.6212,0.773,2,0.7448,True,0.3235,0.6227,0.4042,0.7085,moderate_friction,synthetic_bootstrap
syn_02985,bootstrap_user_09,deep_work,deep_work_045,2036.5,0.651,0.1035,0.1865,0.072,526.9,0.0721,0.7873,0.6301,2,0.4961,True,0.185,0.7711,0.4001,0.6634,focused_or_low_friction,synthetic_bootstrap
syn_02986,bootstrap_user_10,repetitive_admin,repetitive_admin_046,484.8,2.387,0.0646,0.8382,0.0675,220.0,0.0804,0.7677,0.1606,3,0.6866,True,0.1892,0.8024,0.5813,0.7899,focused_or_low_friction,synthetic_bootstrap
syn_02987,bootstrap_user_11,deep_work,deep_work_047,1147.6,0.672,0.1515,0.109,0.1284,566.2,0.1104,0.8545,0.7557,0,0.5318,True,0.2077,0.7171,0.2926,0.6123,focused_or_low_friction,synthetic_bootstrap
syn_02988,bootstrap_user_12,support_lookup,support_lookup_048,162.5,4.96,0.2441,0.6066,0.0955,750.7,0.0473,0.6558,0.3376,14,0.706,True,0.249,0.659,0.611,0.886,focused_or_low_friction,synthetic_bootstrap
syn_02989,bootstrap_user_01,deep_work,deep_work_049,1734.5,0.677,0.075,0.0949,0.1544,269.9,0.1098,0.8742,0.5852,1,0.3497,True,0.1535,0.8285,0.3141,0.6097,focused_or_low_friction,synthetic_bootstrap
syn_02990,bootstrap_user_02,coding_debugging,coding_debugging_050,1254.6,2.996,0.091,0.3572,0.1677,1006.1,0.0704,0.5221,0.8973,2,0.2057,True,0.3427,0.6458,0.3424,0.5587,moderate_friction,synthetic_bootstrap
syn_02991,bootstrap_user_03,coding_debugging,coding_debugging_051,526.8,2.939,0.3373,0.0277,0.2937,857.7,0.112,0.5897,0.7945,3,0.4244,True,0.3748,0.5681,0.2593,0.6483,moderate_friction,synthetic_bootstrap
syn_02992,bootstrap_user_04,research_browsing,research_browsing_052,788.1,2.89,0.1428,0.1673,0.1665,604.4,0.1169,0.5526,0.9045,4,0.2437,True,0.3554,0.5518,0.3403,0.6124,moderate_friction,synthetic_bootstrap
syn_02993,bootstrap_user_05,repetitive_admin,repetitive_admin_053,158.9,3.23,0.1116,0.5152,0.1236,399.2,0.0222,0.7696,0.3704,1,0.6081,True,0.1652,0.8071,0.3813,0.7001,focused_or_low_friction,synthetic_bootstrap
syn_02994,bootstrap_user_06,support_lookup,support_lookup_054,290.9,4.076,0.0563,0.624,0.0437,272.5,0.0271,0.5415,0.3368,5,0.8184,True,0.2324,0.7127,0.5545,0.8467,focused_or_low_friction,synthetic_bootstrap
syn_02995,bootstrap_user_07,support_lookup,support_lookup_055,284.9,4.488,0.1008,0.6232,0.0843,756.6,0.0633,0.6679,0.2191,5,0.8159,True,0.2889,0.6763,0.5435,0.8602,focused_or_low_friction,synthetic_bootstrap
syn_02996,bootstrap_user_08,support_lookup,support_lookup_056,232.5,5.742,0.0287,0.4843,0.0151,578.6,0.0956,0.6961,0.4235,3,0.8269,True,0.2728,0.6379,0.4787,0.7934,focused_or_low_friction,synthetic_bootstrap
syn_02997,bootstrap_user_09,coding_debugging,coding_debugging_057,1469.1,2.053,0.3101,0.4291,0.3497,585.2,0.076,0.706,0.8243,2,0.2062,True,0.3745,0.6707,0.3933,0.5676,moderate_friction,synthetic_bootstrap
syn_02998,bootstrap_user_10,repetitive_admin,repetitive_admin_058,115.2,4.071,0.2056,0.4328,0.0798,478.5,0.0077,0.6951,0.336,6,0.8309,True,0.1927,0.7313,0.508,0.8724,focused_or_low_friction,synthetic_bootstrap
syn_02999,bootstrap_user_11,research_browsing,research_browsing_059,1824.5,3.438,0.3425,0.2136,0.1924,664.5,0.1226,0.6284,0.7498,1,0.192,True,0.457,0.6057,0.2984,0.5505,high_friction,synthetic_bootstrap
syn_03000,bootstrap_user_12,deep_work,deep_work_060,1589.7,0.0,0.0303,0.0853,0.068,347.5,0.0886,0.882,0.6072,3,0.3915,True,0.1141,0.8092,0.3293,0.6625,focused_or_low_friction,synthetic_bootstrap
